disclosure_date,code,company_name,title
2026-08-03,130A0,Ｇ－ＶＩＳ,lncRNA標的核酸医薬品に関する特許共同出願のお知らせ
2026-08-03,13264,Ｅ－ワールド,SPDRゴールド・シェアに関する日々の開示事項
2026-08-03,13294,Ｅ－ブラックロック,上場ETF（管理会社：ブラックロック・ジャパン）に関する日々の開示事項
2026-08-03,13494,Ｅ－ＳＳＧＡ－ＳＩＮ,アジア国債・公債ＥＴＦ（正式名称：ＡＢＦ汎アジア債券インデックス・ファンド）に関する日々の開示事項
2026-08-03,14470,Ｇ－ＳＡＡＦＨＤ,買収への対応方針に基づく共同協調行為の追加認定並びに新株予約権の無償割当て及び臨時株主総会における意思確認に関するお知らせ
2026-08-03,150A0,Ｇ－ＪＳＨ,資本金及び資本準備金の額の減少並びに剰余金の処分の効力発生に関するお知らせ
2026-08-03,15140,住石ＨＤ,自己株式立会外買付取引(ToSTNeT-3)による自己株式の取得結果に関するお知らせ
2026-08-03,15150,日鉄鉱,自己株式の取得状況に関するお知らせ
2026-08-03,15574,Ｅ－ＳＳＧＡＴＣ,State Street SPDR S&P500 ETFに関する日々の開示事項
2026-08-03,157A0,Ｇ－Ｇモンスター,第三者委員会調査報告書の受領及び当社の対応について
2026-08-03,16714,Ｅ－シンプレクス,上場ＥＴＦ(管理会社：シンプレクス・アセット・マネジメント)に関する日々の開示事項
2026-08-03,16724,Ｅ－ＷｉｓｄｏｍＴｒ,上場ETF（管理会社：WisdomTree、外国投資法人：MSL）に関する日々の開示事項
2026-08-03,16724,Ｅ－ＷｉｓｄｏｍＴｒ,上場ETF（管理会社：WisdomTree、外国投資法人：CSL）に関する日々の開示事項
2026-08-03,17870,ナカボーテック,2027年3月期 第1四半期決算短信〔日本基準〕（非連結）
2026-08-03,17870,ナカボーテック,資本業務提携契約の締結、資本技術提携の解消、自己株式の取得並びに主要株主、主要株主である筆頭株主及びその他の関係会社の異動に関するお知らせ
2026-08-03,17870,ナカボーテック,自己株式の取得及び自己株式立会外買付取引（ＴｏＳＴＮｅＴ－３）による自己株式の買付けに関するお知らせ
2026-08-03,184A0,Ｇ－学びエイド,（訂正）「支配株主等に関する事項について」の一部訂正について
2026-08-03,18820,東亜道,2027年３月期 第１四半期決算短信〔日本基準〕(連結)
2026-08-03,189A0,Ｇ－Ｄ＆Ｍカンパニー,譲渡制限付株式報酬制度の導入に関するお知らせ
2026-08-03,190A0,Ｇ－Ｃｈｏｒｄｉａ,第９回新株予約権（行使価額修正条項付）の月間行使状況に関するお知らせ
2026-08-03,19500,日本電設,自己株式立会外買付取引（ToSTNeT-3）による自己株式の取得結果及び取得終了並びに自己株式の消却に関するお知らせ
2026-08-03,19510,エクシオグループ,自己株式の取得状況に関するお知らせ
2026-08-03,19670,ヤマト,業績予想の修正に関するお知らせ
2026-08-03,19670,ヤマト,2027年３月期第１四半期決算短信〔日本基準〕(連結)
2026-08-03,19670,ヤマト,2027年3月期第１四半期決算補足説明資料
2026-08-03,20030,日東富士,2027年３月期第１四半期決算短信〔日本基準〕(連結)
2026-08-03,20704,Ｎ－三菱ＵＦＪ証ＨＤ,上場ETN（発行者：三菱UFJ証券ホールディングス株式会社）に関する日々の開示事項
2026-08-03,212A0,フィットイージー,2026年10月期 ７月度 主要KPI（会員数及び店舗数）についてのお知らせ
2026-08-03,21340,キタハマキャピタル,（訂正）「アゼルバイジャン共和国の現地法人に対する資金の貸付に関するお知らせ」の一部訂正について
2026-08-03,21480,ＩＴＭ,2027年３月期 第１四半期決算短信〔ＩＦＲＳ〕（連結）
2026-08-03,21480,ＩＴＭ,2027年３月期 第１四半期 決算補足説明資料
2026-08-03,215A0,Ｇ－タイミー,（開示事項の経過）子会社設立に関するお知らせ
2026-08-03,215A0,Ｇ－タイミー,（開示事項の経過）完全子会社への会社分割（簡易吸収分割）に関するお知らせ
2026-08-03,21640,地域新聞社,第11回新株予約権（行使価額修正条項付）の月間行使状況に関するお知らせ
2026-08-03,21700,ＬＩＮＫ＆Ｍ,自己株式の取得状況（途中経過）に関するお知らせ
2026-08-03,218A0,Ｇ－リベラウェア,災害対応・重要インフラ・安全保障領域に対応する国産無人機プラットフォーム構築に向けた国内子会社設立に関するお知らせ
2026-08-03,218A0,Ｇ－リベラウェア,従業員に対するストック・オプション（第６回新株予約権）の発行に関するお知らせ
2026-08-03,218A0,Ｇ－リベラウェア,業績目標及び株価条件付ストック・オプション（第5回新株予約権）の発行並びに第4回新株予約権の放棄に関するお知らせ
2026-08-03,22160,カンロ,自己株式立会外買付取引（ToSTNeT-3）による自己株式の取得結果及び自己株式取得終了並びに自己株式の消却に関するお知らせ
2026-08-03,22220,寿スピリッツ,配当方針の一部変更（中間配当の実施）及び配当予想の修正に関するお知らせ
2026-08-03,22220,寿スピリッツ,2027年3月期第1四半期決算説明補足資料
2026-08-03,22220,寿スピリッツ,2027年３月期 第1四半期決算短信補足説明資料
2026-08-03,22220,寿スピリッツ,2027年３月期 第１四半期決算短信〔日本基準〕（連結）
2026-08-03,22220,寿スピリッツ,2027年3月期 第1四半期決算説明資料
2026-08-03,22810,プリマハム,2027年３月期第１四半期決算短信〔日本基準〕(連結)
2026-08-03,22820,日ハム,2027年３月期第１四半期決算短信〔ＩＦＲＳ〕（連結）
2026-08-03,22820,日ハム,決算説明会資料～2027年3月期 第1四半期～
2026-08-03,22820,日ハム,自己株式の取得状況に関するお知らせ
2026-08-03,22960,伊藤ハム米久ＨＤ,2027年3月期 第1四半期決算短信〔日本基準〕(連結)
2026-08-03,22960,伊藤ハム米久ＨＤ,2027年3月期 Q1（4-6月）決算説明資料
2026-08-03,23010,学情,自己株式の取得状況に関するお知らせ
2026-08-03,23260,デジアーツ,自己株式の取得状況に関するお知らせ
2026-08-03,23310,ＡＬＳＯＫ,自己株式の取得状況に関するお知らせ
2026-08-03,23380,クオンタムＳ,第三者割当による第13回新株予約権（行使価額修正条項付）の月間行使状況に関するお知らせ
2026-08-03,23530,日駐,自己株式の取得状況に関するお知らせ
2026-08-03,23700,Ｇ－ＭＤＮＴ,第三者割当による第20回新株予約権（行使価額修正条項付）の月間行使状況に関するお知らせ
2026-08-03,23710,カカクコム,（変更）「Kamgras １株式会社による当社株券等に対する公開買付けに関する賛同の意見表明及び応募推奨のお知らせ」の一部変更に関するお知らせ
2026-08-03,23880,Ｇ－ウェッジＨＤ,子会社株式の取得及び売却に係る会計処理の変更並びに開示内容の一部訂正に関するお知らせ
2026-08-03,24110,ゲンダイＡＧ,自己株式の取得状況に関するお知らせ
2026-08-03,24130,エムスリー,自己株式の取得状況に関するお知らせ (会社法第459条第1項の規定による定款の定めに基づく自己株式の取得)
2026-08-03,24320,ディーエヌエー,内部統制システムに関する基本方針の一部改定に関するお知らせ
2026-08-03,24360,共同ＰＲ,自己株式の取得状況及び取得終了に関するお知らせ （会社法459 条第１項の規定による定款の定めに基づく自己株式の取得）
2026-08-03,24400,ぐるなび,2027年3月期第1四半期決算短信〔日本基準〕（連結）
2026-08-03,24400,ぐるなび,2027年3月期 第1四半期決算説明会資料
2026-08-03,24770,手間いらず,自己株式の取得状況に関するお知らせ
2026-08-03,24970,Ｇ－ＵＮＩＴＥＤ,2027年３月期第１四半期決算短信〔日本基準〕(連結)
2026-08-03,24970,Ｇ－ＵＮＩＴＥＤ,2027年３月期第１四半期決算説明資料
2026-08-03,25510,マルサンアイ,2026年９月期第３四半期決算短信〔日本基準〕(連結)
2026-08-03,25860,Ｇ－フルッタフルッタ,第三者割当による第14回新株予約権（行使価額修正条項付）の月間行使状況に関するお知らせ
2026-08-03,26120,かどや製油,2027年３月期 第１四半期決算短信〔日本基準〕（連結）
2026-08-03,26120,かどや製油,2027年３月期 第１四半期決算補足説明資料
2026-08-03,26130,Ｊオイル,監査役の辞任に関するお知らせ
2026-08-03,26590,サンエー,自己株式の取得状況に関するお知らせ
2026-08-03,26640,カワチ薬品,自己株式取得に係る事項の決定に関するお知らせ
2026-08-03,26780,アスクル,その他の関係会社の決算に関するお知らせ
2026-08-03,27210,ＪＨＤ,第三者割当により発行された第10回新株予約権（行使価額修正条項付）の月間行使状況に関するお知らせ
2026-08-03,27260,パルグループＨＤ,（開示事項の経過）自己株式の取得状況に関するお知らせ
2026-08-03,27620,ＳＡＮＫＯ ＭＦ,第三者割当により発行された第３回無担保転換社債型新株予約権付社債及び第８回新株予約権の月間転換・行使状況に関するお知らせ
2026-08-03,278A0,Ｇ－テラドローン,第18回新株予約権乃至第22回新株予約権（行使価額修正条項付）の月間行使状況に関するお知らせ
2026-08-03,28090,キユーピー,自己株式の取得状況(途中経過)に関するお知らせ
2026-08-03,28160,ダイショー,2027年３月期 第１四半期決算短信〔日本基準〕(非連結)
2026-08-03,281A0,Ｇ－インフォメティス,第三者割当によるインフォメティス株式会社 第10回新株予約権（行使価額修正条項付）の月間行使状況に関するお知らせ
2026-08-03,285A0,キオクシアＨＤ,当社子会社に対する訴訟の判決に関するお知らせ
2026-08-03,286A0,Ｇ－ユカリア,自己株式の取得状況に関するお知らせ
2026-08-03,28750,東洋水産,自己株式の取得状況に関するお知らせ
2026-08-03,28820,イートアンドＨＤ,第三者割当により発行される第９回新株予約権の払込完了に関するお知らせ
2026-08-03,29020,太陽化,2027年3月期 第1四半期決算短信[日本基準](連結)
2026-08-03,29070,あじかん,業績予想の修正に関するお知らせ
2026-08-03,29070,あじかん,2027年3月期第1四半期決算短信〔日本基準〕（連結）
2026-08-03,29240,イフジ産業,2027年３月期 第１四半期決算短信〔日本基準〕（連結）
2026-08-03,29340,Ｇ－Ｊフロンティア,楽天グループ株式会社との包括的業務提携に向けた基本合意に関するお知らせ
2026-08-03,30030,ヒューリック,株式会社ナカボーテック（証券コード：1787）株式の買集め行為に該当する株式取得についてのお知らせ
2026-08-03,30660,ＪＢイレブン,第三者割当による第７回新株予約権及び第８回新株予約権 （行使価額修正型新株予約権への転換権付）の月間行使状況に関するお知らせ
2026-08-03,30760,あいＨＤ,従業員持株会を通じた譲渡制限付株式付与のための第三者割当による自己株式の処分の払込完了及び一部失権に関するお知らせ
2026-08-03,30990,ミツコシイセタン,自己株式の取得状況（途中経過）に関するお知らせ
2026-08-03,31060,クラボウ,自己株式の取得状況に関するお知らせ
2026-08-03,31070,ダイワボＨＤ,自己株式の取得状況に関するお知らせ
2026-08-03,31210,マーチャント,自己株式取得に係る事項の進捗状況に関するお知らせ
2026-08-03,31510,バイタルＫＳＫ,自己株式の取得状況に関するお知らせ
2026-08-03,31570,ジオリーブグループ,従業員向けインセンティブ・プランの導入に関するお知らせ
2026-08-03,31570,ジオリーブグループ,従業員向けインセンティブ・プランに係る自己株式の処分に関するお知らせ
2026-08-03,31570,ジオリーブグループ,2027年３月期 第１四半期決算短信〔日本基準〕(連結)
2026-08-03,31740,ハピネス＆Ｄ,第三者割当により発行された第14回新株予約権（行使価額修正条項付）の月間行使状況に関するお知らせ
2026-08-03,31760,三洋貿易,自己株式取得に係る事項の決定および自己株式消却に係る事項の決定に関するお知らせ
2026-08-03,31760,三洋貿易,配当予想の修正（80周年記念配当）に関するお知らせ
2026-08-03,31760,三洋貿易,株主優待制度の導入に関するお知らせ
2026-08-03,31820,オイシックス,業績予想の修正及び配当予想の修正（増配）に関するお知らせ
2026-08-03,31890,ＡＮＡＰ,第三者割当により発行された第９回新株予約権（行使価額修正条項付）の 月間行使状況に関するお知らせ
2026-08-03,31910,ジョイフル本田,「内部統制システムの基本方針」の一部改定に関するお知らせ
2026-08-03,31910,ジョイフル本田,当社取締役会の実効性に関する自己評価結果（概要）に関するお知らせ
2026-08-03,31910,ジョイフル本田,剰余金の配当（増配）および次期配当予想に関するお知らせ
2026-08-03,31910,ジョイフル本田,2026年6月期 決算説明会資料
2026-08-03,31910,ジョイフル本田,2026年6月期 決算短信〔日本基準〕（連結）
2026-08-03,32020,ダイトウボウ,2027年３月期 第１四半期決算短信〔日本基準〕(連結)
2026-08-03,32760,ＪＰＭＣ,ＭＢＯの実施及び応募の推奨に関するお知らせ
2026-08-03,32760,ＪＰＭＣ,株式会社Amsterdam1及び株式会社Amsterdam2による株式会社ＪＰＭＣ（証券コード：3276）の普通株式に対する公開買付けの開始に関するお知らせ
2026-08-03,32760,ＪＰＭＣ,2026年12月期の中間配当及び期末配当予想の修正（無配）に関するお知らせ
2026-08-03,32760,ＪＰＭＣ,2026年12月期 第２四半期（中間期）決算速報値（連結）に関するお知らせ
2026-08-03,32760,ＪＰＭＣ,（変更）「譲渡制限付株式としての自己株式の処分に関するお知らせ」の一部変更に関するお知らせ
2026-08-03,32810,Ｒ－ＧＬＰ,自己投資口の取得状況に関するお知らせ
2026-08-03,32830,Ｒ－プロロジ,国内不動産信託受益権の取得及び譲渡完了に関するお知らせ
2026-08-03,32880,オープンハウスＧ,自己株式の取得状況に関するお知らせ
2026-08-03,33290,東和フード,2026年7月度売上高速報（前期対比）
2026-08-03,33330,あさひ,2026年7月度 月次営業速報に関するお知らせ
2026-08-03,33490,コスモス薬品,役員人事に関するお知らせ
2026-08-03,33500,メタプラネット,自己株式の取得状況に関するお知らせ
2026-08-03,33500,メタプラネット,第三者割当により発行された第27回新株予約権（行使価額修正条項、mNAV条項、下限行使価額修正条項及び行使停止条項付）の月間行使状況に関するお知らせ
2026-08-03,33550,クリヤマＨＤ,2026年12月期第２四半期（中間期）連結業績予想の修正に関するお知らせ
2026-08-03,33710,ソフトクリエＨＤ,2027年３月期 第１四半期決算短信〔日本基準〕（連結）
2026-08-03,33820,７＆ｉＨＤ,自己株式立会外買付取引（ToSTNeT-3）による自己株式の取得結果及び取得終了に関するお知らせ
2026-08-03,33820,７＆ｉＨＤ,（開示事項の経過）自己株式立会外買付取引（ToSTNeT-3）による自己株式の買付け並びに第三者割当による新株予約権の発行に関するお知らせ
2026-08-03,34070,旭化成,自己株式の取得状況に関するお知らせ
2026-08-03,34430,川田ＴＥＣＨ,自己株式の取得状況に関するお知らせ
2026-08-03,34760,Ｒ－投資法人みらい,国内不動産信託受益権の取得に関するお知らせ（ランドーホテル京都スイーツ）
2026-08-03,34760,Ｒ－投資法人みらい,資金の借入に関するお知らせ
2026-08-03,34760,Ｒ－投資法人みらい,本日公表のプレスリリースに関する補足説明資料
2026-08-03,34790,Ｇ－ＴＫＰ,自己株式の取得状況に関するお知らせ
2026-08-03,35290,アツギ,連結子会社における人員削減実施および特別損失の計上見込みに関するお知らせ
2026-08-03,35510,ダイニック,自己株式の取得状況（途中経過）に関するお知らせ
2026-08-03,35560,Ｇ－リネットジャパン,第25回新株予約権（行使価額修正条項付）の月間行使状況に関するお知らせ
2026-08-03,35570,Ｇ－Ｕ＆Ｃ,2026年７月度 月次報告
2026-08-03,35690,セーレン,自己株式取得状況に関するお知らせ
2026-08-03,35690,セーレン,2027年３月期 第１四半期決算短信〔日本基準〕(連結)
2026-08-03,35800,小松マテーレ,自己株式の取得状況に関するお知らせ
2026-08-03,36410,パピレス,自己株式の取得状況に関するお知らせ
2026-08-03,36590,ネクソン,自己株式の取得状況および取得終了に関するお知らせ(会社法第165条第2項の規定による定款の定めに基づく自己株式の取得)
2026-08-03,36640,Ｇ－ＷＩＺＥ,第三者割当により発行された第39回新株予約権（行使価額修正条項付）の月間行使状況に関するお知らせ
2026-08-03,36670,ｅｎｉｓｈ,第三者割当により発行された第22回新株予約権（行使価額修正条項付）の月間行使状況に関するお知らせ
2026-08-03,36730,ブロドリーフ,第２四半期（中間期）連結業績予想の修正に関するお知らせ
2026-08-03,372A0,レント,2026年５月期 決算説明会における質疑応答集
2026-08-03,372A0,レント,2026年５月期 決算説明会資料
2026-08-03,37580,アエリア,自己株式の取得状況に関するお知らせ
2026-08-03,37630,プロシップ,譲渡制限付株式報酬としての自己株式処分の払込完了及び一部失権に関するお知らせ
2026-08-03,37720,ウェルス,不動産STOの組成にともなう不動産信託受益権の譲渡ならびにAM契約に関するお知らせ
2026-08-03,37730,Ｇ－ＡＭＩ,自己株式の取得状況に関するお知らせ
2026-08-03,37750,ガイアックス,自己株式の取得状況に関するお知らせ
2026-08-03,37790,Ｊ・エスコムＨＤ,K-POP関連事業における基本合意書の締結及び連結子会社における共同事業契約締結のお知らせ
2026-08-03,38230,ＷＨＹ ＨＯＷ ＤＯ,第三者割当による第16回新株予約権(行使価額修正条項付)の月間行使状況に関するお知らせ
2026-08-03,39050,Ｇ－データセクション,訴訟提起に関するお知らせ
2026-08-03,39080,コラボス,2027年３月期 第１四半期決算短信〔日本基準〕（非連結）
2026-08-03,39110,Ｇ－Ａｉｍｉｎｇ,（訂正）「2026年12月期 第２四半期（中間期）決算短信〔日本基準〕(連結)」の一部訂正のお知らせ
2026-08-03,39140,Ｇ－ＪＩＧ－ＳＡＷ,2026年12月期 第２四半期（中間期）決算短信〔日本基準〕(連結)
2026-08-03,39350,エディア,自己株式の取得状況に関するお知らせ
2026-08-03,39510,朝日印刷,自己株式の取得状況に関するお知らせ
2026-08-03,39700,イノベーション,第三者割当による第８回及び第９回新株予約権（行使価額修正条項付）の月間行使状況に関するお知らせ
2026-08-03,39790,Ｇ－うるる,自己株式の取得状況に関するお知らせ
2026-08-03,40050,住友化,株式交換により増加する「資本準備金」の額の減少および 「その他資本剰余金」への振替の額の確定に関するお知らせ
2026-08-03,40260,神島化学工業,譲渡制限付株式報酬としての自己株式処分の払込完了に関するお知らせ
2026-08-03,40460,大阪ソーダ,自己株式の取得状況に関するお知らせ
2026-08-03,40740,Ｇ－ラキール,自己株式の取得状況に関するお知らせ
2026-08-03,40780,堺化学,自己株式の取得状況に関するお知らせ（会社法第459条第1項の規定による定款の定めに基づく自己株式の取得）
2026-08-03,40880,エア・ウォーター,（開示事項の追加）「過年度の有価証券報告書等の訂正報告書の提出および過年度の決算短信等の訂正に関するお知らせ」の一部追加について
2026-08-03,40930,東邦アセチレン,譲渡制限付株式報酬としての自己株式の処分の払込完了に関するお知らせ
2026-08-03,40950,日パーカライ,自己株式の取得状況に関するお知らせ （会社法第165条第２項の規定による定款の定めに基づく自己株式の取得）
2026-08-03,41180,カネカ,自己株式の取得状況に関するお知らせ
2026-08-03,41510,協和キリン,2026年12月期 第２四半期（中間期）決算短信〔IFRS〕（連結）
2026-08-03,41510,協和キリン,決算短信補足資料 -2026年12月期 第2四半期（中間期）決算-
2026-08-03,42030,住友ベーク,2027年3月期 第1四半期決算短信〔IFRS〕（連結）
2026-08-03,42030,住友ベーク,2027年3月期 第1四半期決算説明資料
2026-08-03,42460,ＤＮＣ,自己株式の取得状況に関するお知らせ
2026-08-03,42640,Ｇ－セキュア,譲渡制限付株式報酬としての新株式の払込完了に関するお知らせ
2026-08-03,42720,日化薬,2027年３月期 第１四半期決算短信〔日本基準〕(連結)
2026-08-03,42720,日化薬,業績予想の修正に関するお知らせ
2026-08-03,42870,ジャストプラ,自己株式の取得状況に関するお知らせ
2026-08-03,43230,日本システム技術,自己株式の取得状況に関するお知らせ
2026-08-03,43880,エーアイ,自己株式取得状況に関するお知らせ
2026-08-03,43940,Ｇ－エクスモーション,人事異動に関するお知らせ
2026-08-03,43960,システムサポートＨＤ,配当予想の修正（増配）に関するお知らせ
2026-08-03,44450,Ｇ－リビンＴ,自己株式の取得状況に関するお知らせ
2026-08-03,45070,塩野義薬,2027年３月期第１四半期決算短信〔ＩＦＲＳ〕（連結）
2026-08-03,45070,塩野義薬,2027年3月期 第1四半期決算 補足資料
2026-08-03,45070,塩野義薬,2026年度第1四半期決算および HIV事業に関するアップデート説明資料
2026-08-03,45230,エーザイ,2027年3月期 第1四半期決算短信〔IFRS〕(連結)
2026-08-03,45230,エーザイ,2026年度（2027年3月期）第1四半期決算 参考資料
2026-08-03,45230,エーザイ,2026年度第1四半期 決算説明会
2026-08-03,45260,理研ビタミン,自己株式の取得状況に関するお知らせ
2026-08-03,45340,持田薬,2027年3月期 第1四半期決算短信〔日本基準〕（連結）
2026-08-03,45340,持田薬,自己株式の取得状況に関するお知らせ
2026-08-03,45440,ＨＵグループＨＤ,自己株式の取得状況に関するお知らせ
2026-08-03,45630,Ｇ－アンジェス,行使価額修正条項付新株予約権の月間行使状況に関するお知らせ
2026-08-03,45690,杏林製薬,アレルギー性結膜炎治療剤「アレジオン眼瞼クリーム0.5%」のプロモーション活動開始について
2026-08-03,45710,Ｇ－ＮＡＮＯ,第22回新株予約権（行使価額修正条項付）の月間行使状況に関するお知らせ
2026-08-03,45720,Ｇ－カルナバイオ,docirbrutinib（AS-1763）開発促進新株予約権（行使価額修正条項付）の月間行使状況に関するお知らせ
2026-08-03,45760,Ｇ－ＤＷＴＩ,第13回新株予約権（行使価額修正条項付）の月間行使状況に関するお知らせ
2026-08-03,45760,Ｇ－ＤＷＴＩ,財務上の特約が付された借入契約の変更に関するお知らせ
2026-08-03,45780,大塚ＨＤ,自己株式の取得状況に関するお知らせ
2026-08-03,45820,Ｇ－シンバイオ製薬,第三者割当により発行された第58回新株予約権及び第66回新株予約権（行使価額修正条項付）の 月間行使状況に関するお知らせ
2026-08-03,45830,Ｇ－カイオム,第23回新株予約権（行使価額修正条項付）の月間行使状況に関するお知らせ
2026-08-03,45860,Ｇ－メドレック,第三者割当により発行された第35回新株予約権（行使価額修正条項付）の月間行使状況に関するお知らせ
2026-08-03,45910,Ｇ－リボミック,軟骨無形成症治療薬（umedaptanib pegol）の国内第III相臨床試験：実施医療機関拡充（10施設）のお知らせ
2026-08-03,45940,Ｇ－ブライトパス,米国食品医薬品局(FDA)によるBP2202の治験申請(IND)受理のお知らせ
2026-08-03,45990,Ｇ－ステムリム,栄養障害型表皮水疱症の根治治療を目的とした幹細胞遺伝子治療技術（開発コード：SR-GT1）の特許登録（韓国）のお知らせ
2026-08-03,46420,オリジナル設,2026年12月期 第２四半期（中間期）決算短信〔日本基準〕（連結）
2026-08-03,46740,クレスコ,自己株式の取得状況に関するお知らせ（会社法第459条第1項の規定による当社定款の定めに基づく自己株式の取得）
2026-08-03,46840,オービック,自己株式の取得状況に関するお知らせ
2026-08-03,46890,ＬＩＮＥヤフー,2027年3月期第1四半期決算短信〔IFRS〕(連結)
2026-08-03,47090,ＩＤホールディングス,自己株式の取得状況に関するお知らせ（会社法第165条第２項の規定による定款の定めに基づく自己株式の取得）
2026-08-03,47180,早稲アカ,自己株式立会外買付取引（ToSTNeT-3）による自己株式の取得結果及び取得終了に関するお知らせ
2026-08-03,47360,日本ラッド,営業外収益の発生に関するお知らせ
2026-08-03,47360,日本ラッド,2027年３月期 第１四半期決算短信〔日本基準〕(連結)
2026-08-03,47460,東計電算,令和8年12月期第2四半期（中間期）決算短信〔日本基準〕（連結）
2026-08-03,47460,東計電算,剰余金の配当（中間配当）に関するお知らせ
2026-08-03,47460,東計電算,投資有価証券売却に伴う特別利益計上見込み及び通期業績予想の修正及び配当予想の修正（増配）に関するお知らせ
2026-08-03,47460,東計電算,株式分割及び定款の一部変更に関するお知らせ
2026-08-03,47680,大塚商会,2026年12月期 第2四半期（中間期）決算短信〔日本基準〕（連結）
2026-08-03,47680,大塚商会,業績予想の修正に関するお知らせ
2026-08-03,47680,大塚商会,剰余金の配当（中間配当）及び配当予想の修正に関するお知らせ
2026-08-03,47680,大塚商会,2026年12月期 第2四半期決算概要
2026-08-03,47680,大塚商会,2026年12月期 第2四半期決算説明補足資料
2026-08-03,47710,エフアンドエム,2027年3月期第1四半期決算説明資料
2026-08-03,48400,トライアイズ,第17回新株予約権（行使価額修正条項付）の月間行使状況に関するお知らせ
2026-08-03,485A0,Ｇ－パワーエックス,「Grid Connector」シリーズ発表に関するお知らせ
2026-08-03,485A0,Ｇ－パワーエックス,大規模蓄電所向け高容量蓄電システム「Mega Power 4000」シリーズ発表に関するお知らせ
2026-08-03,48830,Ｇ－モダリス,第三者割当により発行された第19回新株予約権（行使価額修正条項付）の月間行使状況に関するお知らせ
2026-08-03,48840,Ｇ－クリングル,第三者割当により発行された第16回新株予約権（行使価額修正条項付）の月間行使状況に関するお知らせ
2026-08-03,48910,Ｇ－ティムス,第10回新株予約権（行使価額修正条項付）の月間行使状況に関するお知らせ
2026-08-03,49280,ノエビアＨＤ,2026年9月期 第3四半期決算短信〔日本基準〕(連結)
2026-08-03,49350,リベルタ,第７回新株予約権（行使価額修正条項付）の月間行使状況に関するお知らせ
2026-08-03,49580,長谷川香,2026年9月期 第3四半期決算短信〔日本基準〕（連結）
2026-08-03,49660,上村工業,自己株式の取得状況に関するお知らせ
2026-08-03,50200,ＥＮＥＯＳ,自己株式の取得状況（途中経過）に関するお知らせ
2026-08-03,50270,Ｇ－ＡｎｙＭｉｎｄ,自己株式の取得状況に関するお知らせ
2026-08-03,51220,オカモト,自己株式取得状況（途中経過）に関するお知らせ
2026-08-03,51330,テリロジーＨＤ,自己株式の取得状況に関するお知らせ
2026-08-03,51840,ニチリン,自己株式取得状況に関するお知らせ
2026-08-03,51870,クリエート,自己株式の取得状況に関するお知らせ
2026-08-03,51950,バンドー化,自己株式の取得状況に関するお知らせ
2026-08-03,52140,日電硝,自己株式の取得状況に関するお知らせ
2026-08-03,52140,日電硝,2026年12月期第2四半期決算説明会資料
2026-08-03,52160,倉元,第９回新株予約権（固定行使価額型）の行使状況に関するお知らせ
2026-08-03,52480,Ｇ－テクノロジーズ,（開示事項の経過）株式の取得（子会社化）及び財務上の特約が付された金銭消費貸借契約の締結に関するお知らせ
2026-08-03,52570,ノバシステム,（訂正）「自己株式取得に係る事項の決定に関するお知らせ」の一部訂正について
2026-08-03,52620,日ヒューム,株式会社中部基礎の株式取得（子会社化）完了 および当該子会社役員人事に関するお知らせ
2026-08-03,52730,三谷セキサン,自己株式の取得状況に関するお知らせ
2026-08-03,52800,ヨシコン,自己株式の市場買付けに関するお知らせ
2026-08-03,52900,ベルテクス,自己株式の取得状況に関するお知らせ
2026-08-03,53410,ＡＳＡＨＩ ＥＩＴＯ,第三者割当により発行された第12回新株予約権（行使価額修正条項付）の月間行使状況に関するお知らせ
2026-08-03,53670,ニッカトー,2027年3月期 第1四半期決算短信〔日本基準〕（非連結）
2026-08-03,53670,ニッカトー,2027年３月期（第１Ｑ） 決算説明資料
2026-08-03,53930,ニチアス,自己株式の取得状況に関するお知らせ
2026-08-03,54230,東製鉄,自己株式の取得状況に関するお知らせ
2026-08-03,54630,丸一鋼管,自己株式の取得状況に関するお知らせ
2026-08-03,55370,Ｇ－ＡｌｂａＬｉｎｋ,自己株式の取得状況に関するお知らせ
2026-08-03,55780,Ｇ－ＡＲアドバンスト,配当予想の修正に関するお知らせ
2026-08-03,55890,オートサーバー,2026年12月期7月度 ASNET取引台数実績（速報値）
2026-08-03,55920,Ｇ－くすりの窓口,自己株式取得状況に関するお知らせ（2026年７月度）
2026-08-03,56310,日製鋼所,2027年３月期 第１四半期決算短信〔日本基準〕（連結）
2026-08-03,565A0,Ｐ－ＦＦＦＨＤ,連結子会社間の吸収合併に関するお知らせ
2026-08-03,57030,日軽金ＨＤ,2027年３月期 第１四半期決算短信〔日本基準〕（連結）
2026-08-03,57030,日軽金ＨＤ,2026年度第１四半期決算通期業績予想
2026-08-03,57030,日軽金ＨＤ,2027年３月期第２四半期(中間期)および通期連結業績予想の修正ならびに配当予想の修正に関するお知らせ
2026-08-03,57140,ＤＯＷＡ,譲渡制限付株式報酬としての自己株式の処分の払込完了に関するお知らせ
2026-08-03,581A0,Ｇ－ＧＯ,（訂正）「2026年5月期 通期決算説明資料」の一部訂正について
2026-08-03,585A4,Ｅ－ＪＡＭＰＦＭ,上場ETF（管理会社：JAMPファンド・マネジメント）に関する日々の開示事項
2026-08-03,587A4,Ｅ－インベスコＱＱＱ,インベスコQQQトラスト シリーズ1 に関する日々の開示事項
2026-08-03,59290,三和ＨＤ,自己株式の取得状況に関するお知らせ
2026-08-03,59330,アルインコ,自己株式の取得状況に関するお知らせ （会社法第459条第1項第1号の規定による定款の定めに基づく自己株式の取得）
2026-08-03,59430,ノーリツ,自己株式の取得状況（途中経過）に関するお知らせ
2026-08-03,60180,阪神内燃機工業,2027年３月期 第１四半期決算短信〔日本基準〕（非連結）
2026-08-03,60270,弁護士ドットコム,自己株式の取得状況に関するお知らせ（会社法第459条第１項の規定による定款の定めに基づく自己株式の取得）
2026-08-03,60310,Ｇ－ＺＥＴＡ,自己株式の取得状況に関するお知らせ
2026-08-03,60500,Ｅガーディアン,2026年９月期 第３四半期決算短信〔日本基準〕（連結）
2026-08-03,60500,Ｅガーディアン,2026年９月期 第３四半期 決算説明資料
2026-08-03,60590,ウチヤマＨＤ,第三者割当による第２回及び第３回新株予約権（行使価額修正型新株予約権への転換権付）の月間行使状況に関するお知らせ
2026-08-03,60710,ＩＢＪ,株式会社 IBJ（結婚相談所事業）2026年7月KPIについて
2026-08-03,60810,Ｇ－アライドアーキ,第三者割当により発行された行使価額修正条項付第22回新株予約権の月間行使状況に関するお知らせ
2026-08-03,60980,リクルートＨＤ,自己株式の取得状況について
2026-08-03,61340,ＦＵＪＩ,2027年3月期 第1四半期決算短信〔日本基準〕(連結)
2026-08-03,61340,ＦＵＪＩ,業績予想の修正に関するお知らせ
2026-08-03,61340,ＦＵＪＩ,2027年3月期第1四半期 決算説明資料
2026-08-03,61420,富士精工,令和８年 熊本地震の影響に関するお知らせ（第２報）
2026-08-03,61670,冨士ダイス,譲渡制限付株式報酬としての自己株式の処分の払込完了に関するお知らせ
2026-08-03,61910,エアトリ,自己株式の取得状況に関するお知らせ
2026-08-03,61990,セラク,自己株式の取得状況に関するお知らせ
2026-08-03,62000,インソース,自己株式の取得状況に関するお知らせ
2026-08-03,62000,インソース,2026年９月期 第３四半期決算短信〔日本基準〕（連結）（公認会計士等による期中レビューの完了）
2026-08-03,62000,インソース,人事異動及び執行役員の辞任に関するお知らせ
2026-08-03,62500,やまびこ,欧州連結子会社によるフランス代理店の株式取得（子会社化）に関するお知らせ
2026-08-03,62730,ＳＭＣ,自己株式の取得状況に関するお知らせ
2026-08-03,62820,オイレス工,自己株式の取得状況に関するお知らせ
2026-08-03,63010,コマツ,自己株式の取得状況に関するお知らせ
2026-08-03,63020,住友重,自己株式の取得状況に関するお知らせ（会社法第165条第2項の規定による定款の定めに基づく自己株式の取得）
2026-08-03,63160,丸山製,自己株式の取得状況に関するお知らせ
2026-08-03,63230,ローツェ,訴訟の和解成立に関するお知らせ
2026-08-03,63230,ローツェ,令和８年熊本地震の影響に関するお知らせ（第２報）
2026-08-03,63370,テセック,自己株式の取得状況に関するお知らせ（会社法第459条第1項の規定による定款の定めに基づく自己株式の取得）
2026-08-03,63510,鶴見製,自己株式の取得状況に関するお知らせ
2026-08-03,63610,荏原製,自己株式の取得状況および取得終了に関するお知らせ
2026-08-03,63660,千代化建,2027年3月期 第1四半期決算短信〔日本基準〕(連結）
2026-08-03,63660,千代化建,2027年3月期 第1四半期 決算概要
2026-08-03,63680,オルガノ,2027年3月期 第1四半期決算短信〔日本基準〕（連結）
2026-08-03,63680,オルガノ,2027年3月期 第1四半期決算補足資料
2026-08-03,63690,トーヨーカネツ,自己株式の取得状況に関するお知らせ
2026-08-03,63700,栗田工,自己株式の取得状況に関するお知らせ
2026-08-03,63710,椿本チエイン,自己株式の取得状況に関するお知らせ
2026-08-03,63800,オリチエン工業,第１回新株予約権の月間権利行使状況に関するお知らせ
2026-08-03,64190,マースグループＨＤ,自己株式の取得状況に関するお知らせ
2026-08-03,64540,マックス,自己株式の取得状況に関するお知らせ
2026-08-03,64570,グローリー,自己株式の取得状況に関するお知らせ
2026-08-03,64630,ＴＰＲ,自己株式の取得状況に関するお知らせ
2026-08-03,64670,ニチダイ,2027年３月期 第１四半期決算短信〔日本基準〕（連結）
2026-08-03,64670,ニチダイ,2027年３月期第２四半期（中間期）連結業績予想値及び通期連結業績予想値の修正に関するお知らせ
2026-08-03,64800,日トムソン,自己株式の取得状況に関するお知らせ
2026-08-03,64930,ＮＩＴＴＡＮ,2027年３月期第１四半期決算短信〔日本基準〕(連結)
2026-08-03,64930,ＮＩＴＴＡＮ,2027年３月期第２四半期（中間期）連結業績予想に関するお知らせ
2026-08-03,64930,ＮＩＴＴＡＮ,2027年3月期第1四半期決算説明資料
2026-08-03,65170,デンヨー,自己株式の取得状況に関するお知らせ
2026-08-03,65570,Ｇ－ＡＩＡＩ,当社取締役（監査等委員である取締役及び社外取締役を除く）に対する譲渡制限付株式報酬 としての新株式の発行の払込完了に関するお知らせ
2026-08-03,65570,Ｇ－ＡＩＡＩ,当社執行役員に対する譲渡制限付株式報酬としての新株式の発行の払込完了に関するお知らせ
2026-08-03,65920,マブチモーター,自己株式の取得状況に関するお知らせ
2026-08-03,66320,ＪＶＣＫＷ,2027年３月期 第１四半期決算短信〔IFRS〕（連結）
2026-08-03,66320,ＪＶＣＫＷ,ＪＶＣケンウッド 決算説明資料 2027年３月期 第１四半期
2026-08-03,66320,ＪＶＣＫＷ,自己株式取得に係る事項の決定に関するお知らせ
2026-08-03,66440,大崎電,自己株式の取得状況に関するお知らせ
2026-08-03,66760,ＢＵＦＦＡＬＯ,自己株式の取得状況に関するお知らせ
2026-08-03,66990,ダイヤＨＤ,第三者割当により発行された第８回新株予約権（行使価額修正条項付）の月間行使状況に関するお知らせ
2026-08-03,67210,ウインテスト,第三者割当による第13回新株予約権（行使価額修正条項付）の月間行使状況に関するお知らせ
2026-08-03,67270,ワコム,譲渡制限付株式報酬としての自己株式の処分の払込完了に関するお知らせ
2026-08-03,67370,ＥＩＺＯ,自己株式の取得状況に関するお知らせ
2026-08-03,67370,ＥＩＺＯ,自己株式立会外買付取引（ＴｏＳＴＮｅＴ－３）による自己株式の取得結果に関するお知らせ
2026-08-03,68450,アズビル,自己株式の取得状況に関するお知らせ
2026-08-03,68530,共和電,自己株式の取得状況に関するお知らせ
2026-08-03,68570,アドバンテス,自己株式の取得状況に関するお知らせ
2026-08-03,68620,ミナトＨＤ,自己株式の取得状況に関するお知らせ
2026-08-03,68660,日置電,自己株式の取得状況に関するお知らせ
2026-08-03,69290,日セラミック,自己株式の取得状況及び取得終了に関するお知らせ
2026-08-03,69650,浜松ホトニク,自己株式の取得状況及び取得終了に関するお知らせ
2026-08-03,70030,三井Ｅ＆Ｓ,2027年３月期第１四半期決算短信〔日本基準〕（連結）
2026-08-03,70030,三井Ｅ＆Ｓ,2026年度第１四半期決算説明資料
2026-08-03,70030,三井Ｅ＆Ｓ,2027年３月期通期連結業績予想の修正に関するお知らせ
2026-08-03,70850,カーブスＨＤ,自己株式の取得状況（途中経過）に関するお知らせ
2026-08-03,71340,アップガレージＧ,2027年３月期 第１四半期決算短信〔日本基準〕（連結）
2026-08-03,71340,アップガレージＧ,2027年３月期 第１四半期決算説明資料
2026-08-03,71730,東京きらぼしＦＧ,2027年３月期 第１四半期決算短信〔日本基準〕（連結）
2026-08-03,71840,富山第一銀行,2027年３月期 第１四半期決算短信〔日本基準〕（連結）
2026-08-03,71890,西日本ＦＨ,2027年3月期 第1四半期決算短信〔日本基準〕（連結）
2026-08-03,71990,プレミアグループ,自己株式の取得状況及び取得終了に関するお知らせ
2026-08-03,72010,日産自,2027年3月期 第1四半期 決算短信〔日本基準〕（連結）
2026-08-03,72010,日産自,日産自動車、2026年度第1四半期決算を発表
2026-08-03,72020,いすゞ自,2027年３月期 第１四半期決算短信〔ＩＦＲＳ〕（連結）
2026-08-03,72110,三菱自,2027年３月期 第１四半期決算短信〔日本基準〕（連結）
2026-08-03,72120,エフテック,中国子会社における人員構成の適正化の実施に関するお知らせ
2026-08-03,72130,レシップＨＤ,自己株式の取得状況（途中経過）に関するお知らせ
2026-08-03,72220,日産車体,2027年３月期 第１四半期決算短信〔日本基準〕（連結）
2026-08-03,72360,ティラド,2027年3月期 第1四半期決算短信〔日本基準〕（連結）
2026-08-03,72360,ティラド,決算補足説明
2026-08-03,72360,ティラド,通期業績予想（連結）の修正並びに配当予想の修正(増配)に関するお知らせ
2026-08-03,72450,大同メタル,自己株式の取得状況に関するお知らせ
2026-08-03,72550,桜井製作,自己株式の取得状況に関するお知らせ
2026-08-03,72700,ＳＵＢＡＲＵ,自己株式の取得状況に関するお知らせ
2026-08-03,72760,小糸製,自己株式の取得状況に関するお知らせ
2026-08-03,72780,エクセディ,自己株式の取得状況に関するお知らせ
2026-08-03,72790,ハイレックス,（開示事項の経過）国内自動車事業における生産体制再編に関するお知らせ
2026-08-03,72790,ハイレックス,自己株式の取得状況に関するお知らせ
2026-08-03,73090,シマノ,自己株式の取得状況に関するお知らせ
2026-08-03,73370,ひろぎんＨＤ,自己株式の取得状況及び取得終了に関するお知らせ
2026-08-03,73660,ＬＩＴＡＬＩＣＯ,2027年３月期第１四半期決算短信〔ＩＦＲＳ〕（連結）
2026-08-03,73660,ＬＩＴＡＬＩＣＯ,2027年3月期第1四半期決算説明資料
2026-08-03,73700,Ｇ－Ｅｎｊｉｎ,自己株式の取得状況および取得終了に関するお知らせ
2026-08-03,74190,ノジマ,自己株式の取得状況に関するお知らせ
2026-08-03,74350,ナ・デックス,自己株式の取得状況に関するお知らせ
2026-08-03,74470,ナガイレーベ,自己株式の取得状況に関するお知らせ
2026-08-03,74600,ヤギ,2027年3月期 第1四半期決算短信〔日本基準〕(連結)
2026-08-03,74600,ヤギ,2027年3月期 第1四半期決算補足説明資料
2026-08-03,74600,ヤギ,株式分割に伴う配当予想の修正に関するお知らせ
2026-08-03,74800,スズデン,2027年３月期第１四半期決算短信〔日本基準〕(連結)
2026-08-03,74800,スズデン,業績予想および配当予想の修正に関するお知らせ
2026-08-03,74800,スズデン,2027年3月期7月度売上高推移速報についてのお知らせ（個別）
2026-08-03,75200,エコス,自己株式の取得状況（途中経過）に関するお知らせ
2026-08-03,75640,ワークマン,2027年３月期 第１四半期決算説明会資料
2026-08-03,75640,ワークマン,2027年３月期 第１四半期決算補足資料
2026-08-03,75640,ワークマン,台湾子会社（特定子会社）設立に関するお知らせ
2026-08-03,75640,ワークマン,2027年３月期 第１四半期決算短信[日本基準](非連結)
2026-08-03,75640,ワークマン,2027年３月期 月次前年比速報に関するお知らせ
2026-08-03,75780,ニチリョク,第４回新株予約権（行使価額修正条項付）の月間行使状況に関するお知らせ
2026-08-03,76060,Ｕアローズ,自己株式の取得状況に関するお知らせ
2026-08-03,76090,ダイトロン,2026年12月期 第２四半期決算短信〔日本基準〕（連結）
2026-08-03,76090,ダイトロン,2026年12月期 第２四半期連結業績予想及び通期連結業績予想の修正並びに剰余金の配当及び期末配当予想の修正に関するお知らせ
2026-08-03,76090,ダイトロン,自己株式取得に係る事項の決定及び自己株式の消却に関するお知らせ
2026-08-03,76130,シークス,業績予想の修正に関するお知らせ
2026-08-03,76210,うかい,取締役に対する譲渡制限付株式としての新株式発行の払込完了に関するお知らせ
2026-08-03,76430,ダイイチ,2026年９月期７月度の売上高前年比に関するお知らせ
2026-08-03,76740,Ｇ－ＮＡＴＴＹＨＤ,行使価額修正条項付第３回及び第４回新株予約権（停止指定条項付）の月間行使状況に関するお知らせ
2026-08-03,76830,ダブルエー,2027年１月期７月度単体月次概況（速報）のお知らせ
2026-08-03,76860,ひとまいる,第３回新株予約権（行使価額修正条項付）の月間行使状況に関するお知らせ
2026-08-03,76990,Ｇ－ＯＰＳ,（訂正・数値データ訂正）「2026年３月期 決算短信〔SFRS〕（連結）」 の一部訂正について
2026-08-03,77160,ナカニシ,自己株式の取得状況に関するお知らせ
2026-08-03,77440,ノーリツ鋼機,AlphaTheta株式会社によるMAVEN SAS株式取得完了のお知らせ
2026-08-03,77460,岡本硝子,行使価額修正条項付新株予約権の月間行使状況に関するお知らせ
2026-08-03,77520,リコー,2027年３月期 第１四半期決算短信 〔ＩＦＲＳ〕（連結）
2026-08-03,77760,Ｇ－セルシード,第25回新株予約権（行使価額修正条項付）の月間行使状況に関するお知らせ
2026-08-03,77800,メニコン,当社執行役、取締役及び従業員並びに当社子会社取締役及び当社子会社従業員に対する株式報酬型ストック・オプション(新株予約権)の発行内容確定に関するお知らせ
2026-08-03,77940,Ｇ－イーディーピー,行使価額修正条項付新株予約権の月間行使状況に関するお知らせ
2026-08-03,78030,Ｇ－ブシロード,自己株式の取得状況に関するお知らせ
2026-08-03,78040,ビーアンドピー,株式会社新和の株式取得（子会社化）に関するお知らせ
2026-08-03,78040,ビーアンドピー,株式会社新和の株式取得に関する補足説明資料
2026-08-03,78440,マーベラス,自己株式立会外買付取引（ToSTNeT-３）による自己株式の取得結果及び自己株式取得終了に関するお知らせ
2026-08-03,78440,マーベラス,差金決済型自社株価先渡取引の内容確定に関するお知らせ
2026-08-03,78670,タカラトミー,自己株式の取得状況および取得終了に関するお知らせ
2026-08-03,78830,サンメッセ,2027年３月期第１四半期決算短信〔日本基準〕（連結）
2026-08-03,78830,サンメッセ,譲渡制限付株式報酬としての自己株式の処分の払込完了に関するお知らせ
2026-08-03,79110,ＴＯＰＰＡＮ ＨＤ,自己株式の取得状況に関するお知らせ
2026-08-03,79120,大日印,自己株式の取得状況に関するお知らせ
2026-08-03,79380,リーガル,自己株式の取得状況に関するお知らせ
2026-08-03,79430,ニチハ,自己株式立会外買付取引（ToSTNeT-3）による自己株式の取得結果及び取得終了に関するお知らせ
2026-08-03,79460,光陽社,自己株式の取得状況に関するお知らせ
2026-08-03,79570,フジコピアン,第三者割当による第２回新株予約権（行使価額修正条項付）の月間行使状況に関するお知らせ
2026-08-03,79810,タカラスタン,自己株式の取得状況に関するお知らせ
2026-08-03,80010,伊藤忠,2027年3月期 第1四半期決算短信〔IFRS〕（連結）
2026-08-03,80010,伊藤忠,自己株式の取得並びに自己株式の公開買付け及び市場買付けに関するお知らせ
2026-08-03,80010,伊藤忠,東京センチュリー米国子会社を通じたAviation Capital Group LLCへの出資参画および東京センチュリーが発行する社債型種類株式の引受に関する基本合意のお知らせ
2026-08-03,80010,伊藤忠,一部報道について
2026-08-03,80020,丸紅,2027年3月期 第1四半期決算短信〔ＩＦＲＳ〕（連結）
2026-08-03,80020,丸紅,自己株式の取得に係る事項の決定に関するお知らせ
2026-08-03,80110,三陽商,自己株式の取得状況（途中経過）に関するお知らせ
2026-08-03,80290,ルックＨＤ,2026年12月期第２四半期(中間期)連結業績予想及び通期連結業績予想の修正に関するお知らせ
2026-08-03,80350,東エレク,自己株式の取得状況および取得終了に関するお知らせ
2026-08-03,80510,山善,自己株式の取得状況に関するお知らせ
2026-08-03,80530,住友商,自己株式の取得状況に関するお知らせ
2026-08-03,80580,三菱商事,2027年3月期 第1四半期決算短信〔ＩＦＲＳ〕(連結)
2026-08-03,80590,第一実業,自己株式の取得状況に関するお知らせ
2026-08-03,80610,西華産,自己株式の取得状況に関するお知らせ
2026-08-03,80780,阪和興,自己株式の取得状況に関するお知らせ
2026-08-03,80810,カナデン,2027年３月期 第１四半期決算短信［日本基準］（連結）
2026-08-03,80810,カナデン,取締役に対する譲渡制限付株式報酬としての自己株式の処分に関するお知らせ
2026-08-03,81010,ＧＳＩクレオス,自己株式の取得状況に関するお知らせ
2026-08-03,81050,ＢｉｔｃｏｉｎＪＰＮ,第三者割当により発行された第1回無担保転換社債型新株予約権付社債(転換価額修正条項付)及び第2回新株予約権(行使価額修正条項付)の払込完了に関するお知らせ
2026-08-03,81580,ソーダニッカ,2027年３月期 第１四半期決算短信〔日本基準〕（連結）
2026-08-03,81580,ソーダニッカ,2027年３月期 第１四半期決算説明資料
2026-08-03,81740,日瓦斯,自己株式の取得状況（途中経過）に関するお知らせ
2026-08-03,82180,コメリ,自己株式の取得状況に関するお知らせ
2026-08-03,82370,松屋,2026年7月売上速報
2026-08-03,82420,Ｈ２Ｏリテイル,自己株式の取得状況に関するお知らせ（会社法第459条第1項の規定による定款の定めに基づく自己株式の取得）
2026-08-03,82550,アクシアル,自己株式の取得状況に関するお知らせ
2026-08-03,82830,ＰＡＬＴＡＣ,2027年３月期 第１四半期決算短信〔日本基準〕（非連結）
2026-08-03,82830,ＰＡＬＴＡＣ,2027年３月期 第１四半期 業績概要
2026-08-03,83060,三菱ＵＦＪ,2027年3月期 第1四半期決算短信〔日本基準〕(連結)
2026-08-03,83080,りそなＨＤ,自己株式の取得状況に関するお知らせ
2026-08-03,83160,三井住友,自己株式の取得状況および取得終了ならびに自己株式の消却に関するお知らせ
2026-08-03,83160,三井住友,（開示事項の変更）株式分割により増加する株式数の変更に関するお知らせ
2026-08-03,83340,群馬銀,2027年3月期第1四半期決算短信〔日本基準〕(連結)
2026-08-03,83340,群馬銀,2027年3月期第1四半期 決算の概要
2026-08-03,83440,山形銀,2027年３月期 第１四半期決算短信〔日本基準〕（連結）
2026-08-03,83600,山梨中銀,2027年3月期 第1四半期決算短信〔日本基準〕（連結）
2026-08-03,83620,福井銀,2027年3月期 第1四半期決算短信〔日本基準〕（連結）
2026-08-03,83640,清水銀,2027年3月期 第1四半期決算短信〔日本基準〕（連結）
2026-08-03,83700,紀陽銀行,2027年3月期 第1四半期決算短信〔日本基準〕(連結)
2026-08-03,83770,ほくほく,自己株式の取得状況に関するお知らせ
2026-08-03,83810,山陰合銀,自己株式の取得状況に関するお知らせ
2026-08-03,83930,宮崎銀,株式報酬型ストック・オプションの発行内容確定に関するお知らせ
2026-08-03,84110,みずほ,自己株式の取得状況に関するお知らせ
2026-08-03,84390,東京センチュリー,2027年3月期 第1四半期決算短信〔日本基準〕(連結)
2026-08-03,84390,東京センチュリー,2027年3月期 第1四半期決算 IR資料
2026-08-03,84390,東京センチュリー,第三者割当による社債型種類株式の発行並びに資本金及び資本準備金の額の減少に関するお知らせ
2026-08-03,84390,東京センチュリー,第5回公募ハイブリッド社債（劣後特約付）の発行に関するお知らせ
2026-08-03,84390,東京センチュリー,連結子会社（特定子会社）の持分法適用関連会社への異動に関する基本合意書締結および特別利益の計上に関するお知らせ
2026-08-03,84390,東京センチュリー,一部報道について
2026-08-03,85110,日証金,貸借取引貸付金・貸付有価証券等の平均残高のお知らせ
2026-08-03,85180,アジア投資,2025年第２回新株予約権（行使価額修正条項付）の月間行使状況に関するお知らせ
2026-08-03,85410,愛媛銀,2027年3月期 第1四半期決算短信〔日本基準〕（連結）
2026-08-03,85440,京葉銀,自己株式の取得状況に関するお知らせ
2026-08-03,85510,北日本銀,自己株式立会外買付取引（ToSTNeT-3）による自己株式の取得結果および自己株式の取得終了に関するお知らせ
2026-08-03,86010,大和証Ｇ,新株予約権方式によるストック・オプションの発行に関するお知らせ
2026-08-03,86010,大和証Ｇ,（開示事項の経過）オリックス銀行株式会社の全株式取得（子会社化） の完了に関するお知らせ
2026-08-03,86010,大和証Ｇ,2027年３月期 第１四半期決算短信〔日本基準〕（連結）
2026-08-03,86010,大和証Ｇ,2026年度 第1四半期 決算説明資料
2026-08-03,86040,野村,2027年3月期第1四半期 決算説明資料 米国会計基準 (US GAAP)
2026-08-03,86280,松井証,2026年7月の月間売買実績・取引口座数等（速報値）のお知らせ
2026-08-03,86280,松井証,ストック・オプション（新株予約権）の発行内容確定に関するお知らせ
2026-08-03,87000,丸八証券,自己株式立会外買付取引(ToSTNeT-3)による自己株式の取得結果及び取得終了に関するお知らせ
2026-08-03,87420,小林洋行,自己株式の取得状況に関するお知らせ
2026-08-03,87830,ａｂｃ,自己株式の取得状況に関するお知らせ
2026-08-03,87830,ａｂｃ,第20回新株予約権（行使価額修正条項付）の月間行使状況に関するお知らせ
2026-08-03,87950,Ｔ＆ＤＨＤ,自己株式の取得状況に関するお知らせ（会社法第459条第１項の規定による定款の定めに基づく自己株式の取得）
2026-08-03,88020,三菱地所,自己株式の取得状況に関するお知らせ
2026-08-03,88870,シーラＨＤ,自己株式の取得状況（途中経過）に関するお知らせ
2026-08-03,89200,東祥,2027年３月期 第１四半期決算短信〔日本基準〕（連結）
2026-08-03,89200,東祥,自己株式の取得状況及び取得終了に関するお知らせ
2026-08-03,89270,明豊エンター,2026年7月 月次仕入及び販売に関するお知らせ
2026-08-03,89560,Ｒ－ＮＴＴ都市開発Ｒ,自己投資口の取得状況に関するお知らせ
2026-08-03,89670,Ｒ－ニホンロジ,交換による国内不動産信託受益権の取得・譲渡完了に関するお知らせ
2026-08-03,89720,Ｒ－ＫＤＸ不動産,自己投資口の取得状況及び取得終了に関するお知らせ
2026-08-03,89750,Ｒ－いちごオフィス,自己投資口取得状況のお知らせ
2026-08-03,89760,Ｒ－大和ＯＦ,自己投資口の取得状況に関するお知らせ
2026-08-03,90070,小田急,自己株式の取得状況に関するお知らせ
2026-08-03,90360,東部ネット,自己株式の取得状況に関するお知らせ
2026-08-03,90390,サカイ引越,2026年７月度月次売上高（速報）に関するお知らせ
2026-08-03,90640,ヤマトＨＤ,2027年3月期 第1四半期決算短信〔日本基準〕（連結）
2026-08-03,91040,商船三井,2027年３月期業績予想（連結・個別）の修正に関するお知らせ
2026-08-03,91070,川崎船,自己株式の取得状況に関するお知らせ
2026-08-03,92010,ＪＡＬ,2027年３月期 第１四半期決算短信〔ＩＦＲＳ〕（連結）
2026-08-03,92120,Ｇ－ＧＥＩ,個人投資家向け中長期ビジョン説明会書き起こし
2026-08-03,92460,Ｇ－プロジェクトＨＤ,自己株式の取得状況に関するお知らせ
2026-08-03,92720,Ｇ－ブティックス,自己株式の取得状況に関するお知らせ
2026-08-03,92740,ＫＰＰグループＨＤ,自己株式の取得状況に関するお知らせ
2026-08-03,93030,住友倉,自己株式の取得状況に関するお知らせ
2026-08-03,93510,東洋埠頭,自己株式立会外買付取引（ToSTNeT-3）による自己株式の取得結果及び取得終了に関するお知らせ
2026-08-03,93620,兵機海運,自己株式の取得状況に関するお知らせ（会社法第165条第2項の規定による定款の定めに基づく自己株式の取得）
2026-08-03,93640,上組,取締役に対する譲渡制限付株式報酬としての自己株式の処分の払込完了に関するお知らせ
2026-08-03,93640,上組,自己株式の取得状況に関するお知らせ
2026-08-03,93990,ビート,第三者割当による行使価額修正条項付新株予約権の月間行使状況に関するお知らせ
2026-08-03,93990,ビート,株主提案の取下げに関するお知らせ
2026-08-03,94010,ＴＢＳＨＤ,自己株式の取得状況に関するお知らせ
2026-08-03,94040,日テレＨＤ,自己株式の取得状況に関するお知らせ
2026-08-03,94120,スカパーＪＳＡＴ,従業員持株会向け譲渡制限付株式割当としての自己株式の処分の払込完了及び一部失権に関するお知らせ
2026-08-03,94320,ＮＴＴ,自己株式の取得状況に関するお知らせ
2026-08-03,94350,光通信,自己株式の取得状況に関するお知らせ
2026-08-03,94360,沖縄セルラー,自己株式の取得状況に関するお知らせ
2026-08-03,94440,トーシンＨＤ,（開示事項の経過） 会社更生手続開始決定に対する株主による即時抗告の棄却決定に関するお知らせ
2026-08-03,94440,トーシンＨＤ,財務報告に係る内部統制の開示すべき重要な不備に関するお知らせ
2026-08-03,94710,文渓堂,2027年３月期 第１四半期決算短信〔日本基準〕（連結）
2026-08-03,95560,Ｇ－ＩＮＴＬＯＯＰ,アンダーワークス株式会社の株式の取得（子会社化）に関するお知らせ
2026-08-03,95560,Ｇ－ＩＮＴＬＯＯＰ,子会社設立に関するお知らせ
2026-08-03,95560,Ｇ－ＩＮＴＬＯＯＰ,自己株式の取得状況に関するお知らせ
2026-08-03,95560,Ｇ－ＩＮＴＬＯＯＰ,財務上の特約が付された金銭消費貸借契約の締結に関するお知らせ
2026-08-03,95580,Ｇ－ジャパニアス,自己株式の取得状況に関するお知らせ
2026-08-03,96250,セレスポ,当社に対する訴訟の提起に関するお知らせ
2026-08-03,96280,燦ＨＤ,自己株式の取得状況および取得終了に関するお知らせ
2026-08-03,96780,カナモト,自己株式の取得状況（途中経過）に関するお知らせ
2026-08-03,96820,ＤＴＳ,自己株式の取得状況に関するお知らせ
2026-08-03,96870,ＫＳＫ,取締役に対する株式報酬型ストック・オプションの発行内容確定に関するお知らせ
2026-08-03,96990,ニシオＨＤ,2026年９月期 第３四半期決算短信〔日本基準〕（連結）
2026-08-03,96990,ニシオＨＤ,資金政策の方針変更に関するお知らせ
2026-08-03,96990,ニシオＨＤ,自己株式取得に係る事項の決定に関するお知らせ
2026-08-03,97090,ＮＣＳ＆Ａ,自己株式の取得状況及び取得終了に関するお知らせ
2026-08-03,97350,セコム,自己株式の取得状況に関するお知らせ
2026-08-03,97390,ＮＳＷ,2027年３月期第１四半期決算短信〔日本基準〕(連結)
2026-08-03,97590,ＮＳＤ,自己株式の取得状況に関するお知らせ
2026-08-03,97650,オオバ,自己株式の取得状況に関するお知らせ
2026-08-03,97680,いであ,2026年12月期 第２四半期（中間期）決算短信〔日本基準〕（連結）
2026-08-03,97800,ハリマビステム,自己株式の取得状況に関するお知らせ
2026-08-03,98240,泉州電業,自己株式取得状況に関するお知らせ
2026-08-03,98420,アークランズ,売上高前年同月比推移に関するお知らせ
2026-08-03,98450,パーカー,2027年３月期 第１四半期決算短信〔日本基準〕（連結）
2026-08-03,98610,吉野家ＨＤ,自己株式の取得状況に関するお知らせ（会社法第165条第２項の規定による定款の定めに基づく自己株式の取得）
2026-08-03,98780,セキド,第三者割当により発行された第18回新株予約権（行使価額修正条項及び行使停止条項付）の月間行使状況に関するお知らせ
2026-08-03,98890,ＪＢＣＣ ＨＤ,譲渡制限付株式としての自己株式の処分の払込完了に関するお知らせ
2026-08-03,99020,日伝,自己株式の取得状況に関するお知らせ
2026-08-03,99360,王将フード,2026年7月 月次売上高（速報版）
2026-08-03,99620,ミスミＧ,自己株式の取得状況に関するお知らせ
2026-08-04,13264,Ｅ－ワールド,SPDRゴールド・シェアに関する日々の開示事項
2026-08-04,13294,Ｅ－ブラックロック,上場ETF（管理会社：ブラックロック・ジャパン）に関する日々の開示事項
2026-08-04,13330,Ｕｍｉｏｓ,2027年３月期 第１四半期決算短信〔日本基準〕（連結）
2026-08-04,13330,Ｕｍｉｏｓ,2027年３月期 第１四半期 決算補足資料
2026-08-04,13494,Ｅ－ＳＳＧＡ－ＳＩＮ,アジア国債・公債ＥＴＦ（正式名称：ＡＢＦ汎アジア債券インデックス・ファンド）に関する日々の開示事項
2026-08-04,15574,Ｅ－ＳＳＧＡＴＣ,State Street SPDR S&P500 ETFに関する日々の開示事項
2026-08-04,157A0,Ｇ－Ｇモンスター,（開示事項の経過）子会社設立に関するお知らせ
2026-08-04,166A0,タスキＨＤ,2026年９月期 第３四半期決算短信〔日本基準〕（連結）
2026-08-04,166A0,タスキＨＤ,2026年９月期 第３四半期決算説明資料
2026-08-04,16714,Ｅ－シンプレクス,上場ＥＴＦ(管理会社：シンプレクス・アセット・マネジメント)に関する日々の開示事項
2026-08-04,16724,Ｅ－ＷｉｓｄｏｍＴｒ,上場ETF（管理会社：WisdomTree、外国投資法人：CSL）に関する日々の開示事項
2026-08-04,16724,Ｅ－ＷｉｓｄｏｍＴｒ,上場ETF（管理会社：WisdomTree、外国投資法人：MSL）に関する日々の開示事項
2026-08-04,17870,ナカボーテック,（訂正）資本業務提携契約の締結、資本技術提携の解消、自己株式の取得並びに主要株主である筆頭株主及びその他の関係会社の異動に関するお知らせの一部訂正
2026-08-04,17870,ナカボーテック,自己株式立会外買付取引（ＴｏＳＴＮｅＴ－３）による自己株式の取得結果及び自己株式取得終了に関するお知らせ
2026-08-04,17990,第一建設,2027年3月期 第1四半期決算短信〔日本基準〕（非連結）
2026-08-04,18970,金下建設,営業外収益（受取配当金）の計上に関するお知らせ
2026-08-04,18980,世紀東急,2027年３月期 第１四半期決算短信〔日本基準〕（連結）
2026-08-04,196A0,Ｇ－ＭＦＳ,2026年6月期通期決算説明会のお知らせ
2026-08-04,19750,朝日工,2027年３月期 第１四半期決算短信〔日本基準〕（連結）
2026-08-04,205A0,Ｇ－ロゴスＨＤ,売出価格等の決定に関するお知らせ
2026-08-04,20704,Ｎ－三菱ＵＦＪ証ＨＤ,上場ETN（発行者：三菱UFJ証券ホールディングス株式会社）に関する日々の開示事項
2026-08-04,21460,ＵＴグループ,自己株式の取得状況に関するお知らせ
2026-08-04,21850,シイエム・シイ,自己株式の取得状況に関するお知らせ
2026-08-04,22070,ｍｅｉｔｏ,自己株式の取得状況に関するお知らせ
2026-08-04,22260,湖池屋,2027年3月期 第1四半期決算短信〔日本基準〕(連結)
2026-08-04,22700,雪印メグ,自己株式の取得状況に関するお知らせ （会社法第 165 条第２項の規定による定款の定めに基づく自己株式の取得）
2026-08-04,23310,ＡＬＳＯＫ,自己株式立会外買付取引（ToSTNeT-3）による自己株式の買付けに関するお知らせ
2026-08-04,23310,ＡＬＳＯＫ,2027年3月期第1四半期 決算短信〔日本基準〕（連結）
2026-08-04,23310,ＡＬＳＯＫ,2027年3月期第1四半期 決算参考資料
2026-08-04,24880,ＪＴＰ,自己株式の取得状況に関するお知らせ
2026-08-04,25790,コカ・コーラＢＪＨ,自己株式の取得状況に関するお知らせ
2026-08-04,26700,ＡＢＣマート,2027年2月期 7月度概況について [国内]
2026-08-04,26850,アンドエスティＨＤ,月次売上高前年比に関するお知らせ
2026-08-04,27780,パレモ・ＨＤ,自己株式の取得状況に関するお知らせ
2026-08-04,27890,カルラ,(第55期） 2026年７月の売上推移速報に関するお知らせ
2026-08-04,28010,キッコマン,自己株式の取得状況に関するお知らせ
2026-08-04,28020,味の素,自己株式の取得状況に関するお知らせ
2026-08-04,28100,ハウス食Ｇ,2027年３月期 第１四半期決算短信〔日本基準〕（連結）
2026-08-04,28100,ハウス食Ｇ,2027年３月期 第１四半期決算説明資料
2026-08-04,28100,ハウス食Ｇ,自己株式の取得状況に関するお知らせ
2026-08-04,284A0,Ｐ－フクヤ建設,子会社設立及び新たな事業の開始に関するお知らせ
2026-08-04,28970,日清食ＨＤ,株式給付信託（BBT）に係る追加拠出に伴う 自己株式の処分に関するお知らせ
2026-08-04,28970,日清食ＨＤ,2027年3月期 第1四半期決算短信〔IFRS〕（連結）
2026-08-04,28970,日清食ＨＤ,2027年3月期 第1四半期 決算補足資料
2026-08-04,28970,日清食ＨＤ,2026年度 第1四半期 決算報告
2026-08-04,29010,ウェルディッシュ,独立調査委員会の調査報告書受領に関するお知らせ
2026-08-04,29370,Ｇ－サンクゼール,2027年３月期 第１四半期決算短信〔日本基準〕（連結）
2026-08-04,29370,Ｇ－サンクゼール,2027年３月期第１四半期 決算説明資料
2026-08-04,30640,ＭＲＯ,2026年12月期 第２四半期決算説明資料
2026-08-04,30640,ＭＲＯ,2026年12月期第２四半期（中間期）決算短信〔日本基準〕(連結)
2026-08-04,30690,ＪＦＬＡＨＤ,令和８年熊本地震の影響に関するお知らせ
2026-08-04,30920,ＺＯＺＯ,自己株式の取得状況に関するお知らせ
2026-08-04,31830,ウイン・パートナーズ,2027年３月期 第１四半期決算短信〔日本基準〕(連結)
2026-08-04,31890,ＡＮＡＰ,（訂正）「第三者割当により発行された第９回新株予約権（行使価額修正条項付）の月間行使状況に関するお知らせ」の一部訂正について
2026-08-04,32760,ＪＰＭＣ,（数値データ追加）「2026年12月期の中間配当及び期末配当予想の修正（無配）に関するお知らせ」におけるXBRLデータ追加について
2026-08-04,32760,ＪＰＭＣ,（数値データ追加）「2026年12月期 第２四半期（中間期）決算速報値（連結）に関するお知らせ」におけるXBRLデータ追加について
2026-08-04,33610,トーエル,譲渡制限付株式報酬としての新株式の発行に関するお知らせ
2026-08-04,34010,帝人,2027年3月期 第1四半期決算短信〔ＩＦＲＳ〕（連結）
2026-08-04,34010,帝人,2026年度第1四半期決算 および 2026年度業績見通し
2026-08-04,34090,北紡,子会社設立に関するお知らせ
2026-08-04,34150,トウキョウベース,【2027年1月期】2026年7月度月次売上速報
2026-08-04,34690,デュアルタップ,通期連結業績予想の修正に関するお知らせ
2026-08-04,35440,サツドラＨＤ,テラ株式会社による当社株式に対する公開買付けの結果並びに親会社、主要株主である筆頭株主及び主要株主の異動に関するお知らせ
2026-08-04,37190,ＡＩストーム,第三者割当により発行された行使価額修正条項付第10回新株予約権の月間行使状況に関するお知らせ
2026-08-04,37620,テクマト,取締役に対する株式報酬型ストック・オプションの発行内容確定に関するお知らせ
2026-08-04,37620,テクマト,執行役員に対する株式報酬型ストック・オプションの発行内容確定に関するお知らせ
2026-08-04,37910,ＩＧポート,自己株式の取得状況に関するお知らせ
2026-08-04,37930,Ｇ－ドリコム,自己株式の取得状況に関するお知らせ（2026年７月度）
2026-08-04,38000,ユニリタ,譲渡制限付株式報酬としての自己株式の処分の払込完了に関するお知らせ
2026-08-04,39500,ザ・パック,自己株式の取得状況に関するお知らせ
2026-08-04,39640,オークネット,2026年12月期第2四半期決算説明資料
2026-08-04,39640,オークネット,2026年12月期連結業績予想の修正及び配当予想（増配・特別配当）に関するお知らせ
2026-08-04,39640,オークネット,特別株主優待の実施に関するお知らせ
2026-08-04,39640,オークネット,2026年12月期第2四半期（中間期）決算短信〔日本基準〕(連結)
2026-08-04,39840,ユーザーローカル,自己株式の取得状況に関するお知らせ
2026-08-04,39870,Ｇ－エコモット,株主優待制度の一部変更に関するお知らせ
2026-08-04,40050,住友化,当社グループに関するレポート
2026-08-04,40050,住友化,2027年３月期第１四半期決算短信〔ＩＦＲＳ〕（連結）
2026-08-04,40080,住友精化,自己株式の取得状況に関するお知らせ
2026-08-04,40210,日産化,自己株式の取得状況に関するお知らせ
2026-08-04,40270,テイカ,自己株式の取得状況に関するお知らせ
2026-08-04,40420,東ソー,2027年３月期 第1四半期決算短信〔日本基準〕（連結）
2026-08-04,40420,東ソー,連結業績予想の修正に関するお知らせ
2026-08-04,40420,東ソー,2026年度第1四半期 決算説明資料
2026-08-04,40620,イビデン,2027年3月期 第1四半期決算短信〔日本基準〕（連結）
2026-08-04,40620,イビデン,決算短信補足資料（2027年3月期 第1四半期）
2026-08-04,40620,イビデン,業績予想の修正に関するお知らせ
2026-08-04,40620,イビデン,株式分割、株式分割に伴う定款の一部変更、転換社債型新株予約権付社債の転換価額の調整及び期末配当予想の修正並びに配当方針の変更に関するお知らせ
2026-08-04,41890,ＫＨネオケム,2026年12月期 第２四半期（中間期）決算短信〔日本基準〕（連結）
2026-08-04,41890,ＫＨネオケム,2026年12月期第２四半期（中間期）連結業績予想と実績値との差異に関するお知らせ
2026-08-04,41890,ＫＨネオケム,配当方針の変更及び配当予想の修正（増配）に関するお知らせ
2026-08-04,42060,アイカ工,株式給付信託（J-ESOP）に係る追加拠出に伴う自己株式の処分に関するお知らせ
2026-08-04,42060,アイカ工,2027年３月期 第１四半期決算短信〔日本基準〕（連結）
2026-08-04,42060,アイカ工,2027年３月期 第１四半期決算短信補足資料
2026-08-04,42060,アイカ工,配当予想の修正（増配）に関するお知らせ
2026-08-04,42060,アイカ工,2027年３月期 第２四半期（累計）業績予想の公表及び通期業績予想の修正に関するお知らせ
2026-08-04,42210,大倉工,2026年12月期 第２四半期（中間期）決算説明資料
2026-08-04,428A0,サイプレスＨＤ,2026年8月期7月度売上速報についてのお知らせ
2026-08-04,43100,ＤＩ,2027年３月期 第１四半期決算短信〔日本基準〕（連結）
2026-08-04,43100,ＤＩ,2027年３月期 第１四半期決算補足説明資料
2026-08-04,443A0,ｉＦＪリート２,iFreeETFの収益分配のお知らせ
2026-08-04,44440,Ｇ－インフォネット,通期連結業績予想の修正に関するお知らせ
2026-08-04,44750,Ｇ－ＨＥＮＮＧＥ,2026年9月期第3四半期 決算説明資料
2026-08-04,44750,Ｇ－ＨＥＮＮＧＥ,2026年9月期 第3四半期決算短信〔日本基準〕(連結)
2026-08-04,44960,Ｇ－コマースワン,自己株式の取得状況に関するお知らせ
2026-08-04,44960,Ｇ－コマースワン,自己株式の取得結果及び取得終了に関するお知らせ
2026-08-04,45060,住友ファーマ,当社に関するレポートについて
2026-08-04,45430,テルモ,譲渡制限付株式報酬としての自己株式の処分の払込完了に関するお知らせ
2026-08-04,45430,テルモ,ストックオプション（新株予約権）の発行内容確定に関するお知らせ
2026-08-04,45780,大塚ＨＤ,IgA腎症治療薬「VOYXACT（シベプレンリマブ）」フェーズ3試験における2年間のeGFR（推算糸球体濾過量）データを発表
2026-08-04,46240,イサム塗料,当社滋賀工場における落雷の影響に関するお知らせ
2026-08-04,464A0,Ｇ－ＱＰＳＨＤ,（訂正）「事業計画及び成長可能性に関する事項」の一部訂正について
2026-08-04,464A0,Ｇ－ＱＰＳＨＤ,（訂正・数値データ訂正）「2026年５月期決算短信〔日本基準〕(連結)」の一部訂正について
2026-08-04,46510,サニックスＨＤ,（訂正）「連結子会社の吸収合併（簡易合併・略式合併）に関するお知らせ」の一部修正について
2026-08-04,46760,フジＨＤ,2027年３月期 第１四半期決算短信〔日本基準〕(連結)
2026-08-04,46760,フジＨＤ,2027年３月期 第１四半期 決算説明資料
2026-08-04,46760,フジＨＤ,従業員持株会に対する譲渡制限付株式としての自己株式処分に関するお知らせ
2026-08-04,47320,ＵＳＳ,2027年３月期 第１四半期決算短信〔日本基準〕（連結）
2026-08-04,47320,ＵＳＳ,連結業績予想および配当予想の修正に関するお知らせ
2026-08-04,48130,ＡＣＣＥＳＳ,主要株主の異動に関するお知らせ
2026-08-04,48860,あすか製薬ＨＤ,2027年3月期第1四半期決算短信
2026-08-04,48860,あすか製薬ＨＤ,2027年3月期 第1四半期決算短信補足資料
2026-08-04,49800,デクセリアルズ,2027年３月期 第１四半期決算短信〔ＩＦＲＳ〕（連結）
2026-08-04,49920,北興化,自己株式の取得状況に関するお知らせ
2026-08-04,51080,ブリヂス,自己株式の取得状況に関するお知らせ
2026-08-04,51330,テリロジーＨＤ,ESG寄付型「世界が進むチカラになる私募債」発行予定のお知らせ
2026-08-04,516A0,ｉＦ米ドルブル１倍,iFreeETFの収益分配のお知らせ
2026-08-04,517A0,ｉＦ米ドルベア１倍,iFreeETFの収益分配のお知らせ
2026-08-04,52010,ＡＧＣ,2026年12月期 第2四半期（中間期）決算短信〔ＩＦＲＳ〕（連結）
2026-08-04,52010,ＡＧＣ,2026年12月期 第2四半期 業績説明会資料
2026-08-04,52320,住友大阪,株式分割、定款の一部変更、配当予想の修正等に関するお知らせ
2026-08-04,52320,住友大阪,2027年３月期 第１四半期決算短信〔日本基準〕(連結)
2026-08-04,52320,住友大阪,2026年度（2027年3月期）第１四半期決算説明資料
2026-08-04,52320,住友大阪,株式報酬制度における株式取得に係る事項の決定に関するお知らせ
2026-08-04,52320,住友大阪,株式報酬制度の継続に伴う自己株式の処分に関するお知らせ
2026-08-04,52850,ヤマックス,令和８年熊本地震の影響に関するお知らせ（第2報）
2026-08-04,53010,東海カーボン,コミットメント型自己株式取得（FCSR）における事後調整完了のお知らせ
2026-08-04,53930,ニチアス,2027年３月期 第１四半期決算短信〔日本基準〕（連結）
2026-08-04,53930,ニチアス,業績予想の修正に関するお知らせ
2026-08-04,53930,ニチアス,2027年3月期 第1四半期 決算補足資料
2026-08-04,53930,ニチアス,自己株式の取得状況および取得終了に関するお知らせ
2026-08-04,54010,日本製鉄,2027年3月期第1四半期決算短信〔ＩＦＲＳ〕（連結）
2026-08-04,54010,日本製鉄,2026年度第１四半期決算について
2026-08-04,54010,日本製鉄,業績予想の修正に関するお知らせ
2026-08-04,54460,北越メタル,自己株式の取得および自己株式立会外買付取引（ToSTNet-3）による自己株式の買付けに関するお知らせ
2026-08-04,54460,北越メタル,2027年3月期第1四半期決算短信〔日本基準〕(連結)
2026-08-04,55310,Ｐ－エヌバイテクノ,資金の借入れに関するお知らせ
2026-08-04,55740,Ｇ－ＡＢＥＪＡ,NEDOの採択を受け、一般社団法人AIデータ主権共創機構（CODAS）が進める「データの秘匿性を考慮した効率的なAI学習手法の開発」に参画
2026-08-04,56970,サンユウ,2027年3月期 第1四半期決算短信〔日本基準〕(連結)
2026-08-04,57070,東邦鉛,第三者割当により発行された行使価額修正条項付第１回新株予約権の月間行使状況に関するお知らせ
2026-08-04,58010,古河電工,光ファイバおよび光ファイバケーブルの生産に係る固定資産の取得に関するお知らせ
2026-08-04,58570,ＡＲＥＨＤ,2027年３月期 第１四半期決算短信〔ＩＦＲＳ〕（連結）
2026-08-04,585A4,Ｅ－ＪＡＭＰＦＭ,上場ETF（管理会社：JAMPファンド・マネジメント）に関する日々の開示事項
2026-08-04,587A4,Ｅ－インベスコＱＱＱ,インベスコQQQトラスト シリーズ1 に関する日々の開示事項
2026-08-04,59110,横河ブＨＤ,自己株式の取得状況に関するお知らせ
2026-08-04,59300,文化シヤター,2027年3月期 第1四半期決算短信〔日本基準〕（連結）
2026-08-04,59300,文化シヤター,2027年3月期 第1四半期決算補足資料
2026-08-04,59400,不二サッシ,2027年３月期 第１四半期決算短信〔日本基準〕（連結）
2026-08-04,60130,タクマ,自己株式の取得状況に関するお知らせ
2026-08-04,60470,Ｇｕｎｏｓｙ,自己株式の取得及び自己株式立会外買付取引（ToSTNeT-3）による自己株式の買付けに関するお知らせ
2026-08-04,607A0,Ｇ－エブリー,東京証券取引所グロース市場への上場に伴う当社決算情報等のお知らせ
2026-08-04,607A0,Ｇ－エブリー,事業計画及び成長可能性に関する事項
2026-08-04,607A0,Ｇ－エブリー,主要株主の異動に関するお知らせ
2026-08-04,60880,シグマクシスＨＤ,2027年３月期 第１四半期決算短信〔日本基準〕（連結）
2026-08-04,60880,シグマクシスＨＤ,2027年３月期 第１四半期決算補足資料
2026-08-04,60900,ＨＭＴ,自己株式の取得状況に関するお知らせ
2026-08-04,61010,ツガミ,自己株式の取得状況に関するお知らせ
2026-08-04,61410,ＤＭＧ森精機,2026年12月期 第２四半期（中間期）決算短信〔ＩＦＲＳ〕（連結）
2026-08-04,61410,ＤＭＧ森精機,連結業績予想の修正に関するお知らせ
2026-08-04,61740,Ｐ－デンタス,連結子会社における固定資産の取得に関するお知らせ
2026-08-04,62000,インソース,(訂正)「自己株式の取得状況に関するお知らせ」の数値訂正について
2026-08-04,63020,住友重,2026年12月期 第２四半期（中間期）決算短信〔日本基準〕(連結)
2026-08-04,63260,クボタ,2026年12月期 第２四半期（中間期）決算短信〔IFRS〕（連結）
2026-08-04,63260,クボタ,2026年12月期 第２四半期連結業績予想と実績値との差異および通期連結業績予想の修正に関するお知らせ
2026-08-04,63260,クボタ,剰余金の配当（中間配当）に関するお知らせ
2026-08-04,63260,クボタ,自己株式取得に係る事項の決定に関するお知らせ
2026-08-04,63490,小森,2027年３月期 第１四半期決算説明資料
2026-08-04,63640,ＡＩＲＭＡＮ,自己株式の取得状況に関するお知らせ
2026-08-04,63670,ダイキン工,2027年3月期 第1四半期決算短信〔日本基準〕（連結）
2026-08-04,63810,アネスト岩田,自己株式の取得状況に関するお知らせ
2026-08-04,63950,タダノ,2026年12月期 第２四半期（中間期）決算短信〔日本基準〕(連結)
2026-08-04,63950,タダノ,2026年第2四半期(1-6月)決算説明資料
2026-08-04,63950,タダノ,役員人事に関するお知らせ
2026-08-04,64400,ＪＵＫＩ,2026年12月期第２四半期（中間期）決算短信〔日本基準〕(連結)
2026-08-04,64650,ホシザキ,自己株式の取得状況に関するお知らせ
2026-08-04,64720,ＮＴＮ,2027年3月期 第1四半期決算短信〔日本基準〕(連結）
2026-08-04,64720,ＮＴＮ,2027年3月期 第1四半期 決算説明会資料
2026-08-04,64930,ＮＩＴＴＡＮ,譲渡制限付株式報酬としての自己株式の処分の払込完了に関するお知らせ
2026-08-04,65010,日立,自己株式の取得状況に関するお知らせ(会社法第459条第1項の規定による定款の定めに基づく自己株式の取得)
2026-08-04,65220,Ｇ－アスタリスク,RFIDソリューション販売開始。次世代RFIDソリューション『AsReader BOX-Type』、「coca」旗艦店への導入のお知らせ
2026-08-04,65710,キュービーネットＨＤ,国内店舗売上高前年比（2026年7月）についてのお知らせ
2026-08-04,65940,ニデック,当社海外子会社サーバーへの不正アクセスによるランサムウェア被害と情報流出の可能性に関するお知らせ（第２報）
2026-08-04,66170,東光高岳,自己株式の取得状況に関するお知らせ
2026-08-04,66220,ダイヘン,2027年３月期 第１四半期決算短信〔日本基準〕(連結)
2026-08-04,66220,ダイヘン,株式分割および株式分割に伴う定款の一部変更ならびに配当予想の修正に関するお知らせ
2026-08-04,66440,大崎電,2027年3月期 第1四半期決算短信〔日本基準〕(連結)
2026-08-04,66440,大崎電,2026年度1Q（第1四半期）決算説明資料
2026-08-04,67020,富士通,自己株式の取得状況に関するお知らせ
2026-08-04,67180,アイホン,2027年3月期第1四半期決算短信〔日本基準〕（連結）
2026-08-04,67410,日信号,2027年３月期第１四半期決算短信〔日本基準〕(連結)
2026-08-04,68060,ヒロセ電,2027年３月期 第１四半期決算短信〔ＩＦＲＳ〕（連結）
2026-08-04,68060,ヒロセ電,2027年3月期第2四半期（中間期）及び通期連結業績予想の修正に関するお知らせ
2026-08-04,68060,ヒロセ電,自己株式の取得結果および取得終了に関するお知らせ
2026-08-04,68060,ヒロセ電,自己株式の取得に係る事項の決定に関するお知らせ
2026-08-04,68090,ＴＯＡ,2027年３月期 第１四半期決算短信〔日本基準〕（連結）
2026-08-04,68410,横河電,2027年３月期 第１四半期 決算説明会資料
2026-08-04,68410,横河電,2027年３月期 第１四半期決算短信〔日本基準〕（連結）
2026-08-04,68480,東亜ディーケーケー,譲渡制限付株式報酬としての自己株式処分の払込完了に関するお知らせ
2026-08-04,68590,エスペック,自己株式の取得状況および取得終了に関するお知らせ
2026-08-04,68880,アクモス,2026年6月期 決算短信〔日本基準〕（連結）
2026-08-04,68880,アクモス,2026年6月期（第35期）決算補足説明資料 2027年6月期（第36期）経営計画
2026-08-04,68880,アクモス,剰余金の配当に関するお知らせ
2026-08-04,69250,ウシオ電,2027年3月期第1四半期決算短信〔日本基準〕（連結）
2026-08-04,69270,ヘリオステクノＨ,2027年３月期第１四半期決算短信〔日本基準〕(連結)
2026-08-04,70110,三菱重,2027年３月期 第１四半期決算短信〔ＩＦＲＳ〕（連結）
2026-08-04,70110,三菱重,2026年度第1四半期決算説明資料
2026-08-04,70470,Ｇ－ポート,投資家Q&A（2026年７月）
2026-08-04,70490,Ｇ－識学,財務上の特約が付された金銭消費貸借契約の締結に関するお知らせ
2026-08-04,72030,トヨタ自,2027年３月期 第１四半期決算 投資家向け決算説明会 質疑応答（要旨）
2026-08-04,72030,トヨタ自,従業員に対する株式交付制度の継続及び従業員に対する新たな株式交付制度の導入に関するお知らせ
2026-08-04,72030,トヨタ自,従業員に対する株式交付制度としての自己株式の処分に関するお知らせ
2026-08-04,72030,トヨタ自,2027年3月期 第1四半期決算短信〔IFRS〕（連結)
2026-08-04,72030,トヨタ自,2027年3月期第１四半期決算報告プレゼンテーション資料
2026-08-04,72030,トヨタ自,自己株式取得に係る事項の決定および自己株式の消却に関するお知らせ
2026-08-04,72310,トピー工,自己株式の取得及び自己株式立会外買付取引（ToSTNeT-3）による自己株式の買付けに関するお知らせ
2026-08-04,72310,トピー工,2027年３月期 第１四半期決算短信〔日本基準〕（連結）
2026-08-04,72310,トピー工,2027年３月期 第２四半期（中間期）連結業績予想の修正に関するお知らせ
2026-08-04,72610,マツダ,2027年３月期 第1四半期決算短信〔日本基準〕(連結)
2026-08-04,72610,マツダ,2027年３月期 第1四半期決算 プレゼンテーション資料
2026-08-04,72720,ヤマハ発,2026年12月期第２四半期（中間期）決算短信〔ＩＦＲＳ〕（連結）
2026-08-04,72720,ヤマハ発,2026年12月期通期連結業績予想の修正に関するお知らせ
2026-08-04,72720,ヤマハ発,2026年12月期中間期 連結業績の概要について
2026-08-04,72720,ヤマハ発,OLV事業の構造改革に関するお知らせ
2026-08-04,72730,イクヨ,事業譲受に関するお知らせ
2026-08-04,72730,イクヨ,業績連動型株式報酬制度に基づくPSU（ユニット）の付与に関するお知らせ
2026-08-04,72960,ＦＣＣ,2027年３月期 第１四半期決算短信〔IFRS〕（連結）
2026-08-04,72960,ＦＣＣ,業績予想および配当予想の修正に関するお知らせ
2026-08-04,73370,ひろぎんＨＤ,2027年3月期 第1四半期決算短信〔日本基準〕(連結)
2026-08-04,73800,十六ＦＧ,2027年3月期 第1四半期決算短信〔日本基準〕(連結)
2026-08-04,74190,ノジマ,新株予約権発行内容の一部変更および確定について
2026-08-04,74260,山大,ナイス株式会社による当社株式に対する公開買付けの結果並びに親会社及び主要株主である筆頭株主の異動に関するお知らせ
2026-08-04,75130,コジマ,自己株式の取得状況に関するお知らせ
2026-08-04,75210,ムサシ,2027年３月期 第１四半期決算短信〔日本基準〕(連結)
2026-08-04,75650,萬世電機,2027年3月期 第1四半期決算短信[日本基準]（連結）
2026-08-04,75650,萬世電機,業績予想に関するお知らせ
2026-08-04,76060,Ｕアローズ,2026年7月度月次売上概況（速報）〔2027年3月決算期〕
2026-08-04,76250,Ｇダイニング,月次売上速報（2026年7月度）
2026-08-04,76400,トップカルチャ,2026年10月期7月度月次売上動向
2026-08-04,77290,東精密,2026年度(2027年3月期）第1四半期 決算説明会（ノート付）
2026-08-04,77290,東精密,2026年度（2027年3月期）第1四半期 決算説明会
2026-08-04,77290,東精密,2027年3月期 第1四半期決算短信〔日本基準〕（連結）
2026-08-04,77290,東精密,2027年3月期配当予想の修正に関するお知らせ
2026-08-04,78060,Ｇ－ＭＴＧ,2026年９月期 第３四半期決算短信〔日本基準〕（連結）
2026-08-04,78060,Ｇ－ＭＴＧ,通期業績予想及び配当予想の修正（上方修正）に関するお知らせ
2026-08-04,78060,Ｇ－ＭＴＧ,2026年９月期株主優待制度の詳細決定に関するお知らせ
2026-08-04,78060,Ｇ－ＭＴＧ,2027年９月期株主優待制度の実施に関するお知らせ
2026-08-04,78590,アルメディオ,2027年3月期 第1四半期決算短信〔日本基準〕（連結）
2026-08-04,78670,タカラトミー,2027年３月期 第１四半期決算短信〔日本基準〕（連結）
2026-08-04,79150,ＮＩＳＳＨＡ,2026年12月期第2四半期（中間期）決算発表の延期および半期報告書の提出期限延長申請の検討に関するお知らせ
2026-08-04,79510,ヤマハ,2027年３月期 第１四半期決算短信〔ＩＦＲＳ〕（連結）
2026-08-04,79510,ヤマハ,2027年3月期 第1四半期業績の概要と通期業績予想について[IFRS]
2026-08-04,79510,ヤマハ,2027年3月期第1四半期決算説明会資料
2026-08-04,79890,立川ブライ,2026年12月期 第２四半期（中間期）決算短信〔日本基準〕(連結)
2026-08-04,79890,立川ブライ,2026年12月期 第２四半期 決算説明資料
2026-08-04,80120,長瀬産,2027年3月期 第1四半期決算短信〔日本基準〕（連結）
2026-08-04,80120,長瀬産,2027年3月期 第1四半期決算説明資料
2026-08-04,80120,長瀬産,自己株式取得に係る事項の決定に関するお知らせ
2026-08-04,80180,三共生興,自己株式の取得状況に関するお知らせ（会社法165条第２項の規定による定款の定めに基づく自己株式の取得）
2026-08-04,80200,兼松,2027年３月期 第１四半期決算短信〔ＩＦＲＳ〕（連結）
2026-08-04,80200,兼松,2027年３月期 第１四半期 決算補足説明資料
2026-08-04,80310,三井物産,従業員向け株式報酬制度の継続
2026-08-04,80310,三井物産,2027年3月期 第1四半期決算短信〔ＩＦＲＳ〕（連結）
2026-08-04,80310,三井物産,自己株式取得に係る事項の決定及び自己株式消却に係る事項の決定
2026-08-04,80430,スターゼン,自己株式の取得状況に関するお知らせ
2026-08-04,80850,ナラサキ,業績予想の修正に関するお知らせ
2026-08-04,80850,ナラサキ,2027年３月期 第１四半期決算短信〔日本基準〕（連結）
2026-08-04,80890,ナイス,株式会社山大（証券コード：7426）に対する公開買付けの結果及び子会社の異動に関するお知らせ
2026-08-04,80950,アステナＨＤ,財務上の特約が付された金銭消費貸借契約の締結に関するお知らせ
2026-08-04,81030,明和産,自己株式の取得状況及び取得終了並びに消却株式数に関するお知らせ
2026-08-04,81410,新光商,加賀電子株式会社による当社株式に対する公開買付けの結果並びに親会社及び主要株主である筆頭株主の異動に関するお知らせ
2026-08-04,81540,加賀電子,新光商事株式会社（証券コード：8141）の普通株式に対する公開買付けの結果及び子会社の異動（特定子会社の異動）に関するお知らせ
2026-08-04,81730,Ｊｏｓｈｉｎ,2027年３月期第２四半期（中間期）連結業績予想の修正に関するお知らせ
2026-08-04,81730,Ｊｏｓｈｉｎ,2027年３月期第１四半期決算短信〔日本基準〕(連結)
2026-08-04,81730,Ｊｏｓｈｉｎ,2026年度（2027年3月期）第1四半期決算説明資料
2026-08-04,82420,Ｈ２Ｏリテイル,2027年3月期 第1四半期決算短信〔日本基準〕（連結）
2026-08-04,82420,Ｈ２Ｏリテイル,2027年3月期 第1四半期 決算補足資料
2026-08-04,82420,Ｈ２Ｏリテイル,2027年3月期 第1四半期 決算説明資料
2026-08-04,82520,丸井Ｇ,2027年３月期 第１四半期決算概要(決算補足資料)
2026-08-04,82520,丸井Ｇ,2027年３月期 第１四半期決算短信〔日本基準〕(連結)
2026-08-04,82520,丸井Ｇ,2027年３月期 第１四半期 FACT BOOK(決算補足資料)
2026-08-04,82520,丸井Ｇ,自己株式の取得枠設定に関するお知らせ
2026-08-04,82550,アクシアル,2027年３月期 第１四半期決算短信〔日本基準〕（連結）
2026-08-04,83310,千葉銀,2027年3月期 第1四半期決算短信［日本基準］（連結）
2026-08-04,83310,千葉銀,自己株式取得に係る事項の決定に関するお知らせ
2026-08-04,83360,武蔵野銀,自己株式の取得状況に関するお知らせ
2026-08-04,83440,山形銀,自己株式の取得状況に関するお知らせ
2026-08-04,83650,富山銀行,2027年３月期 第1四半期決算短信[日本基準](連結)
2026-08-04,85420,トマト銀,2027年3月期 第1四半期決算短信〔日本基準〕(連結)
2026-08-04,85580,東和銀,（訂正・数値データ訂正）「2026年３月期決算短信〔日本基準〕（連結）」の一部訂正について
2026-08-04,85580,東和銀,2027年３月期 第１四半期決算短信〔日本基準〕（連結）
2026-08-04,85580,東和銀,2027年３月期第１四半期末の有価証券含み損に関するお知らせ
2026-08-04,85600,宮崎太銀,自己株式の取得状況に関するお知らせ
2026-08-04,87290,ソニーＦＧ,自己株式の取得状況に関するお知らせ
2026-08-04,87420,小林洋行,2026年７月の月間売買実績（速報値）に関するお知らせ
2026-08-04,87470,豊トラスティ証券,連結総資産の減少に関するお知らせ
2026-08-04,87660,東京海上,自己株式の取得状況に関するお知らせ（2026年5月20日開催の取締役会決議分）
2026-08-04,87660,東京海上,自己株式の取得状況および取得終了に関するお知らせ（2026年3月23日開催の取締役会決議分）
2026-08-04,87980,アドバンスクリエイト,第三者委員会の調査報告書の公表に関するお知らせ
2026-08-04,88410,テーオーシー,2027年３月期 第1四半期決算短信〔日本基準〕（連結）
2026-08-04,89560,Ｒ－ＮＴＴ都市開発Ｒ,自己投資口の取得状況及び取得終了並びに消却に関するお知らせ
2026-08-04,90010,東武,2027年３月期 第１四半期決算短信〔日本基準〕(連結)
2026-08-04,90010,東武,2027年３月期 第１四半期決算補足説明資料
2026-08-04,90060,京急,自己株式の取得状況に関するお知らせ
2026-08-04,90650,山九,自己株式の取得状況に関するお知らせ
2026-08-04,91070,川崎船,2027年３月期 第１四半期決算短信〔日本基準〕（連結）
2026-08-04,91070,川崎船,2026年度第１四半期 決算説明会資料
2026-08-04,91190,飯野海,2027年３月期 第１四半期決算短信〔日本基準〕（連結）
2026-08-04,91190,飯野海,2027年３月期連結業績予想の修正及び配当予想の修正(増配)に関するお知らせ
2026-08-04,91420,ＪＲ九州,2027年３月期 第１四半期決算短信[日本基準]（連結）
2026-08-04,91420,ＪＲ九州,2027年３月期 第１四半期決算説明会資料
2026-08-04,92520,Ｇ－ラストワンマイル,自己株式の取得状況に関するお知らせ
2026-08-04,93010,三菱倉,自己株式の取得状況に関するお知らせ
2026-08-04,93020,三井倉ＨＤ,2027年３月期 第１四半期決算短信〔日本基準〕（連結）
2026-08-04,93100,トランスシティ,自己株式の取得状況に関するお知らせ
2026-08-04,93240,安田倉,2027年3月期第2四半期（累計）連結業績予想の修正に関するお知らせ
2026-08-04,93240,安田倉,2027年３月期第１四半期決算短信〔日本基準〕（連結）
2026-08-04,93320,ＮＩＳＳＯＨＤ,譲渡制限付株式報酬としての自己株式処分の払込完了に関するお知らせ
2026-08-04,93760,ユーラシア,業績予想の修正に関するお知らせ
2026-08-04,93760,ユーラシア,2026年9月期 第3四半期決算短信〔日本基準〕（連結）
2026-08-04,93760,ユーラシア,中期経営計画（補足アップデート版）の追加公表に関するお知らせ
2026-08-04,93990,ビート,ビットコインETFの月次報告に関するお知らせ
2026-08-04,94050,朝日放送グループＨＤ,自己株式の取得状況に関するお知らせ
2026-08-04,94340,ソフトバンク,2027年３月期 第１四半期決算短信〔ＩＦＲＳ〕（連結）
2026-08-04,94750,昭文社ＨＤ,自己株式の取得状況に関するお知らせ
2026-08-04,95310,東瓦斯,自己株式の取得状況に関するお知らせ
2026-08-04,96910,両毛システム,株式併合並びに単元株式数の定めの廃止及び定款の一部変更に関する臨時株主総会開催のお知らせ
2026-08-04,96910,両毛システム,自己株式の消却に関するお知らせ
2026-08-04,96920,シーイーシー,自己株式の取得状況に関するお知らせ
2026-08-04,98490,共同紙,2027年３月期 第１四半期決算短信〔日本基準〕（連結）
2026-08-04,98780,セキド,2027年３月期 第１四半期決算短信〔日本基準〕（非連結）
2026-08-04,98800,イノテック,自己株式の取得状況に関するお知らせ
2026-08-04,98820,イエローハット,自己株式の取得状況に関するお知らせ
2026-08-04,99800,ＭＲＫ ＨＬＤ,自己株式の取得状況に関するお知らせ
2026-08-04,99900,サックスバーＨＤ,(株)東京デリカの月次売上情報等のお知らせ
2026-08-04,99900,サックスバーＨＤ,2027年３月期第１四半期決算短信〔日本基準〕(連結)
2026-08-05,130A0,Ｇ－ＶＩＳ,2026年12月期 第２四半期（中間期）決算短信〔日本基準〕(非連結)
2026-08-05,130A0,Ｇ－ＶＩＳ,2026年12月期 第２四半期 決算説明資料
2026-08-05,13264,Ｅ－ワールド,SPDRゴールド・シェアに関する日々の開示事項
2026-08-05,13290,ｉＳ２２５,ＥＴＦの収益分配金見込額のお知らせ
2026-08-05,13294,Ｅ－ブラックロック,上場ETF（管理会社：ブラックロック・ジャパン）に関する日々の開示事項
2026-08-05,13494,Ｅ－ＳＳＧＡ－ＳＩＮ,アジア国債・公債ＥＴＦ（正式名称：ＡＢＦ汎アジア債券インデックス・ファンド）に関する日々の開示事項
2026-08-05,13640,ｉＳＪＰＸ日経４００,ＥＴＦの収益分配金見込額のお知らせ
2026-08-05,14750,ｉＳＴＯＰＩＸ,ＥＴＦの収益分配金見込額のお知らせ
2026-08-05,14760,ｉＳＪリート,ＥＴＦの収益分配金見込額のお知らせ
2026-08-05,14770,ｉＳＭＳＣＩ最小分散,ＥＴＦの収益分配金見込額のお知らせ
2026-08-05,14780,ｉＳＭＳＣＩ高配当,ＥＴＦの収益分配金見込額のお知らせ
2026-08-05,14830,ｉＳ設備人材,ＥＴＦの収益分配金見込額のお知らせ
2026-08-05,150A0,Ｇ－ＪＳＨ,当社事業の主要月次数値の開示
2026-08-05,15574,Ｅ－ＳＳＧＡＴＣ,State Street SPDR S&P500 ETFに関する日々の開示事項
2026-08-05,16550,ｉＳＳＰ５００米国株,ＥＴＦの収益分配金見込額のお知らせ
2026-08-05,16570,ｉＳＭＳＣＩ先進国株,ＥＴＦの収益分配金見込額のお知らせ
2026-08-05,16580,ｉＳＭＳＣＩ新興国株,ＥＴＦの収益分配金見込額のお知らせ
2026-08-05,16590,ｉＳ米国リート,ＥＴＦの収益分配金見込額のお知らせ
2026-08-05,16714,Ｅ－シンプレクス,上場ＥＴＦ(管理会社：シンプレクス・アセット・マネジメント)に関する日々の開示事項
2026-08-05,16724,Ｅ－ＷｉｓｄｏｍＴｒ,上場ETF（管理会社：WisdomTree、外国投資法人：MSL）に関する日々の開示事項
2026-08-05,16724,Ｅ－ＷｉｓｄｏｍＴｒ,上場ETF（管理会社：WisdomTree、外国投資法人：CSL）に関する日々の開示事項
2026-08-05,17190,安藤ハザマ,役職員向け株式インセンティブ・プランの継続に伴う自己株式処分に関するお知らせ
2026-08-05,17190,安藤ハザマ,2027年３月期第１四半期決算短信〔日本基準〕(連結)
2026-08-05,17200,東急建設,2027年３月期 第１四半期決算短信〔日本基準〕(連結)
2026-08-05,17210,コムシスＨＤ,自己株式の取得状況に関するお知らせ
2026-08-05,17620,高松Ｇ,2027年３月期 第１四半期決算短信〔日本基準〕(連結)
2026-08-05,17620,高松Ｇ,2027年３月期 第１四半期 決算説明資料
2026-08-05,17800,ヤマウラ,自己株式の取得状況に関するお知らせ
2026-08-05,17930,大本組,2027年３月期 第１四半期決算短信〔日本基準〕(非連結)
2026-08-05,18120,鹿島,株式報酬制度における株式取得に係る事項の決定に関するお知らせ
2026-08-05,18120,鹿島,株式報酬制度に係る自己株式の処分に関するお知らせ
2026-08-05,18120,鹿島,2027年3月期 第1四半期決算短信〔日本基準〕(連結)
2026-08-05,18120,鹿島,自己株式の消却に関するお知らせ
2026-08-05,18140,大末建,2027年３月期 第１四半期決算短信〔日本基準〕（連結）
2026-08-05,19050,テノックス,譲渡制限付株式報酬としての自己株式の処分の払込完了に関するお知らせ
2026-08-05,19260,ライト工,株式分割および株式分割に伴う定款の一部変更ならびに配当予想の修正に関するお知らせ
2026-08-05,19260,ライト工,2027年3月期第1四半期決算短信〔日本基準〕（連結）
2026-08-05,19650,テクノ菱和,2027年3月期 第1四半期決算短信〔日本基準〕(連結)
2026-08-05,19650,テクノ菱和,株式分割、株式分割に伴う定款の一部変更、期末配当予想の修正および株主優待制度の一部変更に関するお知らせ
2026-08-05,19690,高砂熱,2027年３月期 第１四半期決算短信 〔日本基準〕（連結）
2026-08-05,19690,高砂熱,2026年度第１四半期 決算説明資料
2026-08-05,19800,ダイダン,2027年３月期 第１四半期決算短信〔日本基準〕（連結）
2026-08-05,19800,ダイダン,2027年３月期 第１四半期決算説明
2026-08-05,20130,ｉＳ米国高配当株,ＥＴＦの収益分配金見込額のお知らせ
2026-08-05,20140,ｉＳ米国連続増配株,ＥＴＦの収益分配金見込額のお知らせ
2026-08-05,201A0,ｉＳＮＩＦＴＹ５０,ＥＴＦの収益分配金見込額のお知らせ
2026-08-05,20704,Ｎ－三菱ＵＦＪ証ＨＤ,上場ETN（発行者：三菱UFJ証券ホールディングス株式会社）に関する日々の開示事項
2026-08-05,21360,ヒップ,令和９年３月期 第１四半期決算短信〔日本基準〕（非連結）
2026-08-05,21360,ヒップ,令和９年３月期 第１四半期決算短信〔日本基準〕（非連結）補足資料
2026-08-05,21380,クルーズ,2027年3月期（第26期）1Q事業説明資料
2026-08-05,21380,クルーズ,2027年3月期（第26期）1Q決算データBOOK
2026-08-05,21380,クルーズ,2027年3月期（第26期）1Q決算説明資料
2026-08-05,21380,クルーズ,所有不動産の売却に関するお知らせ
2026-08-05,21380,クルーズ,2027年３月期 第１四半期決算短信〔日本基準〕（連結）
2026-08-05,21830,リニカル,連結子会社からの配当金受領に関するお知らせ
2026-08-05,22060,グリコ,2026年12月期第2四半期（中間期）決算短信〔日本基準〕（連結）
2026-08-05,22060,グリコ,通期連結業績予想の修正に関するお知らせ
2026-08-05,22060,グリコ,自己株式の取得状況に関するお知らせ
2026-08-05,22500,ｉＳＭＳＣＩ日株気候,ＥＴＦの収益分配金見込額のお知らせ
2026-08-05,22670,ヤクルト,自己株式の取得状況に関するお知らせ
2026-08-05,22690,明治ＨＤ,2027年３月期 第１四半期決算短信〔日本基準〕（連結）
2026-08-05,23070,クロスキャット,2027年３月期第１四半期決算短信〔日本基準〕(連結)
2026-08-05,23300,フォーサイド,特別調査委員会の調査報告書受領に関するお知らせ
2026-08-05,23310,ＡＬＳＯＫ,自己株式立会外買付取引（ToSTNeT-3）による自己株式の取得結果及び取得終了に関するお知らせ
2026-08-05,23350,キューブシステム,連結子会社の異動（持分譲渡）に関するお知らせ
2026-08-05,23350,キューブシステム,2027年３月期 第１四半期決算短信[日本基準]（連結）
2026-08-05,23350,キューブシステム,2027年３月期 第１四半期決算補足説明資料
2026-08-05,23370,いちご,いちご太陽光および風力発電所 月次発電実績（2026年7月）のお知らせ
2026-08-05,23710,カカクコム,2027年3月期 第1四半期決算短信〔IFRS〕（連結）
2026-08-05,23880,Ｇ－ウェッジＨＤ,（開示事項の訂正・追加）「親会社に対する担保権の行使、及び子会社の異動に関するお知らせ」における支配株主との取引等に関するお知らせ
2026-08-05,23950,新日科学,(訂正・数値データ訂正)「2027年３月期 第１四半期決算短信［日本基準］（連結）」の一部訂正について
2026-08-05,23950,新日科学,2027年３月期 第１四半期決算短信〔日本基準〕（連結）
2026-08-05,23950,新日科学,2027年３月期 第１四半期決算説明資料（決算説明会資料）
2026-08-05,23950,新日科学,2027年３月期第２四半期（中間期）連結業績予想の修正に関するお知らせ
2026-08-05,24250,ケアサービス,2027年３月期 第１四半期決算短信〔日本基準〕(非連結)
2026-08-05,24250,ケアサービス,2027年３月期 第１四半期 決算説明資料
2026-08-05,24320,ディーエヌエー,2027年３月期第１四半期決算短信〔ＩＦＲＳ〕（連結）
2026-08-05,24320,ディーエヌエー,自己株式の消却に関するお知らせ
2026-08-05,24330,博報堂ＤＹ,2027年3月期 第1四半期 決算短信〔日本基準〕(連結)
2026-08-05,24330,博報堂ＤＹ,2027年3月期 第1四半期 決算説明会資料（決算パート）
2026-08-05,25020,アサヒ,剰余金の配当（中間配当）に関するお知らせ
2026-08-05,25030,キリンＨＤ,自己株式の取得状況に関するお知らせ
2026-08-05,25220,ｉＳロボット,ＥＴＦの収益分配金見込額のお知らせ
2026-08-05,25520,上場ＪリートＭ,ＥＴＦの収益分配金見込額のお知らせ
2026-08-05,25630,ｉＳＳＰ５百米株ヘジ,ＥＴＦの収益分配金見込額のお知らせ
2026-08-05,26760,高千穂交,2027年３月期 第１四半期決算補足説明資料
2026-08-05,26760,高千穂交,2027年３月期第１四半期決算短信〔日本基準〕（連結）
2026-08-05,27050,大戸屋ＨＤ,2026年7月度の月次売上高等に係る昨年対比増減率について
2026-08-05,27210,ＪＨＤ,株主による臨時株主総会招集請求における株主提案に対する当社取締役会の意見に関するお知らせ
2026-08-05,27300,エディオン,2027年３月期 第１四半期決算短信〔日本基準〕（連結）
2026-08-05,27820,セリア,2026年７月度の月次売上高前年比及び店舗数
2026-08-05,27840,アルフレッサＨＤ,2027年３月期 第１四半期決算短信〔日本基準〕(連結)
2026-08-05,28010,キッコマン,2027年３月期 第１四半期決算短信〔ＩＦＲＳ〕（連結）
2026-08-05,28100,ハウス食Ｇ,譲渡制限付株式報酬としての自己株式の処分の払込完了に関するお知らせ
2026-08-05,28510,ｉＳＭＳＣＩＪＳＲＩ,ＥＴＦの収益分配金見込額のお知らせ
2026-08-05,28520,ｉＳグリーンＪリート,ＥＴＦの収益分配金見込額のお知らせ
2026-08-05,28920,日食化,自己株式の取得状況に関するお知らせ
2026-08-05,29220,なとり,2027年3月期 第1四半期決算短信〔日本基準〕（連結）
2026-08-05,29280,Ａ－ＲＩＺＡＰ Ｇ,自己株式の取得状況に関するお知らせ
2026-08-05,29700,ＧＬＣ ＧＲＯＵＰ,2026年12月期月次概況（7月度速報）のお知らせ
2026-08-05,297A0,アルピコＨＤ,2027年３月期 第１四半期決算短信〔日本基準〕（連結）
2026-08-05,297A0,アルピコＨＤ,2027年３月期 第１四半期決算補足説明資料
2026-08-05,29800,ＳＲＥＨＤ,2027年３月期 第１四半期決算短信（日本基準）（連結）
2026-08-05,29800,ＳＲＥＨＤ,2027年３月期 第１四半期決算説明資料
2026-08-05,29840,ヤマイチ,非上場の親会社等の決算情報に関するお知らせ
2026-08-05,29970,Ｇ－ストレージ王,2026年7月月次実績
2026-08-05,30020,グンゼ,2027年３月期 第１四半期決算短信〔日本基準〕（連結）
2026-08-05,30020,グンゼ,2027年３月期（131期）第１四半期決算説明資料
2026-08-05,30350,ＫＴＫ,配当予想の修正（増配）に関するお知らせ
2026-08-05,30360,アルコニックス,2027年３月期 第１四半期決算短信〔日本基準〕（連結）
2026-08-05,30360,アルコニックス,2027年3月期連結業績予想及び配当予想の修正に関するお知らせ
2026-08-05,30360,アルコニックス,2027 年３月期第１四半期末のその他有価証券評価差額金の増加に関するお知らせ
2026-08-05,30360,アルコニックス,譲渡制限付株式報酬としての新株式の発行の払込完了に関するお知らせ
2026-08-05,30590,ヒラキ,2027年３月期 第１四半期決算短信〔日本基準〕（連結）
2026-08-05,30590,ヒラキ,組織変更および役員異動のお知らせ
2026-08-05,30660,ＪＢイレブン,譲渡制限付株式報酬としての自己株式の処分の払込完了に関するお知らせ
2026-08-05,30820,きちりＨＤ,2026年７月度 月次売上高等前年同月比についてのお知らせ
2026-08-05,31100,日東紡,2027年３月期 第１四半期決算短信〔日本基準〕(連結)
2026-08-05,313A0,ｉＳＳＰ５００Ｔ２０,ＥＴＦの収益分配金見込額のお知らせ
2026-08-05,314A0,ｉＳゴールド,ＥＴＦの収益分配金見込額のお知らせ
2026-08-05,31500,グリムス,2027年３月期 第１四半期決算短信［日本基準］（連結）
2026-08-05,31500,グリムス,2027年３月期 第１四半期決算短信補足資料
2026-08-05,31660,ＯＣＨＩ・ＨＤ,2027年3月期 第1四半期決算短信〔日本基準〕（連結）
2026-08-05,32320,三重交通ＧＨＤ,2027年３月期第１四半期決算短信〔日本基準〕(連結)
2026-08-05,32870,Ｒ－星野,ポートフォリオ運営実績に関するお知らせ（2026年6月度）
2026-08-05,33020,帝繊維,業績連動型株式報酬制度への追加拠出に関するお知らせ
2026-08-05,33020,帝繊維,2026年12月期 第2四半期（中間期）決算短信〔日本基準〕（連結）
2026-08-05,330A0,Ｇ－ＴａｌｅｎｔＸ,2027年３月期 第１四半期決算短信〔日本基準〕（連結）
2026-08-05,330A0,Ｇ－ＴａｌｅｎｔＸ,2027年3月期 第1四半期決算説明資料
2026-08-05,33170,フライングＧ,2027年３月期７月度 月次業績のお知らせ
2026-08-05,33600,シップＨＤ,自己株式の取得状況に関するお知らせ
2026-08-05,33740,内外テック,熊本県熊本地方で発生した地震の当社グループへの影響に関するお知らせ（第２報）
2026-08-05,33840,アークコア,自己株式の取得及び自己株式立会外買付取引(Ｎ－ＮＥＴ３)による自己株式の買付けに関するお知らせ
2026-08-05,33860,コスモ・バイオ,2026年12月期 第２四半期（中間期）決算短信〔日本基準〕（連結）
2026-08-05,33950,サンマルクＨＤ,2027年３月期 第１四半期決算短信〔日本基準〕（連結）
2026-08-05,33950,サンマルクＨＤ,株主優待制度の拡充ならびに株主優待における対象条件変更（継続保有要件の追加）に関するお知らせ
2026-08-05,341A0,Ｇ－トヨコー,2027年３月期第１四半期決算短信〔日本基準〕(非連結)
2026-08-05,341A0,Ｇ－トヨコー,2027年３月期１Ｑ 決算説明資料
2026-08-05,34260,アトムリビン,令和8年6月期 決算短信〔日本基準〕（非連結）
2026-08-05,34260,アトムリビン,支配株主等に関する事項について
2026-08-05,34330,トーカロ,2027年３月期第１四半期決算短信〔日本基準〕(連結)
2026-08-05,34330,トーカロ,連結業績予想及び配当予想の修正に関するお知らせ
2026-08-05,34330,トーカロ,2026年３月期第１四半期 決算補足説明資料
2026-08-05,34710,Ｒ－三井不ロジパーク,資金の借入れ及び返済に関するお知らせ
2026-08-05,352A0,Ｇ－ＬＯＩＶＥ,2027年3月期 7月度店舗数についてのお知らせ
2026-08-05,35490,クスリのアオキＨＤ,2026年7月度 月次営業速報に関するお知らせ
2026-08-05,35490,クスリのアオキＨＤ,自己株式の取得状況に関するお知らせ
2026-08-05,35660,Ｇ－ユニネク,2026年12月期７月度 月次業績速報
2026-08-05,36120,ワールド,国内小売事業 2027年2月期 月次売上概況（7月度）
2026-08-05,36280,Ｇ－データＨＲ,2027年３月期 第１四半期決算短信〔日本基準〕（連結）
2026-08-05,36280,Ｇ－データＨＲ,2027年３月期 第１四半期決算短信補足説明資料
2026-08-05,36680,コロプラ,2026年9月期 第3四半期決算説明会資料
2026-08-05,36680,コロプラ,2026年９月期 第３四半期決算短信〔日本基準〕（連結）
2026-08-05,36720,オルトプラス,【開示事項の経過】新たな事業（スイーツセレクトショップ運営事業）の開始に関するお知らせ
2026-08-05,36900,イルグルム,2026年9月期 第3四半期決算短信〔日本基準〕(連結)
2026-08-05,36900,イルグルム,2026年9月期 通期連結業績予想の修正に関するお知らせ
2026-08-05,36900,イルグルム,2026年9月期 第3四半期決算説明資料
2026-08-05,374A0,Ｐ－樋口総合研究所,定款の一部変更に関するお知らせ
2026-08-05,376A0,米債７－１０ヘ有７５,ETFの収益分配金見込額のお知らせ
2026-08-05,38360,アバントグループ,2026年６月期決算短信〔日本基準〕(連結)
2026-08-05,38360,アバントグループ,2026年６月期決算説明資料
2026-08-05,38610,王子ＨＤ,2027年３月期 第１四半期決算短信〔日本基準〕(連結)
2026-08-05,38610,王子ＨＤ,2027年３月期 第１四半期決算説明会資料
2026-08-05,38630,日本紙,2027年３月期 第１四半期決算短信〔日本基準〕(連結)
2026-08-05,38630,日本紙,業績予想の修正に関するお知らせ
2026-08-05,38630,日本紙,2027年３月期第１四半期 決算説明資料
2026-08-05,38630,日本紙,当社海外連結子会社Opal社における製袋事業譲渡に関するお知らせ
2026-08-05,386A0,みのや,2026年７月度 月次情報のお知らせ
2026-08-05,39100,エムケイシステム,2027年３月期 第１四半期決算短信[日本基準]（連結）
2026-08-05,392A0,ｉＳＱトップ,ＥＴＦの収益分配金見込額のお知らせ
2026-08-05,39330,チエル,特別調査委員会の調査報告書受領に関するお知らせ
2026-08-05,39330,チエル,第29期定時株主総会の継続会の開催日等に関するお知らせ
2026-08-05,39410,レンゴー,2027年3月期 第1四半期決算短信〔日本基準〕(連結)
2026-08-05,39410,レンゴー,自己株式の取得状況に関するお知らせ
2026-08-05,39580,笹徳印刷,自己株式の取得状況に関するお知らせ
2026-08-05,39620,チェンジＨＤ,自己株式の取得状況に関するお知らせ
2026-08-05,40190,Ｇ－スタメン,「中小企業成長加速化補助金」採択に関するお知らせ
2026-08-05,40520,Ｇ－フィーチャ,非連結決算への移行及び2026年６月期個別業績予想に関するお知らせ
2026-08-05,408A0,ｉＳベストＡＩ,ＥＴＦの収益分配金見込額のお知らせ
2026-08-05,41770,Ｇ－ｉ－ｐｌｕｇ,2026年７月度 主要ＫＰＩ（速報）の推移に関するお知らせ
2026-08-05,41830,三井化学,2027年3月期 第１四半期決算短信［IFRS］（連結）
2026-08-05,41830,三井化学,2026年度第1四半期決算の概要及び2026年度上期業績予想の概要
2026-08-05,43180,クイック,自己株式の取得状況に関するお知らせ（2026年７月度）
2026-08-05,43200,ＣＥＨＤ,SK-03株式会社による株式会社ＣＥホールディングスの株式（証券コード4320） に対する公開買付けの開始に関するお知らせ
2026-08-05,43200,ＣＥＨＤ,SK-03株式会社による当社株式に対する公開買付けに関する賛同及び応募中立の意見表明に関するお知らせ
2026-08-05,43200,ＣＥＨＤ,自己株式の公開買付けの開始予定に関するお知らせ
2026-08-05,43200,ＣＥＨＤ,2026年９月期 第３四半期決算短信〔日本基準〕（連結）
2026-08-05,43200,ＣＥＨＤ,2026年９月期の期末配当予想の修正（無配）に関するお知らせ
2026-08-05,43260,インテージＨＤ,連結子会社の統合を中心としたグループ再編の方針決定に関するお知らせ
2026-08-05,43260,インテージＨＤ,役員の異動ならびに組織変更および人事異動に関するお知らせ
2026-08-05,43260,インテージＨＤ,配当方針の変更に関するお知らせ
2026-08-05,43260,インテージＨＤ,特別損失（減損損失）および営業外費用（貸倒引当金繰入額）の計上ならびに通期業績予想と実績値との差異に関するお知らせ
2026-08-05,43260,インテージＨＤ,2026年６月期決算短信〔日本基準〕(連結)
2026-08-05,43450,シーティーエス,自己株式の取得状況に関するお知らせ
2026-08-05,43510,山田債権,第２四半期(中間期)業績予想の修正に関するお知らせ
2026-08-05,43850,メルカリ,2026年6月期 決算短信〔IFRS〕（連結）
2026-08-05,43850,メルカリ,FY2026.6 4Q決算説明資料
2026-08-05,43850,メルカリ,通期連結業績及び個別業績の前期実績値との差異及び子会社における繰延税金資産の計上に関するお知らせ
2026-08-05,43850,メルカリ,自己株式取得に係る事項の決定及び自己株式の消却に関するお知らせ
2026-08-05,43880,エーアイ,2027年３月期 第１四半期決算短信〔日本基準〕（連結）
2026-08-05,44030,日油,自己株式の消却に関するお知らせ
2026-08-05,44030,日油,自己株式取得に係る事項の決定に関するお知らせ
2026-08-05,44030,日油,2027年3月期 第1四半期決算短信〔日本基準〕（連結）
2026-08-05,44090,東邦化,2027年３月期 第１四半期決算短信〔日本基準〕(連結)
2026-08-05,44090,東邦化,業績予想及び配当予想に関するお知らせ
2026-08-05,44280,Ｇ－シノプス,自己株式の取得状況に関するお知らせ
2026-08-05,44520,花王,2026年12月期 第２四半期（中間期）決算短信〔ＩＦＲＳ会計基準〕（連結）
2026-08-05,44520,花王,2026年12月期第2四半期（中間期）連結決算の概要
2026-08-05,44520,花王,株主優待制度の新設に関するお知らせ
2026-08-05,44710,三洋化成,2027年３月期 第１四半期決算短信〔日本基準〕（連結）
2026-08-05,44710,三洋化成,業績予想の修正及び配当予想の修正（増配）に関するお知らせ
2026-08-05,44710,三洋化成,自己株式取得に係る事項の決定及び自己株式消却に係る事項の決定に関するお知らせ
2026-08-05,44710,三洋化成,株式分割及び株式分割に伴う定款の一部変更に関するお知らせ
2026-08-05,44770,Ｇ－ＢＡＳＥ,2026年12月期第2四半期(中間期)決算短信〔日本基準〕(連結)
2026-08-05,44770,Ｇ－ＢＡＳＥ,2026年12月期第2四半期決算説明会資料
2026-08-05,44830,ＪＭＤＣ,2027年３月期 第１四半期決算説明資料
2026-08-05,44830,ＪＭＤＣ,2027年３月期 第１四半期決算短信〔ＩＦＲＳ〕（連結）
2026-08-05,45030,アステラス薬,2027年３月期 第１四半期決算短信 [IFRS]（連結）
2026-08-05,45030,アステラス薬,2027年３月期 第１四半期決算補足資料
2026-08-05,45030,アステラス薬,2027年３月期 第１四半期決算説明会資料
2026-08-05,45120,わかもと,2027年3月期 第1四半期決算短信〔日本基準〕（非連結）
2026-08-05,45480,生化学,2027年3月期 第１四半期決算短信〔日本基準〕（連結）
2026-08-05,45580,中京医薬,2027年３月期第１四半期決算短信〔日本基準〕（非連結）
2026-08-05,45860,Ｇ－メドレック,Bondlidoに関する特許査定（米国）のお知らせ
2026-08-05,45880,Ｇ－オンコリスバイオ,腫瘍溶解ウイルス テロメライシン注の中医協における薬価案の審議結果に関するお知らせ
2026-08-05,45880,Ｇ－オンコリスバイオ,腫瘍溶解ウイルス テロメライシン注の薬価案審議に関する中医協開催のお知らせ
2026-08-05,46150,神東塗料,2027年３月期 第１四半期決算短信〔日本基準〕（連結）
2026-08-05,46240,イサム塗料,業績予想および配当予想に関するお知らせ
2026-08-05,46240,イサム塗料,2027年3月期 第1四半期決算短信〔日本基準〕（連結）
2026-08-05,46350,東インキ,自己株式取得に係る事項の決定に関するお知らせ
2026-08-05,46350,東インキ,2027年３月期第２四半期（中間期）及び通期連結業績予想の修正並びに配当予想の修正（増配）に関するお知らせ
2026-08-05,46350,東インキ,2027年３月期第１四半期決算補足説明資料
2026-08-05,46350,東インキ,2027年３月期第１四半期決算短信〔日本基準〕（連結）
2026-08-05,46350,東インキ,業績連動型株式報酬制度（RS信託）の導入に伴う自己株式の処分に関するお知らせ
2026-08-05,46350,東インキ,業績連動型株式報酬制度（RS信託）における株式取得に係る事項の決定に関するお知らせ
2026-08-05,46710,ファルコＨＤ,2027年３月期 第１四半期決算短信〔日本基準〕（連結）
2026-08-05,46710,ファルコＨＤ,自己株式の取得状況に関するお知らせ
2026-08-05,46740,クレスコ,2027年３月期第１四半期決算短信〔日本基準〕(連結)
2026-08-05,46870,ＴＤＣソフト,2027年３月期第１四半期決算短信〔日本基準〕（連結）
2026-08-05,46870,ＴＤＣソフト,2027年３月期第１四半期決算短信〔日本基準〕（連結）補足資料
2026-08-05,47190,アルファシステムズ,2027年3月期 第1四半期決算短信〔日本基準〕（非連結）
2026-08-05,47460,東計電算,（訂正）「投資有価証券売却に伴う特別利益計上見込み及び通期業績予想の修正及び配当予想の修正（増配）に関するお知らせ」の一部訂正についてのお知らせ
2026-08-05,47720,Ｇ－ＳＭ ＥＮＴＥＲ,2026年12月期 第２四半期（中間期）決算短信〔日本基準〕（連結）
2026-08-05,47720,Ｇ－ＳＭ ＥＮＴＥＲ,2026年12月期第２四半期決算説明資料
2026-08-05,47920,山田コンサル,2027年3月期 第1四半期決算短信〔日本基準〕（連結）
2026-08-05,48260,ＣＩＪ,2026年６月期 決算短信〔日本基準〕（連結）
2026-08-05,48260,ＣＩＪ,2026年６月期 決算説明会
2026-08-05,48260,ＣＩＪ,役員の異動に関するお知らせ
2026-08-05,48470,ＩＷＩ,2026年６月期 決算短信〔日本基準〕(非連結)
2026-08-05,48470,ＩＷＩ,剰余金の配当に関するお知らせ
2026-08-05,49110,資生堂,2026年12月期第2四半期（中間期）決算短信〔IFRS〕（連結）
2026-08-05,49110,資生堂,2026年上期（1-6月）決算説明資料
2026-08-05,49180,アイビー,令和９年３月期 第１四半期決算短信［日本基準］（非連結）
2026-08-05,49180,アイビー,Ａ種優先株式の取得及び消却に関するお知らせ
2026-08-05,49180,アイビー,第三者割当による第６回新株予約権（行使価額修正型新株予約権への転換権付）の発行に関するお知らせ
2026-08-05,49180,アイビー,第５回新株予約権（行使価額修正条項付）の支出予定時期の変更に関するお知らせ
2026-08-05,491A0,ｉＳＳ＆Ｐ除く金融,ＥＴＦの収益分配金見込額のお知らせ
2026-08-05,49510,エステー,2027年３月期 第１四半期決算短信〔日本基準〕（連結）
2026-08-05,49510,エステー,2027年3月期 第１四半期 決算資料
2026-08-05,49680,荒川化学,2027年３月期 第１四半期 決算短信〔日本基準〕（連結）
2026-08-05,49680,荒川化学,2027年３月期 第１四半期決算 DATABOOK
2026-08-05,49720,綜研化学,2027年３月期第１四半期決算短信〔日本基準〕(連結)
2026-08-05,50150,ＢＰカストロール,2026年12月期 第２四半期（中間期）決算短信〔日本基準〕(非連結)
2026-08-05,50150,ＢＰカストロール,2026年12月期第２四半期（中間期）個別業績予想と実績値との差異及び通期個別業績予想の修正に関するお知らせ
2026-08-05,50150,ＢＰカストロール,剰余金の配当（中間配当）及び期末配当予想の修正に関するお知らせ
2026-08-05,51870,クリエート,2026年12月期 第2四半期(中間期)決算短信[日本基準](連結)
2026-08-05,51870,クリエート,第2四半期(中間期)業績予想と実績値との差異および通期連結業績予想の修正に関するお知らせ
2026-08-05,51890,桜ゴム,2027年３月期 第1四半期決算短信〔日本基準〕(連結)
2026-08-05,51990,不二ラテ,2027年3月期 第1四半期決算短信〔日本基準〕（連結）
2026-08-05,519A0,Ｇ－ベーシック,2026年12月期 第２四半期（中間期）決算短信〔日本基準〕（非連結）
2026-08-05,523A0,Ｇ－セイワＨＤ,大栄パーカー株式会社の株式の取得（子会社化）に関するお知らせ
2026-08-05,52840,ヤマウＨＤ,2027年３月期 第１四半期決算短信〔日本基準〕（連結）
2026-08-05,53010,東海カーボン,人事異動に関するお知らせ
2026-08-05,53010,東海カーボン,第2四半期（中間期）連結業績予想と実績値との差異及び通期連結業績予想の修正に関するお知らせ
2026-08-05,53010,東海カーボン,2026年12月期第２四半期（中間期）決算短信〔日本基準〕(連結)
2026-08-05,53040,ＳＥＣカーボン,自己株式の取得状況に関するお知らせ
2026-08-05,53800,新東,業績予想に関するお知らせ
2026-08-05,53840,ＦＵＪＩＭＩ,2027年３月期 第１四半期決算短信〔日本基準〕（連結）
2026-08-05,53840,ＦＵＪＩＭＩ,連結子会社からの配当金受領に関するお知らせ
2026-08-05,54060,神戸鋼,2027年３月期 第１四半期決算短信〔日本基準〕（連結）
2026-08-05,54060,神戸鋼,2026年度第1四半期 決算説明資料
2026-08-05,54110,ＪＦＥ,2027年３月期第1四半期 決算短信〔ＩＦＲＳ〕（連結）
2026-08-05,54110,ＪＦＥ,業績予想および配当予想の修正に関するお知らせ
2026-08-05,54110,ＪＦＥ,2027年3月期第1四半期決算 インベスターズ・ミーティング資料
2026-08-05,54460,北越メタル,自己株式立会外買付取引(ToSTNet-3)による自己株式の取得結果および自己株式の取得終了に関するお知らせ
2026-08-05,54800,冶金工,2027年３月期第1四半期決算短信〔日本基準〕(連結)
2026-08-05,54800,冶金工,業績予想の修正に関するお知らせ
2026-08-05,55630,新日本電工,関係会社株式評価損の計上及び持分法による投資損失計上に関するお知らせ
2026-08-05,55630,新日本電工,自己株式の消却に関するお知らせ
2026-08-05,55630,新日本電工,業績予想及び配当予想の修正に関するお知らせ
2026-08-05,55630,新日本電工,2026年12月期 第２四半期（中間期）決算短信〔日本基準〕（連結）
2026-08-05,55630,新日本電工,2026年12月期 第２四半期（中間期）決算説明資料
2026-08-05,55750,Ｇ－Ｇｌｏｂｅｅ,支配株主等に関する事項について
2026-08-05,56600,神鋼鋼線,2027年３月期第１四半期決算短信〔日本基準〕(連結)
2026-08-05,56600,神鋼鋼線,自己株式の消却に関するお知らせ
2026-08-05,57020,大紀アルミ,業績予想及び配当予想の修正に関するお知らせ
2026-08-05,58340,Ｇ－ＳＢＩリーシング,オペレーティング・リース事業ファンドへの立替出資のお知らせ
2026-08-05,58440,京都ＦＧ,自己株式の取得状況に関するお知らせ
2026-08-05,58510,リョービ,2026年12月期 第2四半期（中間期）決算短信〔日本基準〕（連結)
2026-08-05,58510,リョービ,期末配当予想の修正（増配）に関するお知らせ
2026-08-05,58510,リョービ,自己株式取得に係る事項の決定に関するお知らせ
2026-08-05,58520,アーレスティ,2027年３月期第１四半期決算短信〔日本基準〕(連結)
2026-08-05,58520,アーレスティ,2026年度第１四半期 決算説明資料
2026-08-05,585A4,Ｅ－ＪＡＭＰＦＭ,上場ETF（管理会社：JAMPファンド・マネジメント）に関する日々の開示事項
2026-08-05,587A4,Ｅ－インベスコＱＱＱ,インベスコQQQトラスト シリーズ1 に関する日々の開示事項
2026-08-05,59010,洋缶ＨＤ,2027年3月期 第1四半期決算短信〔日本基準〕（連結）
2026-08-05,59010,洋缶ＨＤ,第2四半期・通期における連結業績予想の修正（上方修正）に関するお知らせ
2026-08-05,59010,洋缶ＨＤ,自己株式取得に係る事項の決定に関するお知らせ（会社法第165条第2項の規定による定款の定めに基づく自己株式の取得）
2026-08-05,59380,ＬＩＸＩＬ,完全子会社（LIXILシャワートイレテック株式会社）の 吸収合併（簡易合併・略式合併）に関するお知らせ
2026-08-05,59490,ユニプレス,譲渡制限付株式報酬としての自己株式の処分の払込完了に関するお知らせ
2026-08-05,59560,トーソー,2027年３月期 第１四半期決算短信〔日本基準〕(連結)
2026-08-05,59580,三洋工,2027年3月期 第1四半期決算短信〔日本基準〕（連結）
2026-08-05,59880,パイオラックス,2027年３月期 第１四半期決算短信〔日本基準〕（連結）
2026-08-05,59880,パイオラックス,自己株式の取得状況に関するお知らせ
2026-08-05,60130,タクマ,2027年３月期 第１四半期決算短信〔日本基準〕(連結)
2026-08-05,60130,タクマ,2027年3月期第1四半期決算補足説明資料
2026-08-05,60360,ＫｅｅＰｅｒ技研,キーパーラボ運営事業とキーパー製品等関連事業の月次速報（7月）
2026-08-05,60470,Ｇｕｎｏｓｙ,自己株式立会外買付取引（ToSTNeT-3）による自己株式の取得結果及び取得終了に関するお知らせ
2026-08-05,60470,Ｇｕｎｏｓｙ,主要株主の異動に関するお知らせ
2026-08-05,60590,ウチヤマＨＤ,2027年３月期対前年比較月次速報
2026-08-05,60880,シグマクシスＨＤ,自己株式の取得状況及び取得終了に関するお知らせ
2026-08-05,61030,オークマ,2027年３月期連結業績予想及び配当予想の修正に関するお知らせ
2026-08-05,61030,オークマ,2027年３月期第１四半期決算短信〔日本基準〕(連結)
2026-08-05,61130,アマダ,自己株式の取得状況に関するお知らせ
2026-08-05,61180,アイダ,2027年３月期第1四半期決算発表日の決定に関するお知らせ
2026-08-05,61430,ソディック,当社サーバーへの不正アクセスに関するお知らせ（最終報）
2026-08-05,61970,ソラスト,当社株式の上場廃止に関するお知らせ
2026-08-05,62260,守谷輸送機工業,2027年３月期 第１四半期決算短信[日本基準](非連結)
2026-08-05,62260,守谷輸送機工業,2027年3月期 第1四半期 決算補足説明資料
2026-08-05,62280,ジェイ・イー・ティ,2026年12月期第１四半期決算発表日の変更に関するお知らせ
2026-08-05,62660,タツモ,2026年12月期第２四半期（中間期）連結業績予想の修正に関するお知らせ
2026-08-05,63070,サンセイ,2027年3月期 第1四半期決算短信〔日本基準〕（連結）
2026-08-05,63220,タクミナ,2027年３月期 第１四半期決算短信〔日本基準〕（連結）
2026-08-05,63240,ハーモニック,譲渡制限付株式報酬としての自己株式の処分の払込完了に関するお知らせ
2026-08-05,63280,荏原実業,2026年12月期 第2四半期（中間期）決算短信〔日本基準〕（連結）
2026-08-05,63280,荏原実業,2026年12月期 第2四半期 決算補足説明資料
2026-08-05,63280,荏原実業,中期経営計画の数値目標修正に関するお知らせ
2026-08-05,63630,酉島製,2027年３月期 第１四半期決算短信〔日本基準〕(連結)
2026-08-05,64790,ミネベアミツミ,2027年３月期 第１四半期決算短信〔IFRS〕（連結）
2026-08-05,64790,ミネベアミツミ,2027年３月期第１四半期 決算説明会資料
2026-08-05,64790,ミネベアミツミ,従業員持株会向け譲渡制限付株式インセンティブ制度の導入に関するお知らせ
2026-08-05,64810,ＴＨＫ,2026年12月期 第2四半期（中間期）決算短信〔ＩＦＲＳ〕（連結）
2026-08-05,64810,ＴＨＫ,2026年12月期第2四半期（中間期）の業績予想値と実績値との差異に関するお知らせ
2026-08-05,64810,ＴＨＫ,業績予想の修正に関するお知らせ
2026-08-05,64810,ＴＨＫ,剰余金の配当（中間配当）および期末配当予想の修正に関するお知らせ
2026-08-05,65220,Ｇ－アスタリスク,（訂正）「株主優待（設立20周年記念株主優待）の実施に関するお知らせ」の一部訂正について
2026-08-05,65220,Ｇ－アスタリスク,株主優待（設立20 周年記念株主優待）の実施に関するお知らせ
2026-08-05,65350,アイモバイル,社外取締役の逝去及び退任に関するお知らせ
2026-08-05,65940,ニデック,株主からの提訴請求について
2026-08-05,65940,ニデック,2027年３月期第１四半期決算短信の開示が四半期末後45日を超えることに関するお知らせ
2026-08-05,66450,オムロン,2027年3月期 第1四半期決算短信〔IFRS〕（連結）
2026-08-05,66450,オムロン,2027年3月期 第1四半期決算説明資料
2026-08-05,66560,ＩＮＳＰＥＣ,第三者割当による第19回新株予約権（行使価額修正条項付）の発行に関するお知らせ
2026-08-05,66560,ＩＮＳＰＥＣ,第19回新株予約権（行使価額修正条項付）による資金調達に関する補足説明資料
2026-08-05,66740,ＧＳユアサ,2027年３月期第１四半期決算短信〔日本基準〕（連結）
2026-08-05,66740,ＧＳユアサ,2027年３月期 第２四半期（中間期）及び通期業績予想の修正に関するお知らせ
2026-08-05,66780,テクノメディカ,自己株式の取得及び自己株式立会外買付取引（ToSTNeT-3）による自己株式の買付けに関するお知らせ
2026-08-05,66780,テクノメディカ,2027年３月期 第１四半期決算短信〔日本基準〕（非連結）
2026-08-05,66780,テクノメディカ,2027年３月期 第２四半期（中間期）業績予想の修正に関するお知らせ
2026-08-05,67240,エプソン,2027年３月期 第１四半期決算短信〔ＩＦＲＳ〕（連結）
2026-08-05,67240,エプソン,自己株式取得に係る事項の決定に関するお知らせ
2026-08-05,67240,エプソン,2026年度（2027年3月期）第1四半期 決算説明会資料
2026-08-05,67300,アクセル,2027年３月期 第１四半期決算短信〔日本基準〕（連結）
2026-08-05,67300,アクセル,2027年３月期 第１四半期決算説明資料
2026-08-05,67400,ＪＤＩ,第14回新株予約権の一部行使のお知らせ
2026-08-05,67450,ホーチキ,2027年3月期 第1四半期決算短信〔日本基準〕(連結)
2026-08-05,67450,ホーチキ,2027年3月期 第1四半期連結決算に関する補足説明資料
2026-08-05,67580,ソニーグループ,自己株式の取得状況に関するお知らせ（会社法第459条第１項の規定による定款の定めに基づく自己株式の取得）
2026-08-05,67680,タムラ製,2027年3月期 第1四半期決算短信〔日本基準〕（連結）
2026-08-05,67680,タムラ製,2027年3月期 第1四半期決算概要説明資料
2026-08-05,68060,ヒロセ電,2027年3月期 第1四半期決算説明会
2026-08-05,68220,大井電気,従業員持株会を通じた譲渡制限付株式付与制度に基づく自己株式の処分に係る処分価格等の確定に関するお知らせ
2026-08-05,68670,リーダ電子,譲渡制限付株式報酬としての自己株式の処分の払込完了に関するお知らせ
2026-08-05,68770,ＯＢＡＲＡ－Ｇ,2026年９月期第３四半期決算短信〔日本基準〕(連結)
2026-08-05,68900,フェローテック,令和８年熊本地震による当社グループの被害状況と操業再開について（第二報）
2026-08-05,68940,パルステック,2027年３月期 第１四半期決算短信〔日本基準〕(連結)
2026-08-05,69410,山一電機,2027年３月期 第１四半期決算短信〔日本基準〕（連結）
2026-08-05,69410,山一電機,2027年３月期中間期及び通期連結業績予想並びに配当予想の修正に関するお知らせ
2026-08-05,69410,山一電機,2027年3月期 第１四半期決算説明会資料
2026-08-05,69470,図研,2027年3月期 第1四半期決算短信〔日本基準〕（連結）
2026-08-05,69540,ファナック,自己株式の取得状況に関するお知らせ
2026-08-05,69580,ＣＭＫ,2027年3月期 第1四半期決算短信〔日本基準〕(連結)
2026-08-05,69580,ＣＭＫ,業績予想の修正に関するお知らせ
2026-08-05,69580,ＣＭＫ,完全子会社の吸収合併に伴う特別利益(抱合せ株式消滅差益)の発生に関するお知らせ(個別決算)
2026-08-05,69580,ＣＭＫ,2027年3月期 第1四半期決算参考資料
2026-08-05,69630,ローム,2027年3月期 第1四半期決算短信[日本基準](連結)
2026-08-05,69630,ローム,業績説明 2026年度 第1四半期
2026-08-05,69630,ローム,Fact Book FY2026 Q1
2026-08-05,69760,太陽誘電,業績予想の修正に関するお知らせ
2026-08-05,69760,太陽誘電,2027年３月期 第１四半期決算短信〔日本基準〕（連結）
2026-08-05,69760,太陽誘電,2027年３月期 第１四半期 決算説明会資料
2026-08-05,69940,指月電,2027年３月期 第１四半期決算短信〔日本基準〕（連結）
2026-08-05,69940,指月電,2027年3月期第2四半期（中間期）及び通期連結業績予想並びに配当予想の修正に関するお知らせ
2026-08-05,69940,指月電,2027年３月期（2026年度）第１四半期 決算説明資料
2026-08-05,69960,ニチコン,2027年3月期第1四半期決算短信〔日本基準〕（連結）
2026-08-05,69980,日タングス,2027年３月期第１四半期決算短信〔日本基準〕(連結)
2026-08-05,69980,日タングス,業績予想および配当予想の修正に関するお知らせ
2026-08-05,70130,ＩＨＩ,2027年3月期 第1四半期決算短信〔IFRS〕（連結）
2026-08-05,70130,ＩＨＩ,2026年度（2027年3月期）第1四半期決算説明資料（IFRS）
2026-08-05,70360,Ｇ－イーエムネットＪ,2026年12月期 第２四半期（中間期）決算短信〔日本基準〕（非連結）
2026-08-05,70360,Ｇ－イーエムネットＪ,2026年12月期 第2四半期決算説明資料
2026-08-05,70420,アクセスグループ,株式会社Next Missionとの業務提携に関するお知らせ
2026-08-05,70630,Ｇ－Ｂｉｒｄｍａｎ,株式会社GAKUSEI RUNWAYとの業務提携及び新たな事業の開始に関するお知らせ
2026-08-05,70750,Ｇ－ＱＬＳ,累進還元に基づく株主優待制度の拡充（従来の30％増）に関するお知らせ
2026-08-05,70750,Ｇ－ＱＬＳ,2027年３月期 第１四半期決算短信〔日本基準〕（連結）
2026-08-05,71120,Ｇ－キューブ,［2026年12月期］2026年7月度 直営店月次売上速報
2026-08-05,71300,ヤマエグループＨＤ,譲渡制限付株式報酬としての新株式の払込完了に関するお知らせ
2026-08-05,71300,ヤマエグループＨＤ,2027年３月期 第１四半期決算説明資料
2026-08-05,71300,ヤマエグループＨＤ,2027年３月期 第１四半期決算短信〔日本基準〕(連結)
2026-08-05,71340,アップガレージＧ,2027年３月期 ７月度月次売上状況（速報）等について
2026-08-05,71380,Ｇ－ＴＯＲＩＣＯ,第三者割当により発行された第11回新株予約権（行使価額修正条項及び行使停止条項付）の月間行使状況に関するお知らせ
2026-08-05,71380,Ｇ－ＴＯＲＩＣＯ,イーサリアム（ETH）の追加取得及び月次保有状況に関するお知らせ（2026年7月末時点）
2026-08-05,71640,全国保証,2027年３月期 第１四半期決算短信〔日本基準〕(連結)
2026-08-05,71640,全国保証,2027年３月期第１四半期 決算短信補足資料
2026-08-05,71640,全国保証,業績連動型株式報酬制度における株式取得に係る事項の決定に関するお知らせ
2026-08-05,71670,めぶきＦＧ,2027年３月期 第１四半期決算短信〔日本基準〕(連結)
2026-08-05,71670,めぶきＦＧ,2026年度第1四半期 決算概要
2026-08-05,71670,めぶきＦＧ,業績予想の修正および配当予想の修正（増配）に関するお知らせ
2026-08-05,71670,めぶきＦＧ,2027年3月期 第1四半期末の自己資本比率について
2026-08-05,71770,ＧＭＯＦＨＤ,2026年12月期第２四半期（中間期）決算短信〔日本基準〕(連結)
2026-08-05,71770,ＧＭＯＦＨＤ,2026年７月の月次開示情報（速報）に関するお知らせ
2026-08-05,71770,ＧＭＯＦＨＤ,2026年12月期第２四半期 決算説明資料
2026-08-05,71830,あんしん保証,株式併合並びに単元株式数の定めの廃止及び定款の一部変更に関するお知らせ
2026-08-05,71830,あんしん保証,自己株式の消却に関するお知らせ
2026-08-05,71860,横浜ＦＧ,2027年３月期 第１四半期決算短信〔日本基準〕(連結)
2026-08-05,71860,横浜ＦＧ,自己株式の取得に係る事項の決定に関するお知らせ
2026-08-05,72200,武蔵精密,2027年３月期 第１四半期決算短信〔日本基準〕(連結)
2026-08-05,72310,トピー工,自己株式立会外買付取引（ToSTNeT-3）による取得結果及び取得終了に関するお知らせ
2026-08-05,72390,タチエス,2027年３月期第１四半期決算短信〔日本基準〕(連結)
2026-08-05,72390,タチエス,2027年３月期第１四半期決算説明資料
2026-08-05,72460,プレス工,2027年３月期第１四半期決算短信〔日本基準〕（連結）
2026-08-05,72460,プレス工,2027年３月期第２四半期（累計）及び通期連結業績予想の修正に関するお知らせ
2026-08-05,72460,プレス工,2027年３月期中間配当及び期末配当予想の修正（増配）に関するお知らせ
2026-08-05,72670,ホンダ,2027年3月期 第1四半期決算短信〔IFRS〕(連結)
2026-08-05,72670,ホンダ,業績予想の修正に関するお知らせ
2026-08-05,72690,スズキ,2027年３月期 第１四半期決算短信〔ＩＦＲＳ〕(連結)
2026-08-05,72690,スズキ,当社の従業員に対する譲渡制限付株式報酬制度の導入に関するお知らせ
2026-08-05,72700,ＳＵＢＡＲＵ,2027年３月期 第１四半期決算短信〔ＩＦＲＳ〕（連結）
2026-08-05,72700,ＳＵＢＡＲＵ,新たな事業の開始に関するお知らせ
2026-08-05,72700,ＳＵＢＡＲＵ,2027年３月期 第１四半期決算 アナリスト向け説明会資料
2026-08-05,72730,イクヨ,（訂正）「事業譲受に関するお知らせ」の一部訂正について
2026-08-05,72730,イクヨ,（訂正）「業績連動型株式報酬制度に基づくPSU（ユニット）の付与に関するお知らせ」の一部訂正について
2026-08-05,72800,ミツバ,2027年3月期 第1四半期決算短信〔日本基準〕（連結）
2026-08-05,72800,ミツバ,2027年3月期 第1四半期決算補足説明資料
2026-08-05,72840,盟和産,2027年3月期第1四半期決算短信〔日本基準〕（連結）
2026-08-05,73220,３３ＦＧ,2027年３月期 第１四半期末の自己資本比率について
2026-08-05,73760,Ｇ－ＢＣＣ,長野県佐久市「ひとり親就業伴走型支援事業」受託のお知らせ
2026-08-05,73840,プロクレアＨＤ,2027年３月期第１四半期決算短信〔日本基準〕(連結)
2026-08-05,73880,ＦＰパートナー,業務改善計画の進捗に関するご報告（NEXTに関する取り組み 第４回）
2026-08-05,74590,メディパル,2027年３月期 第１四半期決算短信〔日本基準〕（連結）
2026-08-05,74600,ヤギ,自己株式の取得状況に関するお知らせ
2026-08-05,74620,ＣＡＰＩＴＡ,販売用不動産取得に関するお知らせ
2026-08-05,74620,ＣＡＰＩＴＡ,販売用不動産の取得に伴う資金の借入に関するお知らせ
2026-08-05,75040,高速,譲渡制限付株式報酬としての自己株式処分の払込完了に関するお知らせ
2026-08-05,75060,ハウスローゼ,2027年3月期第1四半期決算短信 ［日本基準] （非連結）
2026-08-05,75250,リックス,譲渡制限株式報酬としての自己株式の処分の払込完了に関するお知らせ
2026-08-05,75540,幸楽苑,2027年３月期７月度売上推移速報に関するお知らせ
2026-08-05,75610,ハークスレイＨＤ,（訂正）「2027年３月期第１四半期（FY271Q） 決算補足説明資料」の一部訂正について
2026-08-05,75610,ハークスレイＨＤ,2027年３月期第１四半期決算短信〔日本基準〕（連結）
2026-08-05,75610,ハークスレイＨＤ,業績予想の修正に関するお知らせ
2026-08-05,75610,ハークスレイＨＤ,2027年３月期第１四半期（FY27１Q）決算補足説明資料
2026-08-05,75930,ＶＴＨＤ,譲渡制限付株式報酬としての自己株式の処分の払込完了に関するお知らせ
2026-08-05,76110,ハイデ日高,2027年２月期７月度売上高速報についてのお知らせ
2026-08-05,76790,薬王堂ＨＤ,2026年７月度 月次速報に関するお知らせ
2026-08-05,77250,インターアクション,（訂正・数値データ訂正）「2026年5月期 決算短信〔日本基準〕（連結）」の一部訂正について
2026-08-05,77450,Ａ＆ＤホロンＨＤ,2027年３月期 第１四半期決算短信〔日本基準〕(連結)
2026-08-05,77450,Ａ＆ＤホロンＨＤ,2027年３月期 第１四半期 決算説明資料
2026-08-05,77460,岡本硝子,行使価額修正条項付新株予約権の大量行使に関するお知らせ
2026-08-05,77510,キヤノン,自己株式の取得状況に関するお知らせ
2026-08-05,77600,ＩＭＶ,2026年9月期 第3四半期決算短信〔日本基準〕(連結)
2026-08-05,78130,プラッツ,業績予想の修正に関するお知らせ
2026-08-05,79380,リーガル,自己株式立会外買付取引（ToSTNeT－3）による自己株式の買付けに関するお知らせ
2026-08-05,79380,リーガル,2027年2月期第1四半期決算短信〔日本基準〕（連結）
2026-08-05,79630,興研,2026年12月期 第２四半期（中間期）決算短信〔日本基準〕(連結）
2026-08-05,79660,リンテック,譲渡制限付株式報酬としての自己株式の処分の払込完了に関するお知らせ
2026-08-05,79790,松風,2027年3月期第1四半期決算短信〔日本基準〕（連結）
2026-08-05,79790,松風,2027年3月期第1四半期 決算発表参考資料
2026-08-05,79790,松風,配当予想の修正（増配）に関するお知らせ
2026-08-05,79790,松風,株主優待制度の一部変更に関するお知らせ
2026-08-05,79800,重松製作,特別利益の計上に関するお知らせ
2026-08-05,79910,マミヤオーピー,2027年３月期 第１四半期決算短信〔日本基準〕（連結）
2026-08-05,79910,マミヤオーピー,2027年３月期 第１四半期 決算説明資料
2026-08-05,80020,丸紅,2027年3月期第1四半期決算短信（監査法人による期中レビューの完了）
2026-08-05,80160,オンワードＨＤ,2026年7月度月次売上概況
2026-08-05,80560,ＢＩＰＲＯＧＹ,2027年3月期 第1四半期決算短信〔ＩＦＲＳ〕（連結）
2026-08-05,80560,ＢＩＰＲＯＧＹ,2027年3月期 第1四半期連結決算補足 資料
2026-08-05,80980,稲畑産,2027年3月期 第1四半期決算短信〔日本基準〕（連結）
2026-08-05,81070,キムラタン,2027年3月期 第1四半期決算短信〔日本基準〕(連結)
2026-08-05,81130,ユニチャーム,2026年12月期 第2四半期（中間期）決算短信〔ＩＦＲＳ〕（連結）
2026-08-05,81130,ユニチャーム,2026年12月期 第2四半期決算説明資料
2026-08-05,81170,中央自動車工業,譲渡制限付株式報酬としての自己株式の処分の払込完了に関するお知らせ
2026-08-05,81170,中央自動車工業,2027年３月期 第１四半期決算短信〔日本基準〕（連結）
2026-08-05,81290,東邦ＨＤ,2027年３月期 第１四半期決算短信〔日本基準〕(連結)
2026-08-05,81380,三京化成,2027年３月期 第１四半期決算短信〔日本基準〕(連結)
2026-08-05,81500,三信電気,2027年３月期 第１四半期決算短信〔日本基準〕（連結）
2026-08-05,81500,三信電気,第２四半期（中間期）の連結業績予想（上方修正）に関するお知らせ
2026-08-05,81500,三信電気,自己株式の消却に関するお知らせ
2026-08-05,81510,東陽テクニカ,2026年9月期 第3四半期決算短信〔日本基準〕（連結）
2026-08-05,81510,東陽テクニカ,2026年9月期 第3四半期決算説明資料
2026-08-05,81510,東陽テクニカ,自己株式取得に係る事項の決定及び自己株式の消却に関するお知らせ
2026-08-05,81590,立花エレ,2027年3月期 第1四半期決算短信〔日本基準〕(連結)
2026-08-05,81590,立花エレ,2027年３月期通期連結業績予想の上方修正に関するお知らせ
2026-08-05,81660,タカキュー,月次売上高前年比情報（速報）のお知らせ
2026-08-05,81670,リテールパートナーズ,自己株式の取得状況に関するお知らせ
2026-08-05,82000,リンガーハット,2026年7月度 月次情報
2026-08-05,82550,アクシアル,７月度月次業績推移（前年比）
2026-08-05,83040,あおぞら,特定子会社の異動に関するお知らせ
2026-08-05,83080,りそなＨＤ,自己株式の取得状況および取得終了に関するお知らせ
2026-08-05,83580,スルガ銀,自己株式の取得状況に関するお知らせ
2026-08-05,83590,八十二長野銀行,自己株式の取得状況に関するお知らせ
2026-08-05,83860,百十四銀,2027年3月期 第1四半期決算短信〔日本基準〕（連結）
2026-08-05,83860,百十四銀,従業員持株会向け譲渡制限付株式インセンティブとしての自己株式の処分の払込完了及び一部失権に関するお知らせ
2026-08-05,83860,百十四銀,業績連動型株式報酬制度の継続に関するお知らせ
2026-08-05,83950,佐賀銀,2027年3月期 第1四半期決算短信〔日本基準〕(連結)
2026-08-05,83950,佐賀銀,株式報酬制度の詳細決定に関するお知らせ
2026-08-05,85220,名古屋銀,2027年３月期 第１四半期決算短信〔日本基準〕（連結）
2026-08-05,85240,北洋銀行,2027年３月期 第１四半期決算短信〔日本基準〕（連結）
2026-08-05,85540,南日本銀,2027年３月期 第１四半期決算短信〔日本基準〕（連結）
2026-08-05,85910,オリックス,自己株式の取得状況に関するお知らせ
2026-08-05,86090,岡三,2027年3月期 第1四半期決算短信〔日本基準〕（連結）（公認会計士等による期中レビューの完了）
2026-08-05,86300,ＳＯＭＰＯＨＤ,自己株式の取得状況に関するお知らせ
2026-08-05,87250,ＭＳ＆ＡＤ,自己株式の取得状況に関するお知らせ
2026-08-05,87470,豊トラスティ証券,連結総資産の減少に関するお知らせ
2026-08-05,88440,コスモスイニシア,2027年３月期 第１四半期決算短信〔日本基準〕（連結）
2026-08-05,90060,京急,2027年３月期 第１四半期決算短信〔日本基準〕(連結)
2026-08-05,90060,京急,2027年３月期第１四半期 決算補足説明資料
2026-08-05,90060,京急,株式報酬制度に係る追加拠出に伴う自己株式の処分に関するお知らせ
2026-08-05,90100,富士急,2027年３月期第１四半期決算短信〔日本基準〕(連結)
2026-08-05,90100,富士急,自己株式の取得枠設定に関するお知らせ
2026-08-05,90120,秩父鉄道,株主優待制度の一部変更に関するお知らせ
2026-08-05,90210,ＪＲ西,2027年３月期 第１四半期決算短信〔日本基準〕(連結)
2026-08-05,90210,ＪＲ西,2026年度 第１四半期決算について
2026-08-05,90210,ＪＲ西,2027年3月期第1四半期決算説明会
2026-08-05,90270,ロジネットＪ,2027年３月期第１四半期決算短信〔日本基準〕（連結）
2026-08-05,90270,ロジネットＪ,2027年３月期 第１四半期決算説明資料
2026-08-05,90900,ＡＺ－ＣＯＭ丸和ＨＤ,2027年３月期 第１四半期決算短信〔日本基準〕（連結）
2026-08-05,90900,ＡＺ－ＣＯＭ丸和ＨＤ,2027年3月期 第１四半期 決算補足資料
2026-08-05,90900,ＡＺ－ＣＯＭ丸和ＨＤ,非上場の親会社等（その他の関係会社）の決算に関するお知らせ
2026-08-05,91010,郵船,2027年3月期 第1四半期決算短信〔日本基準〕（連結）
2026-08-05,91010,郵船,2027年３月期 配当予想の修正に関するお知らせ
2026-08-05,91270,玉井商船,2027年３月期 第１四半期決算短信〔日本基準〕（連結）
2026-08-05,91270,玉井商船,業績予想の修正及び配当予想の修正（増配）に関するお知らせ
2026-08-05,91300,共栄タンカー,2027年３月期 第１四半期決算短信〔日本基準〕（連結）
2026-08-05,91300,共栄タンカー,第２四半期（中間期）累計期間及び通期連結業績予想の修正に関するお知らせ
2026-08-05,91470,ＮＸＨＤ,自己株式の取得状況に関するお知らせ
2026-08-05,91660,Ｇ－ＧＥＮＤＡ,当社及び株式会社LDH JAPANによる合弁会社の設立に関するお知らせ
2026-08-05,92020,ＡＮＡ,自己株式の取得状況に関するお知らせ
2026-08-05,92510,Ｇ－ＡＢ＆Ｃ,国内店舗月次営業速報（2026年７月）のお知らせ
2026-08-05,92790,ギフトＨＤ,2026年10月期７月度_直営店売上速報についてのお知らせ
2026-08-05,92820,Ｉ－いちごグリーン,太陽光発電所月次発電実績（2026年7月）のお知らせ
2026-08-05,93270,イー・ロジット,新株予約権の譲渡承認に関するお知らせ
2026-08-05,93470,日本管財ＨＤ,2027年3月期第1四半期決算短信〔日本基準〕（連結）
2026-08-05,94020,中部日本放送,2027年３月期第１四半期決算短信〔日本基準〕（連結）
2026-08-05,94020,中部日本放送,2027年３月期第１四半期 決算説明資料
2026-08-05,94050,朝日放送グループＨＤ,2027年３月期 第１四半期 決算短信〔日本基準〕(連結)
2026-08-05,94050,朝日放送グループＨＤ,2027年３月期 第１四半期 決算補足資料
2026-08-05,94120,スカパーＪＳＡＴ,2027年3月期第１四半期期決算決算短信〔日本基準〕(連結)
2026-08-05,94120,スカパーＪＳＡＴ,2027年3月期第１四半期決算短信補足資料
2026-08-05,94120,スカパーＪＳＡＴ,2027年3月期第１四半期決算説明会資料
2026-08-05,94490,ＧＭＯ,自己株式の取得状況に関するお知らせ
2026-08-05,95040,中国電力,2027年３月期 第１四半期決算短信〔日本基準〕(連結)（公認会計士等による期中レビューの完了）
2026-08-05,95330,東邦瓦斯,自己株式の取得状況に関するお知らせ
2026-08-05,95430,静岡ガス,2026年12月期 第2四半期（中間期）決算短信〔日本基準〕(連結)
2026-08-05,95430,静岡ガス,期末配当予想の修正（増配）に関するお知らせ
2026-08-05,95430,静岡ガス,2026年12月期 第2四半期決算 補足説明資料
2026-08-05,96190,イチネンＨＤ,業績予想の修正および特別利益（負ののれん発生益）の計上に関するお知らせ
2026-08-05,96190,イチネンＨＤ,2027年３月期 第１四半期決算短信〔日本短信〕（連結）
2026-08-05,96190,イチネンＨＤ,当社の組織改編および役員・幹部社員の異動並びに連結子会社の役員異動に関するお知らせ
2026-08-05,96190,イチネンＨＤ,2026年８月版会社説明会用資料（決算補足説明資料）
2026-08-05,96980,クレオ,自己株式取得の取得状況に関するお知らせ（会社法第459 条第1 項の規定による定款の定めに基づく自己株式の取得）
2026-08-05,97130,ロイヤルホテル,2027年3月期 第１四半期決算短信〔日本基準〕（連結）
2026-08-05,97130,ロイヤルホテル,ホテル運営事業における基本合意書締結のお知らせ
2026-08-05,97150,トランスコスモス,2027年3月期 第1四半期決算短信〔日本基準〕（連結）（公認会計士等による期中レビューの完了）
2026-08-05,98160,ストライダーズ,2027年３月期 第1四半期決算説明資料
2026-08-05,98370,モリト,自己株式の取得状況に関するお知らせ
2026-08-05,98760,コックス,2027年２月期 ７月度 月次売上高前年比速報のお知らせ
2026-08-05,98820,イエローハット,譲渡制限付株式報酬としての自己株式の処分の払込完了に関するお知らせ
2026-08-05,98850,シャルレ,自己株式の取得状況に関するお知らせ
2026-08-05,99130,日邦産業,2027年３月期第１四半期決算短信〔日本基準〕(連結)
2026-08-06,13264,Ｅ－ワールド,SPDRゴールド・シェアに関する日々の開示事項
2026-08-06,13294,Ｅ－ブラックロック,上場ETF（管理会社：ブラックロック・ジャパン）に関する日々の開示事項
2026-08-06,13320,ニッスイ,2027年３月期 第１四半期決算短信〔日本基準〕(連結)
2026-08-06,13320,ニッスイ,2027年３月期 第１四半期決算短信補足資料
2026-08-06,13320,ニッスイ,（訂正）「2026年３月期 決算短信補足資料」の一部訂正について
2026-08-06,13430,ＮＦＪ－ＲＥＩＴ,ETFの収益分配金見込額のお知らせ
2026-08-06,13494,Ｅ－ＳＳＧＡ－ＳＩＮ,アジア国債・公債ＥＴＦ（正式名称：ＡＢＦ汎アジア債券インデックス・ファンド）に関する日々の開示事項
2026-08-06,13750,ユキグニファクトリー,2027年３月期 第１四半期決算短信〔ＩＦＲＳ〕（連結）
2026-08-06,13750,ユキグニファクトリー,2027年3月期第1四半期 決算説明資料
2026-08-06,13820,ホーブ,業績予想の修正に関するお知らせ
2026-08-06,15150,日鉄鉱,2027年３月期 第１四半期決算短信〔日本基準〕(連結)
2026-08-06,15150,日鉄鉱,2026年度（2027年3月期）第1四半期 決算説明資料
2026-08-06,15450,ナスダックヘッジ無,ETFの収益分配金見込額のお知らせ
2026-08-06,15460,ダウヘッジ無,ETFの収益分配金見込額のお知らせ
2026-08-06,15574,Ｅ－ＳＳＧＡＴＣ,State Street SPDR S&P500 ETFに関する日々の開示事項
2026-08-06,15590,ＮＦタイ株,ETFの収益分配金見込額のお知らせ
2026-08-06,15600,ＮＦマレーシア株,ETFの収益分配金見込額のお知らせ
2026-08-06,15960,ＮＺＡＭ Ｅｘ―Ｆ,弊社ＥＴＦの基準価額と市場価格の重要な乖離についてのお知らせ
2026-08-06,16510,ｉＦ高配当４０,iFreeETFの収益分配金見込額のお知らせ
2026-08-06,16620,石油資源,特別利益（投資有価証券売却益）の計上見込みについて
2026-08-06,16620,石油資源,業績予想の修正に関するお知らせ
2026-08-06,16620,石油資源,2027年3月期第1四半期決算説明資料
2026-08-06,16620,石油資源,2027年３月期 第１四半期決算短信〔日本基準〕（連結）
2026-08-06,16620,石油資源,米国タイトオイル・ガス資産の取得および連結子会社（孫会社）の異動に関するお知らせ
2026-08-06,166A0,タスキＨＤ,2026年９月期第３四半期決算発表後の質疑応答について
2026-08-06,16714,Ｅ－シンプレクス,上場ＥＴＦ(管理会社：シンプレクス・アセット・マネジメント)に関する日々の開示事項
2026-08-06,16724,Ｅ－ＷｉｓｄｏｍＴｒ,上場ETF（管理会社：WisdomTree、外国投資法人：MSL）に関する日々の開示事項
2026-08-06,16724,Ｅ－ＷｉｓｄｏｍＴｒ,上場ETF（管理会社：WisdomTree、外国投資法人：CSL）に関する日々の開示事項
2026-08-06,16770,上場外債,ＥＴＦの収益分配金見込額のお知らせ
2026-08-06,16780,ＮＦインド株,ETFの収益分配金見込額のお知らせ
2026-08-06,17800,ヤマウラ,2027年３月期 第１四半期決算短信〔日本基準〕（連結）
2026-08-06,17800,ヤマウラ,2027年３月期 第１四半期決算説明資料
2026-08-06,17930,大本組,譲渡制限付株式報酬としての自己株式の処分の払込完了に関するお知らせ
2026-08-06,18010,大成建,2027年3月期 第1四半期決算短信〔日本基準〕（連結）
2026-08-06,18070,佐藤渡辺,2027年３月期 第１四半期決算短信〔日本基準〕（連結）
2026-08-06,18070,佐藤渡辺,自己株式の取得および自己株式立会外買付取引（ToSTNeT-3）による自己株式の買付けに関するお知らせ
2026-08-06,18070,佐藤渡辺,完全子会社の吸収合併（簡易合併・略式合併）に関するお知らせ
2026-08-06,18080,長谷工,2027年３月期 第１四半期決算短信〔日本基準〕（連結）
2026-08-06,18080,長谷工,2027年３月期 第１四半期決算説明資料
2026-08-06,18080,長谷工,株式給付信託（BBT）及び株式給付型ESOPへの追加拠出に伴う第三者割当による自己株式の処分に関するお知らせ
2026-08-06,18130,不動テトラ,2027年３月期第１四半期決算短信〔日本基準〕(連結)
2026-08-06,18150,鉄建建設,2027年３月期 第１四半期決算短信〔日本基準〕（連結）
2026-08-06,181A0,ＭＸ米債１－３ヘ無,ＭＡＸＩＳ ＥＴＦの収益分配金見込額のお知らせ
2026-08-06,18260,佐田建,2027年３月期 第１四半期決算短信[日本基準]（連結）
2026-08-06,182A0,ＭＸ米債２０超ヘ無,ＭＡＸＩＳ ＥＴＦの収益分配金見込額のお知らせ
2026-08-06,18350,東鉄工,2027年３月期 第１四半期決算短信〔日本基準〕(連結)
2026-08-06,183A0,ＭＸ米債２０超ヘ有,ＭＡＸＩＳ ＥＴＦの収益分配金見込額のお知らせ
2026-08-06,18520,浅沼組,2027年３月期 第１四半期決算短信〔日本基準〕（連結）
2026-08-06,18520,浅沼組,2027年３月期 第１四半期決算補足資料
2026-08-06,18520,浅沼組,自己株式の取得に係る事項の決定及び自己株式の消却に係る事項の決定に関するお知らせ
2026-08-06,18660,北野建,令和９年３月期 第１四半期決算短信〔日本基準〕（連結）
2026-08-06,18660,北野建,執行役員の異動に関するお知らせ
2026-08-06,18710,ピーエス,2027年３月期 第１四半期決算短信〔日本基準〕（連結）
2026-08-06,18850,東亜建,2027年３月期第１四半期決算短信〔日本基準〕(連結)
2026-08-06,18880,若築建,2027年３月期 第１四半期決算短信〔日本基準〕（連結）
2026-08-06,18990,福田組,自己株式立会外買付取引（ToSTNeT-3）による自己株式の取得に関するお知らせ
2026-08-06,18990,福田組,2026年12月期 第2四半期（中間期）決算短信〔日本基準〕（連結）
2026-08-06,18990,福田組,業績予想及び配当予想の修正（増配）に関するお知らせ
2026-08-06,18990,福田組,2026年12月期 第2四半期決算説明資料
2026-08-06,18990,福田組,自己株式取得に係る事項の決定に関するお知らせ
2026-08-06,19040,大成温調,2027年３月期 第１四半期決算短信〔日本基準〕（連結）
2026-08-06,19250,大和ハウス,2027年３月期 第１四半期決算短信〔日本基準〕（連結）
2026-08-06,19250,大和ハウス,2027年３月期業績予想・配当予想の修正に関するお知らせ
2026-08-06,19380,日リーテック,2027年３月期 第１四半期決算短信〔日本基準〕（連結）
2026-08-06,19450,東京エネシス,2027年３月期 第１四半期決算短信〔日本基準〕（連結）
2026-08-06,19460,トーエネック,2027年3月期 第１四半期決算短信〔日本基準〕（連結）（公認会計士等による期中レビューの完了）
2026-08-06,19630,日揮ＨＤ,業績連動型株式報酬としての自己株式の処分の払込完了に関するお知らせ
2026-08-06,19630,日揮ＨＤ,譲渡制限付株式報酬としての自己株式の処分の払込完了に関するお知らせ
2026-08-06,19660,高田工業所,令和9年3月期 第1四半期決算短信〔日本基準〕（連結）
2026-08-06,19680,太平電,2027年３月期 第１四半期決算短信〔日本基準〕（連結）
2026-08-06,19810,協和日成,2027年３月期第１四半期決算短信〔日本基準〕（非連結）
2026-08-06,19820,日比谷設,株式報酬としての自己株式処分に関するお知らせ
2026-08-06,19820,日比谷設,2027年３月期 第１四半期決算短信〔日本基準〕（連結）
2026-08-06,19820,日比谷設,2027年３月期 第１四半期決算説明資料
2026-08-06,19820,日比谷設,2027年３月期 第１四半期FACT BOOK
2026-08-06,20010,ニップン,(株)ニップン 第１四半期連結累計期間の業績および通期連結業績予想
2026-08-06,20010,ニップン,2027年３月期 第１四半期決算短信〔日本基準〕（連結）
2026-08-06,20704,Ｎ－三菱ＵＦＪ証ＨＤ,上場ETN（発行者：三菱UFJ証券ホールディングス株式会社）に関する日々の開示事項
2026-08-06,20930,上場Ｔｒ米債０２ラダ,ＥＴＦの収益分配金見込額のお知らせ
2026-08-06,21090,ＤＭ三井製糖,2027年３月期 第１四半期決算短信〔日本基準〕（連結）（公認会計士等による期中レビューの完了）
2026-08-06,21170,ウェルネオシュガー,2027年3月期第1四半期決算短信〔ＩＦＲＳ〕（連結）
2026-08-06,21640,地域新聞社,（開示事項の経過）株主による新株予約権無償割当て差止めの仮処分の申立て却下の決定に関するお知らせ
2026-08-06,216A0,Ｐ－ライフクリエイト,私募債の発行に関するお知らせ
2026-08-06,216A0,Ｐ－ライフクリエイト,資金の借入に関するお知らせ
2026-08-06,21720,インサイト,2026年6月期 決算短信〔日本基準〕（連結）
2026-08-06,21850,シイエム・シイ,2026年9月期第3四半期決算短信〔日本基準〕（連結）
2026-08-06,22010,森永菓,2027年３月期第１四半期決算短信〔日本基準〕（連結）
2026-08-06,22010,森永菓,役員向け業績連動型株式報酬制度の継続に伴う株式報酬としての自己株式処分に関するお知らせ
2026-08-06,22880,丸大食,2027年3月期 第1四半期決算短信〔日本基準〕（連結）
2026-08-06,23450,ＨＯＤＬ１,暗号資産（イーサリアム）保有状況に関するお知らせ（2026年7月末時点）
2026-08-06,24130,エムスリー,2027年３月期 第１四半期決算短信 [IFRS]（連結）
2026-08-06,24130,エムスリー,ストックオプション（新株予約権）の付与に関するお知らせ
2026-08-06,24130,エムスリー,2027年３月期 第１四半期決算説明資料
2026-08-06,24450,タカミヤ,2027年３月期 第１四半期決算短信〔日本基準〕（連結）
2026-08-06,24450,タカミヤ,2027年３月期 第１四半期決算説明資料
2026-08-06,25170,ＭＸＳＪリートコア,ＭＡＸＩＳ ＥＴＦの収益分配金見込額のお知らせ
2026-08-06,25330,オエノンＨＤ,2026年12月期 第2四半期（中間期）決算短信〔日本基準〕（連結）
2026-08-06,25730,北海コカ,2026年12月期 第2四半期(中間期)決算短信〔日本基準〕(連結)
2026-08-06,25870,サントリーＢＦ,2026年12月期 第２四半期（中間期）決算短信〔IFRS〕（連結）
2026-08-06,25870,サントリーＢＦ,2026年12月期 第２四半期（中間期）決算補足説明資料
2026-08-06,25870,サントリーＢＦ,2026年度 第２四半期 決算説明会
2026-08-06,262A0,インターメスティック,2026年7月度(2026年12月期)国内月次売上速報
2026-08-06,26690,カネ美食品,2026年７月度の売上高のお知らせ
2026-08-06,26740,ハードオフ,2027年３月期 第１四半期決算短信〔日本基準〕（連結）
2026-08-06,26740,ハードオフ,2027年３月期第１四半期決算補足資料
2026-08-06,26740,ハードオフ,2027年３月期第１四半期 決算説明資料
2026-08-06,26780,アスクル,譲渡制限付株式報酬としての自己株式の処分に関するお知らせ
2026-08-06,26810,ゲオＨＤ,2027年3月期 第1四半期決算短信〔日本基準〕（連結）
2026-08-06,26810,ゲオＨＤ,2027年３月期 第１四半期 決算説明資料
2026-08-06,27000,木徳神糧,2026年12月期 第２四半期（中間期）決算短信〔日本基準〕（連結）
2026-08-06,27000,木徳神糧,2026年12月期第２四半期（中間期） 決算説明資料
2026-08-06,27020,マクドナルド,月次IRニュース
2026-08-06,27220,ＩＫホールディングス,2026年7月度連結月次情報のお知らせ
2026-08-06,27340,サーラ,自己株式の取得状況に関するお知らせ（経過報告）
2026-08-06,27350,ワッツ,2026年８月期７月度 月次売上高対前年同月比及び店舗数推移に関するお知らせ
2026-08-06,28020,味の素,2027年3月期 第1四半期決算短信〔IFRS〕（連結）
2026-08-06,28020,味の素,通期連結業績予想の修正に関するお知らせ
2026-08-06,28020,味の素,味の素(株)による味の素ファインテクノ(株)の吸収合併に関する基本方針についてのお知らせ
2026-08-06,28380,ＭＸ米債７－１０ヘ無,ＭＡＸＩＳ ＥＴＦの収益分配金見込額のお知らせ
2026-08-06,28390,ＭＸ米債７－１０ヘ有,ＭＡＸＩＳ ＥＴＦの収益分配金見込額のお知らせ
2026-08-06,283A0,ＧＸＵＳテック配貴族,ETFの収益分配金見込額のお知らせ
2026-08-06,28430,上場豪債ヘッジあり,ＥＴＦの収益分配金見込額のお知らせ
2026-08-06,28440,上場豪債ヘッジなし,ＥＴＦの収益分配金見込額のお知らせ
2026-08-06,28450,ナスダックヘッジ有,ETFの収益分配金見込額のお知らせ
2026-08-06,28460,ダウヘッジ有,ETFの収益分配金見込額のお知らせ
2026-08-06,28610,上場フランス国債Ｈ無,ＥＴＦの収益分配金見込額のお知らせ
2026-08-06,28620,上場フランス国債Ｈ有,ＥＴＦの収益分配金見込額のお知らせ
2026-08-06,28650,ＧＸＮＤＸカバコ,ETFの収益分配金見込額のお知らせ
2026-08-06,28660,ＧＸ優先証券,ETFの収益分配金見込額のお知らせ
2026-08-06,28680,ＧＸＳＰＸカバコ,ETFの収益分配金見込額のお知らせ
2026-08-06,29190,マルタイ,2027年３月期 第１四半期決算短信〔日本基準〕（非連結）
2026-08-06,29260,篠崎屋,2026年９月期 ７月度月次店舗売上のお知らせ
2026-08-06,29820,ＡＤワークスグループ,2026年12月期 第２四半期（中間期）決算短信〔日本基準〕（連結）
2026-08-06,29820,ＡＤワークスグループ,2026年12月期 第２四半期 決算説明資料
2026-08-06,30020,グンゼ,譲渡制限付株式報酬としての自己株式の処分の払込完了に関するお知らせ
2026-08-06,300A0,ＭＩＣ,2027年３月期第１四半期決算説明資料
2026-08-06,300A0,ＭＩＣ,2027年３月期第１四半期決算短信〔日本基準〕(非連結)
2026-08-06,300A0,ＭＩＣ,株主優待制度の新設に関するお知らせ
2026-08-06,30240,クリエイト,2027年３月期 第１四半期決算短信[日本基準](連結)
2026-08-06,30240,クリエイト,業績予想及び配当予想並びに中期経営計画の見直しに関するお知らせ
2026-08-06,30280,アルペン,2026年６月期 決算短信〔日本基準〕（連結）
2026-08-06,30460,ＪＩＮＳＨＤ,2026年７月度（2026年８月期）月次売上状況（速報）等について
2026-08-06,30580,三洋堂ＨＤ,2027年3月期7月度の月次売上高前年比及び店舗数について
2026-08-06,30700,Ｇ－ジェリービーンズ,法人向け電気代削減・脱炭素支援の株式会社タンソーマンGXとの業務提携基本協定締結のお知らせ
2026-08-06,30700,Ｇ－ジェリービーンズ,法人向け電気代削減・脱炭素支援の株式会社タンソーマンGXとの業務提携基本協定締結のお知らせ 補足資料
2026-08-06,31010,東洋紡,2027年３月期 第１四半期決算短信〔日本基準〕（連結）
2026-08-06,31010,東洋紡,2026年度第1四半期決算説明
2026-08-06,31010,東洋紡,通期連結業績予想および配当予想に関するお知らせ
2026-08-06,31030,ユニチカ,2027年３月期 第１四半期決算短信〔日本基準〕（連結）
2026-08-06,31030,ユニチカ,2027年3月期 第1四半期 決算の概要
2026-08-06,31050,日清紡ＨＤ,2026年12月期 第２四半期（中間期）決算短信〔日本基準〕（連結）
2026-08-06,31050,日清紡ＨＤ,決算説明資料2026年12月期第２四半期（中間期）
2026-08-06,31070,ダイワボＨＤ,2027年3月期 第１四半期決算短信〔日本基準〕（連結）
2026-08-06,31070,ダイワボＨＤ,2027年3月期 第１四半期決算説明資料
2026-08-06,31510,バイタルＫＳＫ,2027年３月期第１四半期決算短信〔日本基準〕(連結)
2026-08-06,31670,ＴＯＫＡＩ ＨＤ,2027年３月期 第１四半期決算短信[日本基準]（連結）
2026-08-06,31670,ＴＯＫＡＩ ＨＤ,2027年3月期 第1四半期決算について
2026-08-06,31670,ＴＯＫＡＩ ＨＤ,自己株式取得に係る事項の決定及び自己株式の消却に関するお知らせ
2026-08-06,31670,ＴＯＫＡＩ ＨＤ,株式給付信託（BBT）に係る追加拠出に伴う自己株式の処分に関するお知らせ
2026-08-06,31970,すかいらーくＨＤ,2026年7月度 すかいらーくグループIRレポート
2026-08-06,32410,ウィル,業績予想の修正に関するお知らせ
2026-08-06,32420,アーバネット,2026年６月期 決算短信〔日本基準〕（連結）
2026-08-06,32420,アーバネット,2026年６月期 決算説明会資料
2026-08-06,32420,アーバネット,剰余金の配当（増配）に関するお知らせ
2026-08-06,32420,アーバネット,業績連動型株式報酬制度の一部改定及び継続に関するお知らせ
2026-08-06,32760,ＪＰＭＣ,（訂正）株式会社Amsterdam1及び株式会社Amsterdam2による公開買付届出書の訂正届出書の提出に伴う公開買付開始公告の訂正に関するお知らせ
2026-08-06,32890,東急不ＨＤ,2027年３月期 第１四半期決算短信〔日本基準〕（連結）
2026-08-06,32890,東急不ＨＤ,東急不動産ホールディングスグループ主要６事業会社の取締役に対する株式報酬制度における株式取得に係る事項の決定に関するお知らせ
2026-08-06,328A0,ＧＸ価格パワー日株,ETFの収益分配金見込額のお知らせ
2026-08-06,32950,Ｒ－ヒューリックＲＥ,資産運用会社の社内規程（運用ガイドライン）の一部変更に関するお知らせ
2026-08-06,33060,日製麻,株式会社Food Operation Japanの株式の取得（子会社化）に関するお知らせ
2026-08-06,33260,ランシステム,2027年3月期 第１四半期決算短信〔日本基準〕（連結）
2026-08-06,33550,クリヤマＨＤ,2026年12月期 第２四半期（中間期）決算短信〔日本基準〕（連結）
2026-08-06,33550,クリヤマＨＤ,剰余金の配当（中間配当）に関するお知らせ
2026-08-06,33550,クリヤマＨＤ,従業員持株会に対する譲渡制限付株式付与制度に基づく自己株式処分及び株式付与ＥＳＯＰ信託制度の導入に伴う自己株式処分に関するお知らせ
2026-08-06,33550,クリヤマＨＤ,海外子会社の従業員を対象としたインセンティブ・プランの導入に関するお知らせ
2026-08-06,33840,アークコア,自己株式立会外買付取引(Ｎ－ＮＥＴ３)による自己株式の取得結果及び取得終了に関するお知らせ
2026-08-06,34020,東レ,2027年３月期 第１四半期決算短信〔ＩＦＲＳ〕(連結)
2026-08-06,34020,東レ,2027年3月期第1四半期決算の概要
2026-08-06,34020,東レ,従業員持株会向け譲渡制限付株式インセンティブとしての自己株式の処分に関するお知らせ
2026-08-06,34090,北紡,（訂正）「子会社設立に関するお知らせ」の一部訂正について
2026-08-06,34220,Ｊ－ＭＡＸ,2027年３月期 第１四半期決算短信〔日本基準〕(連結)
2026-08-06,34310,宮地エンジ,2027年３月期 第１四半期決算短信〔日本基準〕（連結）
2026-08-06,34310,宮地エンジ,資本コストや株価を意識した経営の実現に向けた対応(2026年度)について
2026-08-06,34310,宮地エンジ,自己株式の取得および自己株式立会外買付取引（ToSTNeT-3）による自己株式の買付けに関するお知らせ
2026-08-06,34340,アルファＣｏ,2027年３月期第１四半期決算短信〔日本基準〕(連結)
2026-08-06,34350,サンコーテクノ,2027年３月期第１四半期決算短信〔日本基準〕(連結)
2026-08-06,34350,サンコーテクノ,譲渡制限付株式報酬としての自己株式の処分の払込完了に関するお知らせ
2026-08-06,34360,ＳＵＭＣＯ,2026年12月期 第2四半期（中間期）決算短信〔日本基準〕（連結）
2026-08-06,34360,ＳＵＭＣＯ,2026年12月期 第2四半期決算説明会資料
2026-08-06,34360,ＳＵＭＣＯ,剰余金の配当（中間配当）に関するお知らせ
2026-08-06,34490,テクノフレックス,2026年12月期 第２四半期（中間期）決算短信〔日本基準〕(連結)
2026-08-06,34490,テクノフレックス,2026年12月期 第２四半期（中間期）決算補足資料
2026-08-06,34770,Ｇ－フォーライフ,2027年３月期第１四半期決算短信〔日本基準〕（非連結）
2026-08-06,34790,Ｇ－ＴＫＰ,自己株式の取得状況および取得終了に関するお知らせ
2026-08-06,34820,ロードスター,株式無償割当てによる１株に満たない端数の処理に伴う自己株式の買取りに関するお知らせ
2026-08-06,34820,ロードスター,2026年12月期 第2四半期(中間期)決算短信〔日本基準〕(連結)
2026-08-06,34820,ロードスター,2026年12月期 第2四半期決算説明資料
2026-08-06,35370,昭栄薬品,2027年３月期 第１四半期決算短信〔日本基準〕（連結）
2026-08-06,35380,ウイルプラスＨＤ,（開示事項の経過）当社子会社による事業譲受の完了に関するお知らせ
2026-08-06,35660,Ｇ－ユニネク,2026年12月期第２四半期決算説明資料
2026-08-06,35770,東海染工,2027年３月期 第１四半期決算短信〔日本基準〕（連結）
2026-08-06,36340,ソケッツ,2027年３月期 第１四半期決算説明資料
2026-08-06,36340,ソケッツ,2027年３月期 第１四半期 決算短信[日本基準](非連結)
2026-08-06,36560,ＫＬａｂ,営業外収益及び営業外費用の計上に関するお知らせ
2026-08-06,36560,ＫＬａｂ,2026年12月期 第２四半期（中間期）決算短信〔日本基準〕(連結)
2026-08-06,36700,協立情報通信,2027年３月期 第１四半期決算短信〔日本基準〕(非連結)
2026-08-06,36700,協立情報通信,2027年３月期 第１四半期決算説明資料
2026-08-06,36720,オルトプラス,2026年９月期第３四半期決算短信〔日本基準〕(連結)
2026-08-06,36720,オルトプラス,営業外費用（持分法による投資損失）の計上に関するお知らせ
2026-08-06,36760,デジハＨＤ,2027年3月期 第1四半期決算説明資料
2026-08-06,36760,デジハＨＤ,2027年3月期 第1四半期決算短信〔日本基準〕(連結)
2026-08-06,36760,デジハＨＤ,2027年３月期配当予想の修正（無配）及び株主優待制度の廃止に関するお知らせ
2026-08-06,36760,デジハＨＤ,MBOの実施及び応募の推奨のお知らせ
2026-08-06,36760,デジハＨＤ,株式会社デジタルハーツホールディングス（証券コード：3676）に対する公開買付けの開始に関するお知らせ
2026-08-06,36980,ＣＲＩ・ＭＷ,2026年９月期第３四半期決算短信〔日本基準〕(連結)
2026-08-06,36980,ＣＲＩ・ＭＷ,2026年９月期第３四半期決算補足説明資料
2026-08-06,37120,情報企画,2026年９月期 第３四半期決算短信〔日本基準〕（連結）
2026-08-06,37190,ＡＩストーム,非上場の親会社等の決算に関するお知らせ
2026-08-06,37440,サイオス,2026年12月期 第２四半期（中間期）決算短信〔日本基準〕（連結）
2026-08-06,37440,サイオス,2026年12月期 第２四半期（中間期）決算説明資料
2026-08-06,37760,ＢＢタワー,2026年12月期第２四半期（中間期）決算短信〔日本基準〕(連結)
2026-08-06,37960,いい生活,2027年3月期 第1四半期決算短信〔日本基準〕（連結）
2026-08-06,37960,いい生活,2027年3月期 第1四半期 決算説明資料
2026-08-06,38020,エコミック,2027年３月期 第１四半期決算短信〔日本基準〕（連結）
2026-08-06,38170,ＳＲＡＨＤ,自己株式の取得状況に関するお知らせ
2026-08-06,381A0,ｉＦ米国債３５Ｈ無,iFreeETFの収益分配金見込額のお知らせ
2026-08-06,382A0,ｉＦ米国債３５Ｈ有,iFreeETFの収益分配金見込額のお知らせ
2026-08-06,38340,朝日ネット,2027年３月期 第１四半期決算短信〔日本基準〕（非連結）
2026-08-06,38340,朝日ネット,2027年３月期 第１四半期 決算説明会資料
2026-08-06,38370,アドソル日進,株式報酬型ストックオプション（新株予約権）の発行内容の確定に関するお知らせ
2026-08-06,38370,アドソル日進,2027年３月期 第１四半期決算説明資料
2026-08-06,38370,アドソル日進,2027年３月期 第１四半期決算短信〔日本基準〕（連結）
2026-08-06,38640,三菱紙,2027年３月期 第１四半期決算短信〔日本基準〕（連結）
2026-08-06,38770,中越パル,2027年３月期第１四半期決算短信〔日本基準〕(連結)
2026-08-06,38770,中越パル,2026年度第１四半期 決算説明資料
2026-08-06,38800,大王紙,2027年３月期第１四半期決算短信［日本基準］（連結）
2026-08-06,39010,マークラインズ,2026年12月期 第２四半期（中間期）決算短信〔日本基準〕(連結)
2026-08-06,39010,マークラインズ,2026年12月期 第２四半期（中間期）決算補足説明資料
2026-08-06,39010,マークラインズ,自己株式取得に係る事項の決定に関するお知らせ
2026-08-06,39220,ＰＲＴＩＭＥＳ,有償ストック・オプション（新株予約権）の発行に関するお知らせ
2026-08-06,39220,ＰＲＴＩＭＥＳ,タスク・プロジェクト管理ツール「Jooto」の一般提供終了及び事業廃止の決定に関するお知らせ
2026-08-06,39700,イノベーション,譲渡制限付株式報酬としての新株式の払込完了に関するお知らせ
2026-08-06,39840,ユーザーローカル,2026年6月期 決算説明資料
2026-08-06,39840,ユーザーローカル,2026年6月期 決算短信〔日本基準〕（非連結）
2026-08-06,39920,ニーズウェル,2026年9月期 第3四半期決算短信〔日本基準〕（連結）
2026-08-06,39920,ニーズウェル,2026年9月期第3四半期 決算説明資料
2026-08-06,40040,レゾナックＨＤ,2026年12月期 第２四半期（中間期）決算短信〔ＩＦＲＳ〕（連結）
2026-08-06,40040,レゾナックＨＤ,2026年12月期 中間期決算説明資料
2026-08-06,40040,レゾナックＨＤ,通期連結業績予想の修正に関するお知らせ
2026-08-06,40040,レゾナックＨＤ,株式給付信託（BBT、BBT-RS及びJ-ESOP）に係る追加拠出に伴う自己株式の処分に関するお知らせ
2026-08-06,40080,住友精化,2027年３月期 第１四半期決算短信〔日本基準〕（連結）
2026-08-06,40080,住友精化,2027年3月期 通期業績予想に関するお知らせ
2026-08-06,40080,住友精化,配当方針の変更（DOE導入）および配当予想の修正に関するお知らせ
2026-08-06,40080,住友精化,「2045年に向けた長期ビジョン」ならびに「新中期経営計画（2026～2030年度）の骨子」の策定
2026-08-06,40120,アクシス,2026年12月期 第２四半期（中間期）決算短信〔日本基準〕（非連結）
2026-08-06,40120,アクシス,2026年12月期第２四半期決算補足説明資料
2026-08-06,40250,多木化学,令和8年12月期 第2四半期（中間期）決算短信〔日本基準〕（連結）
2026-08-06,40250,多木化学,業績予想の上方修正、配当予想の修正（増配）に関するお知らせ
2026-08-06,404A0,ＧＸ中国テック１０,ETFの収益分配金見込額のお知らせ
2026-08-06,40910,日本酸素ＨＤ,2027年３月期 第１四半期決算短信〔ＩＦＲＳ〕（連結） （公認会計士等による期中レビューの完了）
2026-08-06,40940,日化学産,2027年３月期第１四半期決算短信〔日本基準〕(連結)
2026-08-06,41090,ステラケミファ,2027年3月期 第1四半期決算短信［日本基準］(連結)
2026-08-06,41090,ステラケミファ,2027年3月期（84期）第1四半期決算説明資料
2026-08-06,41090,ステラケミファ,資本コストや株価を意識した経営の実現に向けた対応(アップデート)
2026-08-06,41090,ステラケミファ,自己株式取得に係る事項の決定に関するお知らせ
2026-08-06,41120,保土谷化,2027年３月期 第１四半期決算短信〔日本基準〕（連結）
2026-08-06,41120,保土谷化,2026年度第1四半期決算説明資料
2026-08-06,41160,大日精化,2027年３月期 第１四半期決算短信〔日本基準〕（連結）
2026-08-06,41160,大日精化,2027年３月期 第１四半期決算補足説明資料
2026-08-06,41160,大日精化,連結業績予想の修正に関するお知らせ
2026-08-06,41200,スガイ化学工業,2027年３月期 第１四半期決算短信〔日本基準〕（非連結）
2026-08-06,41860,東応化,2026年12月期第2四半期（中間期）決算短信〔日本基準〕（連結）
2026-08-06,41860,東応化,2026年12月期第2四半期決算説明資料
2026-08-06,42240,ロンシール工,2027年3月期第1四半期決算短信〔日本基準〕(連結)
2026-08-06,42340,サンエー化研,2027年3月期 第1四半期決算短信〔日本基準〕（連結）
2026-08-06,42340,サンエー化研,業績予想の修正に関するお知らせ
2026-08-06,42460,ＤＮＣ,2027年３月期第１四半期決算短信〔日本基準〕(連結)
2026-08-06,42460,ＤＮＣ,2027年３月期 業績予想の修正および配当予想の修正（増配）に関するお知らせ
2026-08-06,42460,ＤＮＣ,社員持株会向け譲渡制限付株式インセンティブとしての自己株式の処分に関するお知らせ
2026-08-06,42490,森六,2027年３月期 第１四半期決算短信〔日本基準〕（連結）
2026-08-06,42490,森六,2027年３月期 第１四半期決算補足資料
2026-08-06,42490,森六,2027年３月期 第１四半期決算概要
2026-08-06,42490,森六,特別利益（負ののれん発生益）の計上ならびに2027年３月期第２四半期（中間期）および通期連結業績予想の修正に関するお知らせ
2026-08-06,42490,森六,（開示事項の経過）財務上の特約が付されたシンジケートローン契約の期限前弁済に関するお知らせ
2026-08-06,42720,日化薬,自己株式の取得状況に関するお知らせ
2026-08-06,42740,細谷火工,令和９年３月期 第１四半期決算短信[日本基準]（非連結）
2026-08-06,42860,ＣＬホールディングス,2026年12月期第2四半期（中間期）決算短信〔ＩＦＲＳ〕（連結）
2026-08-06,42930,セプテーニＨＤ,2026年12月期 第２四半期（中間期）決算短信〔ＩＦＲＳ〕（連結）
2026-08-06,42930,セプテーニＨＤ,2026年12月期通期連結業績予想の修正に関するお知らせ
2026-08-06,429A0,テクセンド,2027年3月期第1四半期決算説明会資料
2026-08-06,429A0,テクセンド,2027年3月期第1四半期決算短信〔IFRS〕(連結)
2026-08-06,43410,西菱電機,2027年３月期 第１四半期決算短信〔日本基準〕（連結）
2026-08-06,43810,Ｇ－ビープラッツ,第三者割当により発行された第７回新株予約権（行使価額修正条項付）の大量行使に関するお知らせ
2026-08-06,43950,Ｇ－アクリート,（経過開示）特別調査委員会設置、2026年12月期第２四半期決算発表の延期及び半期報告書の提出期限延長申請の検討に関するお知らせ
2026-08-06,44040,ミヨシ油脂,2026年12月期 第２四半期（中間期）決算短信〔日本基準〕(連結)
2026-08-06,44040,ミヨシ油脂,2026年12月期第２四半期決算補足説明資料
2026-08-06,44040,ミヨシ油脂,2026年12月期第２四半期（中間期）連結業績予想と実績値との差異に関するお知らせ
2026-08-06,44040,ミヨシ油脂,自己株式取得に係る事項の決定に関するお知らせ
2026-08-06,44910,Ｃマネージメント,令和９年３月期 第１四半期決算短信〔日本基準〕（連結）
2026-08-06,44980,Ｇ－サイバートラスト,2027年3月期第1四半期 決算説明レポート（書き起こし）
2026-08-06,45020,武田薬,米国FDAによるORZEYFUL（一般名：オベポレクストン）の製造販売承認取得についてNT1を引き起こすオレキシン欠乏に対処する初めてかつ唯一の治療薬として承認
2026-08-06,45160,日本新薬,2027年３月期 第１四半期決算短信〔ＩＦＲＳ〕（連結）
2026-08-06,45240,仁丹,2027年3月期 第1四半期決算短信〔日本基準〕（連結）
2026-08-06,45270,ロート薬,2027年３月期 第１四半期決算短信[日本基準]（連結）
2026-08-06,45270,ロート薬,業績予想の修正に関するお知らせ
2026-08-06,45270,ロート薬,2027年３月期 第１四半期 決算説明会
2026-08-06,45360,参天薬,2027年３月期 第１四半期決算短信〔IFRS〕（連結）
2026-08-06,45400,ツムラ,2027年3月期 第1四半期決算短信〔日本基準〕（連結）
2026-08-06,45400,ツムラ,2027年3月期 第1四半期決算補足資料
2026-08-06,45470,キッセイ薬,自己株式の取得状況に関するお知らせ
2026-08-06,45530,東和薬品,2027年3月期 第1四半期決算短信［日本基準］（連結）
2026-08-06,45530,東和薬品,2027年3月期 第1四半期決算補足説明資料
2026-08-06,45540,富士製薬,2026年９月期 第３四半期決算短信〔日本基準〕（連結）
2026-08-06,45590,ゼリア新薬,2027年３月期 第１四半期決算短信〔日本基準〕（連結）
2026-08-06,45720,Ｇ－カルナバイオ,2026年12月期第2四半期（中間期）決算短信〔日本基準〕(連結)
2026-08-06,45720,Ｇ－カルナバイオ,2026年第2四半期決算説明資料
2026-08-06,45720,Ｇ－カルナバイオ,営業外費用及び特別損失の計上に関するお知らせ
2026-08-06,461A0,ＭＸ日株高配ＳＭＡＲ,ＭＡＸＩＳ ＥＴＦの収益分配金見込額のお知らせ
2026-08-06,46250,アトミクス,業績予想の修正に関するお知らせ
2026-08-06,46410,アルプス技,連結子会社の再編に関するお知らせ
2026-08-06,46410,アルプス技,2026年12月期 第2四半期（中間期）決算短信[日本基準](連結)
2026-08-06,46780,秀英,2027年３月期 第１四半期決算短信〔日本基準〕(連結)
2026-08-06,46800,ラウンドワン,第47期（2027年３月期）７月の売上の状況に関するお知らせ（速報）
2026-08-06,471A0,ＮＳグループ,自己株式取得状況に関するお知らせ
2026-08-06,48090,パラカ,令和8年9月期 第3四半期決算短信〔日本基準〕（非連結）
2026-08-06,48380,ＳＳＳＫ ＨＤ,自己株式の取得状況に関するお知らせ
2026-08-06,48490,エン,2027年３月期第１四半期決算短信〔日本基準〕(連結)
2026-08-06,48490,エン,2027年３月期 第１四半期 決算説明資料
2026-08-06,489A0,物流フォーカス,ETFの約款変更に関するお知らせ
2026-08-06,49010,富士フイルム,2027年3月期 第1四半期決算短信〔米国基準〕(連結)
2026-08-06,49010,富士フイルム,ビジネスイノベーション事業の持続的成長に向けたパーシャル・スピンオフを含む戦略的選択肢の検討開始に関するお知らせ
2026-08-06,490A0,Ｐ－センス・トラスト,当社従業員等に対する新株予約権（無償ストック・オプション）の発行に関するお知らせ
2026-08-06,49140,高砂香料,2027年３月期 第１四半期決算短信〔日本基準〕(連結)
2026-08-06,49140,高砂香料,2027年3月期 第1四半期決算補足説明資料
2026-08-06,49220,コーセーＨＤ,2026年12月期第２四半期（中間期）決算短信〔日本基準〕(連結)
2026-08-06,49220,コーセーＨＤ,連結子会社及び孫会社の吸収合併に関するお知らせ
2026-08-06,49220,コーセーＨＤ,希望退職施策「特別ライフチャレンジ」の実施に関するお知らせ
2026-08-06,49260,シーボン,2027年３月期 第１四半期決算短信〔日本基準〕（連結）
2026-08-06,49270,ポーラオルＨＤ,2026年12月期 第２四半期（中間期）決算短信〔日本基準〕（連結）
2026-08-06,49270,ポーラオルＨＤ,2026年12月期 第２四半期（中間期）決算補足資料
2026-08-06,49670,小林製薬,2026年12月期 第2四半期（中間期）決算短信〔日本基準〕（連結）
2026-08-06,49670,小林製薬,連結子会社(特定子会社)の異動を伴う持分譲渡に関するお知らせ
2026-08-06,49720,綜研化学,譲渡制限付株式報酬としての新株式の払込完了に関するお知らせ
2026-08-06,49750,ＪＣＵ,2027年３月期第１四半期決算短信〔日本基準〕(連結)
2026-08-06,49850,アース製薬,2026年12月期第２四半期（中間期）決算短信〔日本基準〕(連結)
2026-08-06,49850,アース製薬,2026年12月期第２四半期決算説明資料
2026-08-06,49970,日農薬,2027年３月期第１四半期決算短信〔日本基準〕(連結)
2026-08-06,50160,ＪＸ金属,2027年３月期第１四半期決算短信〔ＩＦＲＳ〕(連結)
2026-08-06,50160,ＪＸ金属,通期業績予想の修正に関するお知らせ
2026-08-06,50160,ＪＸ金属,2027年３月期第１四半期決算説明資料
2026-08-06,50210,コスモエネルギーＨＤ,2027年３月期 第１四半期決算短信〔日本基準〕（連結）
2026-08-06,50210,コスモエネルギーＨＤ,株式報酬制度の継続に関するお知らせ（詳細決定）
2026-08-06,504A0,Ｇ－イノバセル,ICEF15 国際共同第III相治験（Fidelia 試験）の組入れ進捗状況及び日本・欧州における患者募集終了に関するお知らせ
2026-08-06,504A0,Ｇ－イノバセル,2026年12月期 第２四半期（中間期）決算短信〔日本基準〕（連結）
2026-08-06,51100,住友ゴム,2026年12月期 第２四半期（中間期）決算短信〔ＩＦＲＳ〕（連結）
2026-08-06,51100,住友ゴム,第135期 第2四半期決算説明会資料
2026-08-06,51610,西川ゴム,2027年３月期 第１四半期決算短信〔日本基準〕（連結）
2026-08-06,51610,西川ゴム,2027年３月期 第１四半期決算補足説明資料
2026-08-06,51620,朝日ラバー,投資有価証券売却益（特別利益）の計上見込みに関するお知らせ
2026-08-06,51620,朝日ラバー,業績予想の修正に関するお知らせ
2026-08-06,51620,朝日ラバー,2027年３月期 第1四半期決算短信〔日本基準〕（連結）
2026-08-06,51620,朝日ラバー,連結決算参考資料2027年３月期（第57期）第１四半期（4～6月）
2026-08-06,51850,フコク,2027年３月期 第１四半期決算短信〔日本基準〕（連結）
2026-08-06,52080,有沢製,2027年3月期 第1四半期決算短信〔日本基準〕（連結）
2026-08-06,52080,有沢製,業績予想および配当予想の修正に関するお知らせ
2026-08-06,52080,有沢製,生産能力増強に向けた設備投資（固定資産の取得）の追加に関するお知らせ
2026-08-06,52330,太平洋セメ,2027年３月期 第１四半期決算短信〔日本基準〕(連結)
2026-08-06,52330,太平洋セメ,2026年度 第１四半期 決算説明資料
2026-08-06,523A0,Ｇ－セイワＨＤ,名古屋証券取引所ネクスト市場への重複上場のお知らせ
2026-08-06,52540,Ｇ－Ａｒｅｎｔ,2026年6月期 決算短信〔日本基準〕（連結）
2026-08-06,52540,Ｇ－Ａｒｅｎｔ,2026年6月期決算説明資料
2026-08-06,52540,Ｇ－Ａｒｅｎｔ,役員の異動に関するお知らせ
2026-08-06,52540,Ｇ－Ａｒｅｎｔ,自己株式の取得状況に関するお知らせ （会社法第459条第１項の規定による定款の定めに基づく自己株式の取得）
2026-08-06,52610,リソル,2027年３月期 第１四半期決算短信〔日本基準〕（連結）
2026-08-06,52820,ジオスター,2027年３月期第１四半期決算短信〔日本基準〕(連結)
2026-08-06,52850,ヤマックス,2027年３月期 第１四半期決算短信〔日本基準〕（連結）
2026-08-06,53010,東海カーボン,2026年12月期第2四半期決算説明会資料
2026-08-06,53330,ＮＧＫ,2027年３月期第１四半期決算短信〔日本基準〕(連結)（公認会計士等による期中レビューの完了）
2026-08-06,53550,日坩堝,譲渡制限付株式としての自己株式処分の払込完了に関するお知らせ
2026-08-06,53550,日坩堝,2027年3月期 第1四半期決算短信〔日本基準〕（連結）
2026-08-06,53800,新東,2026年6月期 決算短信[日本基準] (非連結)
2026-08-06,53800,新東,自己株式取得に係る事項の決定に関するお知らせ
2026-08-06,53910,Ａ＆Ａマテリアル,2027年３月期 第１四半期決算短信〔日本基準〕(連結)
2026-08-06,54510,ヨドコウ,2027年３月期 第１四半期決算短信〔日本基準〕（連結）
2026-08-06,54510,ヨドコウ,業績予想および配当予想の修正に関するお知らせ
2026-08-06,54610,中部鋼鈑,自己株式の取得状況に関するお知らせ
2026-08-06,55280,Ｐ－フロンティアＨＳ,販売用不動産の売却に関するお知らせ
2026-08-06,55350,ミガロＨＤ,2027年3月期 第1四半期決算短信〔日本基準〕（連結）
2026-08-06,55350,ミガロＨＤ,2027年3月期 第1四半期 決算説明資料
2026-08-06,55410,大平洋金,2027年３月期第１四半期決算短信〔日本基準〕(連結)
2026-08-06,55410,大平洋金,営業外収益(持分法による投資利益)の計上に関するお知らせ
2026-08-06,56020,栗本鉄,2027年３月期第１四半期決算短信〔日本基準〕(連結)
2026-08-06,56020,栗本鉄,子会社の吸収合併に伴う特別損失（抱合せ株式消滅差損）の計上に関するお知らせ（個別決算）
2026-08-06,56020,栗本鉄,自己株式取得に係る事項の決定及び自己株式の消却に関するお知らせ
2026-08-06,56070,中央可鍛,2027年３月期第１四半期決算短信〔日本基準〕(連結)
2026-08-06,56320,三菱製鋼,2027年３月期第１四半期決算短信〔日本基準〕(連結)
2026-08-06,56320,三菱製鋼,2027年３月期第２四半期業績予想の修正に関するお知らせ
2026-08-06,56320,三菱製鋼,2027年３月期第１四半期決算説明資料
2026-08-06,563A0,ＧＸナスＤカバコ,ETFの収益分配金見込額のお知らせ
2026-08-06,56440,メタルアート,2027年３月期 第１四半期決算短信
2026-08-06,56440,メタルアート,2027年3月期第１四半期決算並びに2027年３月期業績予想修正の補足説明資料
2026-08-06,56440,メタルアート,業績予想の修正に関するお知らせ
2026-08-06,56440,メタルアート,2027年３月期の配当予想の修正に関するお知らせ
2026-08-06,56440,メタルアート,今後の企業価値向上に向けた取組みについて
2026-08-06,56580,日亜鋼,自己株式の取得状況に関するお知らせ
2026-08-06,57110,三菱マ,2027年3月期第1四半期決算短信〔日本基準〕（連結）
2026-08-06,57110,三菱マ,2027年3月期第1四半期決算補足説明資料
2026-08-06,57110,三菱マ,業績予想の修正に関するお知らせ
2026-08-06,57110,三菱マ,（開示事項の経過）株式報酬制度に係る追加信託設定のお知らせ
2026-08-06,57110,三菱マ,（開示事項の変更）会社分割（簡易吸収分割）による銅精鉱の購入および電気銅等の販売に係る事業の統合に関する最終契約書の締結について
2026-08-06,57290,日精鉱,譲渡制限付株式報酬としての自己株式の処分に関するお知らせ
2026-08-06,57290,日精鉱,2027年３月期 第１四半期決算短信〔日本基準〕（連結）
2026-08-06,57290,日精鉱,2027年３月期 第１四半期決算概要補足説明資料
2026-08-06,57410,ＵＡＣＪ,2027年３月期 第１四半期決算短信〔ＩＦＲＳ〕（連結）
2026-08-06,57410,ＵＡＣＪ,連結業績予想及び配当予想の修正 （増配）に関するお知らせ
2026-08-06,57410,ＵＡＣＪ,2026年度第1四半期決算説明会資料
2026-08-06,58010,古河電工,2027年３月期第１四半期決算短信〔日本基準〕(連結)
2026-08-06,58010,古河電工,2027年３月期第２四半期（中間期）および通期連結業績予想の修正に関するお知らせ
2026-08-06,58160,オーナンバ,決算説明資料 (2026年12月期第２四半期（中間期）決算)
2026-08-06,58160,オーナンバ,2026年12月期第２四半期（中間期）決算短信〔日本基準〕(連結)
2026-08-06,58310,しずおかＦＧ,2027年３月期 第１四半期決算短信〔日本基準〕（連結）
2026-08-06,58310,しずおかＦＧ,通期連結業績予想の修正、期末配当予想の修正（増配）および 自己株式取得に係る事項の決定に関するお知らせ
2026-08-06,58310,しずおかＦＧ,2027年３月期 第１四半期末の自己資本比率について
2026-08-06,58380,楽天銀行,業績予想の修正に関するお知らせ
2026-08-06,58380,楽天銀行,2027年３月期 第１四半期決算短信〔日本基準〕(連結)
2026-08-06,585A4,Ｅ－ＪＡＭＰＦＭ,上場ETF（管理会社：JAMPファンド・マネジメント）に関する日々の開示事項
2026-08-06,58710,ＳＯＬＩＺＥ ＨＤ,中間期連結業績予想値と実績値との差異に関するお知らせ
2026-08-06,58710,ＳＯＬＩＺＥ ＨＤ,2026年12月期 第２四半期（中間期）決算短信〔日本基準〕（連結）
2026-08-06,58710,ＳＯＬＩＺＥ ＨＤ,2026年12月期 第2四半期決算説明資料
2026-08-06,587A4,Ｅ－インベスコＱＱＱ,インベスコQQQトラスト シリーズ1 に関する日々の開示事項
2026-08-06,58840,Ｇ－クラダシ,株式会社みとわの株式取得に関するお知らせ
2026-08-06,58840,Ｇ－クラダシ,（補足説明資料）株式会社みとわの株式取得に関するお知らせ
2026-08-06,593A0,Ｇ－ティアフォー,第三者割当増資の結果に関するお知らせ
2026-08-06,59450,天龍製鋸,2027年３月期 第１四半期決算短信〔日本基準〕(連結)
2026-08-06,59450,天龍製鋸,固定資産の譲渡に伴う特別損失の計上並びに2027年３月期第２四半期（中間期）及び通期業績予想の修正に関するお知らせ
2026-08-06,59450,天龍製鋸,中期経営計画（2024年度～2026年度）の数値目標の修正に関するお知らせ
2026-08-06,59470,リンナイ,社員持株会向け譲渡制限付株式インセンティブとしての自己株式の処分に関するお知らせ
2026-08-06,59470,リンナイ,2027年3月期 第1四半期決算短信〔日本基準〕（連結）
2026-08-06,59490,ユニプレス,2027年３月期第１四半期決算短信〔日本基準〕(連結)
2026-08-06,595A0,Ｐ－不二興産,販売用不動産の取得に関するお知らせ
2026-08-06,59700,ジーテクト,2027年３月期 第１四半期決算短信〔日本基準〕（連結）
2026-08-06,59760,ネツレン,2027年３月期 第１四半期決算短信〔日本基準〕(連結)
2026-08-06,59760,ネツレン,2027年３月期 第２四半期（累計）及び通期連結業績予想並びに第16次中期経営計画連結数値目標の修正に関するお知らせ
2026-08-06,59760,ネツレン,株式会社ドーケンの株式追加取得に関するお知らせ
2026-08-06,59760,ネツレン,設備投資に関するお知らせ
2026-08-06,59790,カネソウ,2027年3月期 第1四半期決算短信〔日本基準〕(非連結)
2026-08-06,59840,兼房,2027年３月期 第１四半期決算短信〔日本基準〕（連結）
2026-08-06,59890,エイチワン,2027年3月期 第1四半期決算短信〔IFRS〕(連結)
2026-08-06,59910,ニッパツ,2027年３月期 第１四半期決算短信〔日本基準〕（連結）
2026-08-06,60160,ジャパンエンジン,2027年3月期 第1四半期決算短信〔日本基準〕（非連結）
2026-08-06,60220,赤阪鉄,2027年３月期 第１四半期決算短信〔日本基準〕（非連結）
2026-08-06,60620,チャームケア,2026年６月期決算短信〔日本基準〕(連結)
2026-08-06,60620,チャームケア,2026年６月期 通期 決算説明資料
2026-08-06,60620,チャームケア,剰余金の配当に関するお知らせ
2026-08-06,61040,芝浦機械,決算補足説明資料（2027年3月期第1四半期決算説明資料）
2026-08-06,61130,アマダ,2027年３月期 第１四半期決算短信〔ＩＦＲＳ〕（連結）
2026-08-06,61250,岡本工機,2027年3月期第1四半期決算短信〔日本基準〕（連結）
2026-08-06,61580,和井田,2027年３月期第１四半期決算短信〔日本基準〕(連結)
2026-08-06,61820,Ｇ－メタリアル,（開示事項の経過）連結子会社である株式会社ロゼッタにおける重要な新機能開発に関するお知らせ －「超高精度（熟考）」モードに「妥当性根拠」表示機能を追加
2026-08-06,61990,セラク,自己株式の消却に関するお知らせ
2026-08-06,61990,セラク,役員の呼称変更に関するお知らせ
2026-08-06,62030,豊和工,2027年３月期 第１四半期決算短信〔日本基準〕（連結）
2026-08-06,62030,豊和工,株式給付信託（J-ESOP）に係る追加拠出に伴う第三者割当による自己株式の処分に関するお知らせ
2026-08-06,62030,豊和工,自己株式の取得及び自己株式立会外買付取引（ToSTNeT-3）による自己株式の買付けに関するお知らせ
2026-08-06,62180,エンシュウ,2027年3月期 第1四半期決算短信〔日本基準〕（連結）
2026-08-06,62260,守谷輸送機工業,譲渡制限付株式報酬としての自己株式処分の払込完了に関するお知らせ
2026-08-06,62300,ＳＡＮＥＩ,2027年３月期 第１四半期決算説明資料
2026-08-06,62490,ゲームカードＨＤ,2027年３月期 第１四半期決算短信 [日本基準]（連結）
2026-08-06,62570,藤商事,2027年3月期 第1四半期決算短信〔日本基準〕（連結）
2026-08-06,62570,藤商事,2027年3月期 第1四半期決算説明資料
2026-08-06,62570,藤商事,支配株主による当社株式の売買委託契約締結に関するお知らせ
2026-08-06,62720,レオン自機,譲渡制限付株式報酬としての自己株式の処分の払込完了に関するお知らせ
2026-08-06,62720,レオン自機,2027年３月期 第１四半期決算短信〔日本基準〕(連結)
2026-08-06,62720,レオン自機,2027年３月期 第１四半期決算補足説明資料
2026-08-06,62720,レオン自機,従業員持株会向け譲渡制限付株式インセンティブとしての自己株式の処分に関するお知らせ
2026-08-06,62720,レオン自機,自己株式取得に係る事項の決定に関するお知らせ
2026-08-06,62780,ユニオンツール,2026年12月期 第2四半期(中間期)連結業績予想と実績値との差異及び通期業績予想の修正並びに剰余金の配当(中間配当)及び期末配当予想の修正に関するお知らせ
2026-08-06,62780,ユニオンツール,2026年12月期 第2四半期(中間期)決算短信［日本基準］(連結)
2026-08-06,62820,オイレス工,2027年３月期 第２四半期（中間期）連結業績予想の修正に関するお知らせ
2026-08-06,62820,オイレス工,2027年３月期 第１四半期決算短信〔日本基準〕（連結）
2026-08-06,62820,オイレス工,2027年３月期 第１四半期 決算補足説明資料
2026-08-06,62840,ＡＳＢ機械,2026年9月期 第3四半期決算短信〔日本基準〕（連結）
2026-08-06,62840,ＡＳＢ機械,2026年9月期 第3四半期決算補足資料
2026-08-06,62840,ＡＳＢ機械,インド子会社における設備投資に関するお知らせ
2026-08-06,63150,ＴＯＷＡ,2027年３月期 第１四半期決算短信〔日本基準〕（連結）
2026-08-06,63220,タクミナ,譲渡制限付株式報酬としての自己株式の処分の払込完了に関するお知らせ
2026-08-06,63320,月島ＨＤ,2027年３月期 第１四半期決算短信〔日本基準〕（連結）
2026-08-06,63320,月島ＨＤ,27.3期 第１四半期決算補足説明資料
2026-08-06,63330,ＴＥＩＫＯＫＵ,2027年３月期 第１四半期決算短信〔日本基準〕（連結）
2026-08-06,63510,鶴見製,業績予想の上方修正に関するお知らせ
2026-08-06,63570,三精テクノロジーズ,2027年3月期 第1四半期決算短信〔日本基準〕（連結）
2026-08-06,63570,三精テクノロジーズ,譲渡制限付株式（報酬）としての自己株式の処分の払込完了に関するお知らせ
2026-08-06,63640,ＡＩＲＭＡＮ,当社従業員に対する譲渡制限付株式報酬としての 自己株式処分の処分価額等の決定に関するお知らせ
2026-08-06,63660,千代化建,2027年3月期 第1四半期決算短信〔日本基準〕(連結) 公認会計士等による期中レビューの完了）
2026-08-06,63670,ダイキン工,コミットメント型自己株式取得（FCSR）における事後調整のお知らせ
2026-08-06,63700,栗田工,2027年３月期 第１四半期決算短信〔ＩＦＲＳ〕（連結）
2026-08-06,63700,栗田工,2027年3月期第1四半期 決算説明会資料
2026-08-06,63700,栗田工,2027年3月期第1四半期 決算補足資料
2026-08-06,63830,ダイフク,2026年12月期 第２四半期（中間期）決算短信〔日本基準〕(連結)
2026-08-06,63830,ダイフク,2026年12月期 第２四半期（中間期）決算説明資料
2026-08-06,63830,ダイフク,通期業績予想、剰余金の配当（中間配当）及び期末配当予想の修正のお知らせ
2026-08-06,63830,ダイフク,2028年満期ユーロ円建転換社債型新株予約権付社債及び2030年満期ユーロ円建転換社債型新株予約権付社債の転換価額の調整に関するお知らせ
2026-08-06,63840,昭和真空,2027年３月期 第１四半期決算短信〔日本基準〕（連結）
2026-08-06,63840,昭和真空,2027年3月期第1四半期決算補足説明資料
2026-08-06,64020,兼松エンジニア,2027年3月期 第1四半期決算短信[日本基準](非連結)
2026-08-06,64080,小倉クラッチ,2027年３月期 第１四半期決算短信〔日本基準〕(連結)
2026-08-06,64170,ＳＡＮＫＹＯ,2027年３月期 第１四半期決算短信〔日本基準〕(連結)
2026-08-06,64170,ＳＡＮＫＹＯ,2027年３月期 第１四半期決算説明資料
2026-08-06,64170,ＳＡＮＫＹＯ,配当方針の変更（配当性向の引き上げ、DOE導入）及び配当予想の修正（増配）に関するお知らせ
2026-08-06,64170,ＳＡＮＫＹＯ,当社等の取締役等に対する業績連動型株式報酬制度への追加拠出に伴う第三者割当による自己株式の処分に関するお知らせ
2026-08-06,64180,日金銭,2027年３月期 第１四半期決算短信〔日本基準〕（連結）
2026-08-06,64200,ガリレイ,2027年３月期第１四半期決算短信〔日本基準〕(連結)
2026-08-06,64480,ブラザー,2027年３月期 第１四半期決算短信〔ＩＦＲＳ〕（連結）
2026-08-06,64480,ブラザー,2027年３月期 第１四半期決算説明資料
2026-08-06,64480,ブラザー,自己株式の取得状況に関するお知らせ
2026-08-06,64580,新晃工業,2027年3月期 第1四半期決算短信〔日本基準〕(連結)
2026-08-06,64580,新晃工業,2027年3月期 第1四半期決算補足説明資料
2026-08-06,64650,ホシザキ,2026年12月期第２四半期（中間期）決算短信〔日本基準〕（連結）
2026-08-06,64650,ホシザキ,株式分割、株式分割に伴う定款および自己株式取得に係る事項の一部変更、剰余金の配当（中間配当）に関するお知らせ
2026-08-06,64850,前沢給装,2027年３月期 第１四半期決算短信〔日本基準〕（非連結）
2026-08-06,64850,前沢給装,自己株式の取得および自己株式立会外買付取引（ToSTNeT－３）による自己株式の買付けに関するお知らせ
2026-08-06,64860,イーグル工,2027年３月期 第１四半期決算短信〔日本基準〕（連結）
2026-08-06,64900,ＰＩＬＬＡＲ,2027年3月期 第1四半期決算短信〔日本基準〕（連結）
2026-08-06,64900,ＰＩＬＬＡＲ,業績予想及び配当予想の修正（増配）に関するお知らせ
2026-08-06,64900,ＰＩＬＬＡＲ,組織変更、役員の異動及び人事異動に関するお知らせ
2026-08-06,65050,東洋電,第三者割当による自己株式処分の払込完了に関するお知らせ
2026-08-06,65160,山洋電気,譲渡制限付株式報酬としての自己株式処分の払込完了に関するお知らせ
2026-08-06,65170,デンヨー,2027年３月期 第1四半期決算短信〔日本基準〕(連結)
2026-08-06,65170,デンヨー,2027年3月期第2四半期（中間期）連結業績予想の修正に関するお知らせ
2026-08-06,65230,ＰＨＣＨＤ,2027年３月期 第１四半期決算短信〔ＩＦＲＳ〕（連結）
2026-08-06,65240,湖北工業,2026年12月期 第２四半期（中間期）決算短信〔日本基準〕(連結)
2026-08-06,65240,湖北工業,2026年12月期第２四半期 決算説明資料
2026-08-06,65240,湖北工業,2026年12月期第２四半期 連結業績の概要
2026-08-06,65240,湖北工業,インベスターズガイド 2026年12月期第２四半期
2026-08-06,65240,湖北工業,通期業績予想の修正に関するお知らせ
2026-08-06,65250,ＫＯＫＵＳＡＩ,2027年３月期 第１四半期決算短信〔ＩＦＲＳ〕（連結）
2026-08-06,65250,ＫＯＫＵＳＡＩ,2027年３月期第２四半期（中間期）および通期連結業績予想の修正並びに配当予想の修正に関するお知らせ
2026-08-06,65250,ＫＯＫＵＳＡＩ,2027年3月期第1四半期（2026年4月～6月）決算説明資料
2026-08-06,65320,ベイカレント,自己株式の取得状況及び取得の終了並びに自己株式の消却に関するお知らせ
2026-08-06,65390,ＭＳ－Ｊａｐａｎ,2027年３月期 第１四半期決算短信〔日本基準〕（連結）
2026-08-06,65390,ＭＳ－Ｊａｐａｎ,2027年３月期 第１四半期決算説明資料
2026-08-06,65390,ＭＳ－Ｊａｐａｎ,譲渡制限付株式報酬としての自己株式の処分の割当完了に関するお知らせ
2026-08-06,65440,ＪＥＳＨＤ,2027年3月期 第1四半期 決算補足資料
2026-08-06,65440,ＪＥＳＨＤ,2027年3月期 第1四半期決算短信〔日本基準〕（連結）
2026-08-06,65510,ツナグＧＨＤ,2026年９月期 第３四半期決算短信〔日本基準〕（連結）
2026-08-06,65510,ツナグＧＨＤ,2026年９月期 第３四半期決算説明資料
2026-08-06,65900,芝浦,2027年3月期 第1四半期決算短信[日本基準]（連結）
2026-08-06,65900,芝浦,2027年3月期 第1四半期決算説明資料
2026-08-06,66140,シキノハイテック,2027年３月期 第１四半期決算短信〔日本基準〕（非連結）
2026-08-06,66140,シキノハイテック,2027年３月期第１四半期決算説明資料
2026-08-06,66150,ＵＭＣエレ,2027年３月期 第１四半期決算短信〔日本基準〕（連結）
2026-08-06,66440,大崎電,譲渡制限付株式報酬としての自己株式の処分の払込完了に関するお知らせ
2026-08-06,66510,日東工,2027年3月期第1四半期決算短信〔日本基準〕(連結)
2026-08-06,66520,ＩＤＥＣ,2027年3月期 第1四半期決算短信〔日本基準〕(連結)
2026-08-06,66760,ＢＵＦＦＡＬＯ,2027年３月期 第１四半期決算短信〔日本基準〕（連結）
2026-08-06,66760,ＢＵＦＦＡＬＯ,2027年３月期 第１四半期決算説明資料
2026-08-06,66780,テクノメディカ,自己株式立会外買付取引（ToSTNeT-3）による自己株式の取得結果及び取得終了に関するお知らせ
2026-08-06,66780,テクノメディカ,（訂正）「2027年３月期 第１四半期決算短信〔日本基準〕（非連結）」の一部訂正について
2026-08-06,67440,能美防災,2027年3月期 第1四半期決算短信〔日本基準〕（連結）
2026-08-06,67440,能美防災,2027年3月期 第1四半期決算説明資料
2026-08-06,67630,帝通工,2027年３月期 第１四半期決算短信〔日本基準〕(連結)
2026-08-06,67630,帝通工,2027年３月期 第１四半期決算説明資料
2026-08-06,67630,帝通工,自己株式取得に係る事項の決定に関するお知らせ
2026-08-06,67690,ザイン,2026年12月期 第２四半期（中間期）決算短信 [日本基準] （連結）
2026-08-06,67690,ザイン,2026年12月期 第２四半期決算説明資料
2026-08-06,67710,池上通,従業員持株会向け譲渡制限付株式インセンティブとしての自己株式の処分に関するお知らせ
2026-08-06,67710,池上通,2027年３月期第１四半期決算短信〔日本基準〕(連結)
2026-08-06,67760,天昇電,2027年３月期第１四半期決算短信〔日本基準〕（連結）
2026-08-06,67870,メイコー,2027年３月期第１四半期決算短信〔日本基準〕(連結)
2026-08-06,67870,メイコー,2026年度第１四半期 決算補足説明資料
2026-08-06,67880,日本トリム,2027年３月期 第１四半期決算短信〔日本基準〕（連結）
2026-08-06,67880,日本トリム,2027年３月期 第１四半期決算補足説明資料
2026-08-06,68000,ヨコオ,2027年3月期第1四半期決算短信〔日本基準〕(連結)
2026-08-06,68000,ヨコオ,連結業績予想の修正に関するお知らせ
2026-08-06,68450,アズビル,2027年３月期 第１四半期決算短信〔ＩＦＲＳ〕（連結）
2026-08-06,68490,日本光電,2027年３月期 第１四半期決算短信〔日本基準〕（連結）
2026-08-06,68490,日本光電,2027年３月期 第１四半期決算説明資料
2026-08-06,68590,エスペック,2027年3月期 第1四半期決算短信〔日本基準〕(連結)
2026-08-06,68590,エスペック,自己株式取得に係る事項の決定に関するお知らせ
2026-08-06,68670,リーダ電子,2027年３月期 第１四半期決算短信〔日本基準〕（連結）
2026-08-06,68670,リーダ電子,営業外収益（為替差益）計上に関するお知らせ
2026-08-06,68750,メガチップス,2027年３月期第１四半期決算短信〔日本基準〕(連結)
2026-08-06,68750,メガチップス,自己株式の消却に関するお知らせ
2026-08-06,68750,メガチップス,自己株式取得に係る事項の決定及び自己株式の消却に関するお知らせ
2026-08-06,68770,ＯＢＡＲＡ－Ｇ,主要株主の異動（予定）及び公開買付けに準ずる行為として政令で定める買集め行為に関するお知らせ
2026-08-06,69200,レーザーテック,2026年6月期 決算短信〔日本基準〕 （連結）
2026-08-06,69200,レーザーテック,剰余金の配当（期末配当）に関するお知らせ
2026-08-06,69200,レーザーテック,役員人事に関するお知らせ
2026-08-06,69260,ＯＫＡＹＡ,2027年３月期 第１四半期決算短信〔日本基準〕（連結）
2026-08-06,69430,ＮＫＫ,2027年３月期 第１四半期決算短信〔日本基準〕（連結）
2026-08-06,69430,ＮＫＫ,通期連結業績予想の修正に関するお知らせ
2026-08-06,69650,浜松ホトニク,2026年９月期 第３四半期決算短信〔日本基準〕（連結）
2026-08-06,69710,京セラ,自己株式の取得状況に関するお知らせ
2026-08-06,69770,日抵抗器,剰余金の配当（中間配当）に関するお知らせ
2026-08-06,69880,日東電,自己株式取得状況に関するお知らせ
2026-08-06,70040,カナデビア,2027年３月期 第１四半期決算短信〔日本基準〕（連結）
2026-08-06,70040,カナデビア,当社取締役および執行役員に対する株式報酬制度の信託期間延長について
2026-08-06,70140,名村造船,2027年3月期 第1四半期決算短信〔日本基準〕(連結)
2026-08-06,70180,内海造,2027年3月期 第1四半期決算短信〔日本基準〕（連結）
2026-08-06,70330,ＭＳＯＬ,当社元従業員等に対する損害賠償請求訴訟の提起に関するお知らせ
2026-08-06,70490,Ｇ－識学,2027年2月期プラットフォームサービス月次売上高(7月度)のお知らせ
2026-08-06,70630,Ｇ－Ｂｉｒｄｍａｎ,固定資産（系統用蓄電池設備）の取得に関するお知らせ
2026-08-06,70630,Ｇ－Ｂｉｒｄｍａｎ,固定資産（系統用蓄電池設備）の取得に関するお知らせ
2026-08-06,70810,レンティア,2026年12月期第２四半期（中間期）連結業績予想数値と実績値との差異及び通期連結業績予想の修正に関するお知らせ
2026-08-06,70810,レンティア,剰余金の配当（中間配当）に関するお知らせ
2026-08-06,70810,レンティア,2026年12月期 第２四半期（中間期）決算短信〔日本基準〕（連結）
2026-08-06,70820,Ｇ－ジモティー,株式併合並びに単元株式数の定めの廃止及び定款一部変更に関する臨時株主総会開催のお知らせ
2026-08-06,70820,Ｇ－ジモティー,自己株式の消却に関するお知らせ
2026-08-06,70890,Ｇ－フォースタ,2027年3月期 第1四半期決算短信〔日本基準〕（連結）
2026-08-06,70890,Ｇ－フォースタ,2027年3月期 第1四半期決算説明資料
2026-08-06,70900,Ｇ－リグア,2027年３月期 第１四半期決算短信〔日本基準〕（連結）
2026-08-06,70900,Ｇ－リグア,2027年３月期 第１四半期決算説明資料
2026-08-06,70940,Ｇ－ＮｅｘＴｏｎｅ,2027年3月期 第1四半期決算短信〔日本基準〕(連結)
2026-08-06,70940,Ｇ－ＮｅｘＴｏｎｅ,2027年3月期 第1四半期決算説明資料
2026-08-06,70960,Ｇ－ステムセル研究所,2027年３月期 第１四半期決算短信［日本基準］(連結)
2026-08-06,70960,Ｇ－ステムセル研究所,2027年３月期 第１四半期 決算説明資料
2026-08-06,71220,近畿車輌,2027年３月期 第１四半期決算短信〔日本基準〕(連結)
2026-08-06,72080,カネミツ,2027年３月期 第１四半期決算短信〔日本基準〕（連結）
2026-08-06,72120,エフテック,2027年３月期 第１四半期決算短信〔日本基準〕(連結)
2026-08-06,72120,エフテック,当社の取締役等を対象とした業績連動型株式報酬制度への追加拠出に関するお知らせ
2026-08-06,72150,ファルテック,2027年３月期 第１四半期決算短信〔日本基準〕（連結）
2026-08-06,72150,ファルテック,執行役員の業務分担変更及び部署長の異動に関するお知らせ
2026-08-06,72260,極東開,2027年3月期 第1四半期決算短信〔日本基準〕(連結)
2026-08-06,72280,デイトナ,2026年12月期第２四半期（中間期）決算短信〔日本基準〕(連結)
2026-08-06,72380,曙ブレーキ,2027年3月期 第1四半期決算短信〔日本基準〕(連結)
2026-08-06,72380,曙ブレーキ,2027年3月期 第1四半期決算説明会資料
2026-08-06,72400,ＮＯＫ,自己株式立会外買付取引（ＴｏＳＴＮｅＴ－３）による自己株式の買付けに関するお知らせ
2026-08-06,72400,ＮＯＫ,2027年3月期 第1四半期決算短信〔日本基準〕（連結）
2026-08-06,72420,カヤバ,2027年３月期 第１四半期決算短信〔ＩＦＲＳ〕（連結）
2026-08-06,72540,ユニバンス,2027年３月期 第１四半期決算短信〔日本基準〕（連結）
2026-08-06,72550,桜井製作,2027年3月期 第１四半期決算短信［日本基準］（連結）
2026-08-06,72590,アイシン,自己株式の取得状況に関するお知らせ
2026-08-06,72610,マツダ,譲渡制限付株式報酬及び業績連動型譲渡制限付株式報酬としての自己株式の処分の払込完了に関するお知らせ
2026-08-06,72710,安永,2027年３月期第１四半期決算短信〔日本基準〕（連結）
2026-08-06,72770,ＴＢＫ,2027年３月期 第１四半期決算短信〔日本基準〕（連結）
2026-08-06,72920,村上開明,2027年３月期 第１四半期決算短信〔日本基準〕（連結）
2026-08-06,73260,Ｇ－ＳＢＩインシュ,2027年３月期 第１四半期決算短信〔日本基準〕（連結）
2026-08-06,73270,第四北越ＦＧ,2027年3月期 第1四半期末の自己資本比率について
2026-08-06,74410,Ｍｉｓｕｍｉ,自己株式の取得状況に関するお知らせ
2026-08-06,74580,第一興商,業績予想の修正に関するお知らせ
2026-08-06,74580,第一興商,2027年３月期第１四半期決算短信〔日本基準〕(連結)
2026-08-06,74580,第一興商,2027年3月期第１四半期決算補足説明資料
2026-08-06,75540,幸楽苑,2027年３月期第１四半期決算短信〔日本基準〕(非連結)
2026-08-06,76190,田中商事,2027年３月期第１四半期決算短信〔日本基準〕(連結)
2026-08-06,76280,オーハシテクニカ,2027年３月期第１四半期決算短信〔日本基準〕(連結)
2026-08-06,76280,オーハシテクニカ,株式給付信託（J-ESOP）の導入に伴う自己株式の処分に関するお知らせ
2026-08-06,76700,オーウエル,譲渡制限付株式報酬としての自己株式の処分の払込完了に関するお知らせ
2026-08-06,76700,オーウエル,2027年３月期 第１四半期決算短信〔日本基準〕(連結)
2026-08-06,76700,オーウエル,2027年３月期第２四半期（中間期）及び通期連結業績予想の修正並びに配当予想の修正に関するお知らせ
2026-08-06,76740,Ｇ－ＮＡＴＴＹＨＤ,月次報告（2026年７月度）
2026-08-06,76780,あさくま,2027年１月期７月度売上高前年対比等のお知らせ
2026-08-06,77010,島津製,2027年3月期 第1四半期決算短信〔日本基準〕(連結)
2026-08-06,77110,助川電気,2026年9月期第3四半期決算短信〔日本基準〕（非連結）
2026-08-06,77310,ニコン,2027年３月期第１四半期決算短信〔ＩＦＲＳ〕（連結）
2026-08-06,77310,ニコン,2027年3月期 第1四半期決算関係データ〔IFRS〕
2026-08-06,77520,リコー,自己株式の取得状況に関するお知らせ
2026-08-06,78230,アートネイチャー,2027年３月期 第１四半期決算短信〔日本基準〕(連結)
2026-08-06,78230,アートネイチャー,執行役員の異動のお知らせ
2026-08-06,78230,アートネイチャー,2027年3月期 第１四半期決算補足資料
2026-08-06,78260,フルヤ金属,2026年６月期 決算短信〔日本基準〕（連結)
2026-08-06,78260,フルヤ金属,剰余金の配当（増配）に関するお知らせ
2026-08-06,78260,フルヤ金属,中期経営計画の見直しに関するお知らせ
2026-08-06,78260,フルヤ金属,投資単位の引下げに関する考え方及び方針等について
2026-08-06,78320,バンダイナムコ,2027年３月期 第１四半期決算短信〔日本基準〕（連結）
2026-08-06,78320,バンダイナムコ,2027年３月期第２四半期連結累計期間業績予想の修正に関するお知らせ
2026-08-06,78320,バンダイナムコ,株式報酬としての自己株式の処分に関するお知らせ
2026-08-06,78410,遠藤製作,第2四半期業績予想値と決算値の差異に関するお知らせ
2026-08-06,78410,遠藤製作,2026年12月期 第2四半期（中間期）決算短信〔日本基準〕（連結）
2026-08-06,78440,マーベラス,自己株式の消却完了に関するお知らせ
2026-08-06,78460,パイロット,2026年12月期第２四半期（中間期）決算短信〔日本基準〕(連結)
2026-08-06,78460,パイロット,業績予想の修正及び配当予想の修正に関するお知らせ
2026-08-06,78490,スターツ出版,第２四半期（中間期）業績予想と実績値の差異及び通期業績予想の修正に関するお知らせ
2026-08-06,78490,スターツ出版,2026年12月期 第２四半期（中間期）決算短信〔日本基準〕（非連結）
2026-08-06,78570,セキ,2027年３月期 第１四半期決算短信〔日本基準〕(連結)
2026-08-06,78600,エイベックス,2027年３月期 第１四半期決算短信〔日本基準〕(連結)
2026-08-06,78600,エイベックス,2027年3月期 第1四半期業績説明資料
2026-08-06,78640,フジシール,2027年3月期 第1四半期決算短信〔日本基準〕(連結)
2026-08-06,79150,ＮＩＳＳＨＡ,剰余金の配当（中間配当）に関するお知らせ
2026-08-06,79170,ＺＡＣＲＯＳ,2027年３月期 第１四半期決算短信〔日本基準〕（連結）
2026-08-06,79170,ＺＡＣＲＯＳ,2027年３月期 第１四半期 決算補足説明資料
2026-08-06,79270,ムトー精工,2027年３月期第１四半期決算短信〔日本基準〕（連結）
2026-08-06,79380,リーガル,自己株式立会外買付取引（ToSTNeT－3）による自己株式の取得結果に関するお知らせ
2026-08-06,79550,クリナップ,2027年3月期 第1四半期決算短信〔日本基準〕（連結）
2026-08-06,79560,ピジョン,2026年12月期 第２四半期（中間期）決算短信〔日本基準〕（連結）
2026-08-06,79660,リンテック,2027年3月期 第1四半期決算短信〔日本基準〕(連結)
2026-08-06,79720,イトーキ,2026年12月期 第2四半期（中間期）決算短信〔日本基準〕(連結)
2026-08-06,79720,イトーキ,2026年12月期第２四半期（中間期）決算補足説明資料
2026-08-06,79740,任天堂,2027年3月期 第1四半期決算短信〔日本基準〕(連結)
2026-08-06,79840,コクヨ,自己株式の取得状況に関するお知らせ
2026-08-06,79850,ネポン,2027年3月期第1四半期決算短信〔日本基準〕（連結）
2026-08-06,79920,セーラー,2026年12月期 第２四半期（中間期）決算短信〔日本基準〕（連結）
2026-08-06,79920,セーラー,2026年12月期 第２四半期（中間期）連結業績予想と実績との差異に関するお知らせ
2026-08-06,79970,くろがね工作所,(訂正)2026年11月期 第２四半期（中間期）決算短信〔日本基準〕(連結)の一部訂正（文言追加）について
2026-08-06,80010,伊藤忠,2027年３月期第１四半期決算短信（監査法人による期中レビューの完了）
2026-08-06,80070,高島,2027年3月期 第1四半期決算短信〔日本基準〕（連結）
2026-08-06,80070,高島,2027年3月期第1四半期決算補足説明資料
2026-08-06,80290,ルックＨＤ,2026年12月期 第２四半期（中間期）決算短信〔日本基準〕（連結）
2026-08-06,80370,カメイ,2027年3月31日を基準日とする株主優待における継続保有条件の緩和に関するお知らせ
2026-08-06,80370,カメイ,2027年3月期 第1四半期決算短信〔日本基準〕（連結）
2026-08-06,80370,カメイ,2027年3月期 第1四半期 決算補足説明資料
2026-08-06,80370,カメイ,連結業績予想及び配当予想の修正（増配）に関するお知らせ
2026-08-06,80400,東ソワール,2026年12月期 第２四半期（中間期）決算短信〔日本基準〕(連結)
2026-08-06,80400,東ソワール,2026年12月期第２四半期 決算説明資料
2026-08-06,80450,横浜丸魚,2027年３月期 第１四半期決算短信［日本基準］（連結）
2026-08-06,80450,横浜丸魚,自己株式の消却に関するお知らせ
2026-08-06,80450,横浜丸魚,株主優待制度の変更（中間優待の新設）に関するお知らせ
2026-08-06,80580,三菱商事,2027年3月期第1四半期決算短信〔IFRS〕(連結）（監査法人による期中レビューの完了）
2026-08-06,80750,神鋼商,2027年３月期第１四半期決算短信〔日本基準〕(連結)
2026-08-06,80750,神鋼商,2026年度第１四半期決算説明資料
2026-08-06,80750,神鋼商,2027年３月期第２四半期(中間期)及び通期連結業績予想の修正並びに配当予想の修正(増配)に関するお知らせ
2026-08-06,80880,岩谷産,2027年３月期 第１四半期決算短信〔日本基準〕（連結）
2026-08-06,80930,極東貿易,自己株式の取得状況に関するお知らせ
2026-08-06,80970,三愛オブリ,自己株式取得に係る事項の決定に関するお知らせ
2026-08-06,80970,三愛オブリ,2027年3月期 第1四半期決算短信［日本基準］（連結）
2026-08-06,81110,ゴルドウイン,2027年３月期 第１四半期決算短信〔日本基準〕（連結）
2026-08-06,81110,ゴルドウイン,2027年３月期第２四半期（中間期）業績予想の修正に関するお知らせ
2026-08-06,81150,ムーンバット,2027年３月期 第１四半期決算短信〔日本基準〕（連結）
2026-08-06,81300,サンゲツ,2027年３月期 第１四半期決算短信〔日本基準〕（連結）
2026-08-06,81300,サンゲツ,2027年３月期 第１四半期決算補足説明資料
2026-08-06,81330,エネクス,2027年3月期 第1四半期決算短信〔IFRS〕(連結)（公認会計士等による期中レビューの完了）
2026-08-06,82030,ＭｒＭａｘＨＤ,連結子会社による会社分割（簡易新設分割）及び 新設会社の株式譲渡に関する基本合意書締結のお知らせ
2026-08-06,82030,ＭｒＭａｘＨＤ,2026年7月度 ＭｒＭａｘ月次の売上状況について
2026-08-06,82820,ケーズＨＤ,2027年３月期 第１四半期決算短信〔日本基準〕（連結）
2026-08-06,83060,三菱ＵＦＪ,2027年3月期 第1四半期決算短信〔日本基準〕（連結）（公認会計士又は監査法人による期中レビューの完了）
2026-08-06,83370,千葉興銀,2027年３月期 第１四半期決算短信〔日本基準〕（連結）
2026-08-06,83380,筑波銀行,2027年３月期 第１四半期決算短信〔日本基準〕(連結)
2026-08-06,83380,筑波銀行,2027年３月期 第１四半期決算概要
2026-08-06,83930,宮崎銀,2027年3月期 第１四半期決算短信〔日本基準〕（連結）
2026-08-06,85110,日証金,2027年３月期 第１四半期決算短信〔日本基準〕（連結）
2026-08-06,85600,宮崎太銀,2027年3月期 第１四半期決算短信〔日本基準〕(連結)
2026-08-06,85620,福島銀,2027年3月期 第1四半期決算短信〔日本基準〕（連結）
2026-08-06,85840,ジャックス,2027年３月期第１四半期決算短信〔日本基準〕(連結)
2026-08-06,85840,ジャックス,譲渡制限付株式報酬としての自己株式の処分の払込完了に関するお知らせ
2026-08-06,85910,オリックス,2027年３月期 第１四半期決算短信〔米国基準〕（連結）
2026-08-06,85950,ジャフコ グループ,譲渡制限付株式報酬としての自己株式の処分の払込完了に関するお知らせ
2026-08-06,85960,九州リースサービス,2027年３月期第１四半期決算短信〔日本基準〕(連結)
2026-08-06,86010,大和証Ｇ,2027 年３月期 第１四半期決算短信〔日本基準〕（連結） （公認会計士等による期中レビューの完了）
2026-08-06,86040,野村,2027年3月期 第1四半期決算短信〔米国基準〕（連結）（公認会計士等による期中レビューの完了）
2026-08-06,86240,いちよし,ストックオプション（新株予約権）の払込金額等決定に関するお知らせ
2026-08-06,86980,マネックスＧ,2027年３月期 第１四半期決算短信〔ＩＦＲＳ〕（連結）
2026-08-06,86980,マネックスＧ,2027年3月期 第1四半期 決算説明資料
2026-08-06,86980,マネックスＧ,データ集 2027年3月期 第1四半期
2026-08-06,87050,日産証券グループ,2027年３月期第１四半期決算短信〔日本基準〕(連結)
2026-08-06,87050,日産証券グループ,2027年３月期第１四半期決算説明資料
2026-08-06,87070,岩井コスモ,2027年3月期 第1四半期決算短信〔日本基準〕（連結）（公認会計士等による期中レビューの完了）
2026-08-06,87140,池田泉州,2027年３月期第１四半期末 自己資本比率について
2026-08-06,87470,豊トラスティ証券,2027年３月期第１四半期累計期間の連結業績見通しに関するお知らせ
2026-08-06,87720,アサックス,非上場の親会社等の決算に関するお知らせ
2026-08-06,87720,アサックス,2027年３月期 第１四半期決算短信〔日本基準〕(連結)
2026-08-06,88040,東建物,2026年12月期 第２四半期（中間期）決算短信〔日本基準〕（連結）
2026-08-06,88040,東建物,2026年12月期第2四半期（中間期） 決算補足説明資料
2026-08-06,88040,東建物,2026年12月期第2四半期（中間期） 決算ハイライト
2026-08-06,88040,東建物,通期業績予想及び配当予想の修正に関するお知らせ
2026-08-06,88300,住友不,2027年３月期 第１四半期決算短信［日本基準］（連結）
2026-08-06,88300,住友不,2027年３月期 第１四半期 FACT SHEETS
2026-08-06,88500,スターツ,当社子会社（スターツ出版株式会社）の業績予想に 関するお知らせについて
2026-08-06,88760,リログループ,2027年３月期第１四半期決算短信〔IFRS〕（連結）
2026-08-06,88760,リログループ,自己株式取得に係る事項の決定に関するお知らせ
2026-08-06,88760,リログループ,譲渡制限付株式報酬としての自己株式処分に関するお知らせ
2026-08-06,88760,リログループ,有償ストック・オプション（新株予約権）の発行に関するお知らせ（第二十回）
2026-08-06,88870,シーラＨＤ,販売用不動産の売却に関するお知らせ
2026-08-06,88940,ＲＥＶＯＬＵＴＩＯＮ,連結子会社における固定資産の譲渡及び特別損失の計上に関するお知らせ
2026-08-06,89140,エリアリンク,2026年7月度 月次実績
2026-08-06,89340,サンフロンティア,2027年３月期第１四半期決算短信〔日本基準〕(連結)
2026-08-06,89340,サンフロンティア,2027年３月期第１四半期 決算説明資料
2026-08-06,89640,Ｒ－三井不商業,資金の借入及び返済に関するお知らせ
2026-08-06,89670,Ｒ－ニホンロジ,資金の借入に関するお知らせ
2026-08-06,89670,Ｒ－ニホンロジ,国内不動産信託受益権の取得に関するお知らせ
2026-08-06,89750,Ｒ－いちごオフィス,ポートフォリオ稼働率速報値（2026年7月末時点）のお知らせ
2026-08-06,90080,京王,2027年３月期 第１四半期決算短信〔日本基準〕（連結）
2026-08-06,90080,京王,2026年度第１四半期決算補足説明資料
2026-08-06,90120,秩父鉄道,2027年３月期 第１四半期決算短信〔日本基準〕（連結）
2026-08-06,90250,鴻池運輸,譲渡制限付株式報酬としての自己株式の処分の払込完了に関するお知らせ
2026-08-06,90280,ゼロ,2026年6月期 決算短信[IFRS]（連結）
2026-08-06,90280,ゼロ,2026年6月期 決算補足説明資料
2026-08-06,90310,西鉄,株式報酬としての第三者割当による自己株式の処分および「役員向け株式報酬制度」に係る信託の期間延長に関するお知らせ
2026-08-06,90310,西鉄,2026年度 第１四半期決算補足説明資料
2026-08-06,90310,西鉄,2027年３月期 第１四半期決算短信〔日本基準〕(連結)
2026-08-06,90750,福山運,2027年３月期 第１四半期決算短信〔日本基準〕（連結）
2026-08-06,90750,福山運,2027年３月期 第１四半期決算説明資料
2026-08-06,90750,福山運,過年度の有価証券報告書の訂正報告書の提出に関するお知らせ
2026-08-06,90760,セイノーＨＤ,2027年3月期 第1四半期決算短信〔日本基準〕（連結）
2026-08-06,90760,セイノーＨＤ,2027年3月期第1四半期決算説明会資料
2026-08-06,90830,神姫バス,2027年３月期 第１四半期決算短信[日本基準](連結)
2026-08-06,91700,成友興業,2026年９月期 第３四半期決算短信〔日本基準〕（連結）
2026-08-06,92250,Ｇ－ブリッジコンサル,「中小企業成長加速化補助金」採択に関するお知らせ
2026-08-06,92370,Ｇ－笑美面,連結子会社によるリースによる固定資産の賃貸借に関するお知らせ
2026-08-06,92720,Ｇ－ブティックス,自己株式立会外買付取引（ToSTNeT-3）による自己株式の買付けに関するお知らせ
2026-08-06,92720,Ｇ－ブティックス,2027年３月期 第１四半期決算短信〔日本基準〕（非連結）
2026-08-06,92720,Ｇ－ブティックス,2027年３月期 第１四半期決算説明資料
2026-08-06,92780,ブックオフＧＨＤ,2026年7月 月次の売上状況について
2026-08-06,93320,ＮＩＳＳＯＨＤ,2027年３月期 第１四半期決算短信〔日本基準〕（連結）
2026-08-06,93320,ＮＩＳＳＯＨＤ,2027年３月期 第１四半期決算説明資料
2026-08-06,93550,リンコー,2027年３月期 第１四半期決算短信〔日本基準〕（連結）
2026-08-06,93550,リンコー,特別利益（負ののれん発生益）の計上及び業績予想の修正に関するお知らせ
2026-08-06,94010,ＴＢＳＨＤ,2027年３月期 第１四半期決算短信〔日本基準〕（連結）
2026-08-06,94010,ＴＢＳＨＤ,2026年度 第１四半期 決算資料
2026-08-06,94070,ＲＫＢ毎日ＨＤ,2027年３月期 第１四半期決算短信〔日本基準〕（連結）
2026-08-06,94240,日本通信,2027年３月期 第１四半期決算短信〔日本基準〕（連結）
2026-08-06,94320,ＮＴＴ,2026年度 第1四半期決算短信〔IFRS〕（連結）
2026-08-06,94320,ＮＴＴ,2026年度 第1四半期決算補足資料
2026-08-06,94320,ＮＴＴ,2026年度 第1四半期決算概要
2026-08-06,94320,ＮＴＴ,当社および当社子会社の取締役等に対する業績連動型株式報酬制度の一部改定に伴う追加拠出に関するお知らせ
2026-08-06,94330,ＫＤＤＩ,自己株式の取得状況に関するお知らせ
2026-08-06,94380,エムティーアイ,2026年９月期 第３四半期決算短信〔日本基準〕(連結)
2026-08-06,94380,エムティーアイ,特別利益の計上および通期連結業績予想の修正に関するお知らせ
2026-08-06,94410,ベルパーク,2026年12月期 第２四半期(中間期)決算短信(連結)
2026-08-06,94760,中央経済社ＨＤ,2026年９月期 第３四半期決算短信〔日本基準〕（連結）
2026-08-06,95190,レノバ,当社等の取締役等向け株式報酬制度における株式交付信託への追加拠出について
2026-08-06,95190,レノバ,当社等の従業員向け株式交付信託への追加拠出について
2026-08-06,95190,レノバ,2027年3月期第1四半期決算短信〔IFRS〕（連結）
2026-08-06,95190,レノバ,2027年3月期 第1四半期決算補足資料
2026-08-06,95320,大瓦斯,自己株式の取得状況に関するお知らせ
2026-08-06,95370,北陸瓦斯,2027年３月期 第１四半期決算短信〔日本基準〕（連結）
2026-08-06,96220,スペース,2026年12月期 第2四半期（中間期）決算短信[日本基準]（連結）
2026-08-06,96220,スペース,2026年12月期 第2四半期（中間期）決算説明資料
2026-08-06,96390,三協フロンテ,2027年3月期 第１四半期決算短信 〔日本基準〕（連結）
2026-08-06,96390,三協フロンテ,2027年3月期 配当予想の修正（増配）に関するお知らせ
2026-08-06,97220,藤田観,2026年12月期第２四半期（中間期）決算短信〔日本基準〕(連結)
2026-08-06,97220,藤田観,通期連結業績予想の修正に関するお知らせ
2026-08-06,97220,藤田観,2026年12月期 第2四半期（中間期） 決算説明資料
2026-08-06,97260,ＫＮＴＣＴ,2027年３月期第１四半期決算短信〔日本基準〕（連結）
2026-08-06,97260,ＫＮＴＣＴ,合同会社（当社子会社）の設立に関するお知らせ
2026-08-06,97610,東海リース,譲渡制限付株式報酬としての自己株式の処分の払込完了に関するお知らせ
2026-08-06,98310,ヤマダＨＤ,2027年３月期 第１四半期決算短信〔日本基準〕（連結）
2026-08-06,98310,ヤマダＨＤ,2027年３月期 第１四半期決算説明会資料
2026-08-06,98530,銀座ルノア,2027年３月期 第１四半期決算短信〔日本基準〕(連結)
2026-08-06,99040,ベリテ,2026年７月度 前年比速報
2026-08-06,99820,タキヒヨー,自己株式の取得状況に関するお知らせ
2026-08-06,99840,ソフトバンクグループ,2027年３月期 第１四半期決算短信〔ＩＦＲＳ〕（連結）
2026-08-07,13010,極洋,2027年3月期 第1四半期決算短信[日本基準]（連結）
2026-08-07,13010,極洋,役員向け株式給付信託への追加拠出に伴う第三者割当による自己株式の処分に関するお知らせ
2026-08-07,13264,Ｅ－ワールド,SPDRゴールド・シェアに関する日々の開示事項
2026-08-07,13294,Ｅ－ブラックロック,上場ETF（管理会社：ブラックロック・ジャパン）に関する日々の開示事項
2026-08-07,13450,上場Ｊリート,投資信託約款の一部変更に関するお知らせ
2026-08-07,13494,Ｅ－ＳＳＧＡ－ＳＩＮ,アジア国債・公債ＥＴＦ（正式名称：ＡＢＦ汎アジア債券インデックス・ファンド）に関する日々の開示事項
2026-08-07,13810,アクシーズ,2026年6月期決算短信〔日本基準〕(連結)
2026-08-07,13810,アクシーズ,剰余金の配当(増配)に関するお知らせ
2026-08-07,13820,ホーブ,札幌証券取引所への重複上場申請の取り下げのお知らせ
2026-08-07,13820,ホーブ,2026年６月期決算短信〔日本基準〕（連結）
2026-08-07,13820,ホーブ,新任取締役候補者の選任に関するお知らせ
2026-08-07,13820,ホーブ,公益財団法人財務会計基準機構への加入状況及び加入に関する考え方等に関するお知らせ
2026-08-07,138A0,Ｇ－光フードサービス,2026年11月期７月度 売上速報についてのお知らせ
2026-08-07,14170,ミライト・ワン,2027年3月期 第1四半期決算短信[日本基準]（連結）
2026-08-07,14170,ミライト・ワン,2027年3月期 第1四半期決算補足資料
2026-08-07,14200,サンヨーＨ,従業員向けインセンティブ・プランにおける株式取得に係る事項の決定に関するお知らせ
2026-08-07,14200,サンヨーＨ,従業員向けインセンティブ・プランの継続に伴う自己株式の処分に関するお知らせ
2026-08-07,14200,サンヨーＨ,2027年３月期 第１四半期決算短信〔日本基準〕（連結）
2026-08-07,14290,日本アクア,2026年12月期第２四半期（中間期）決算短信〔日本基準〕(非連結)
2026-08-07,14290,日本アクア,2026年12月期第２四半期（中間期）決算説明会資料
2026-08-07,14380,岐阜造園,2026年９月期 第３四半期決算短信〔日本基準〕（連結）
2026-08-07,143A0,Ｇ－イシン,2027年３月期 第１四半期決算短信〔日本基準〕(連結)
2026-08-07,143A0,Ｇ－イシン,2027年３月期 第１四半期 決算説明資料
2026-08-07,14460,キャンディル,2026年９月期 第３四半期決算短信〔日本基準〕（連結）
2026-08-07,14460,キャンディル,2026年９月期 第３四半期 決算補足説明資料
2026-08-07,15180,三井松島ＨＤ,株式会社コウナンの株式取得（子会社化）に関するお知らせ
2026-08-07,15180,三井松島ＨＤ,2027年３月期第１四半期決算短信〔日本基準〕(連結)
2026-08-07,15574,Ｅ－ＳＳＧＡＴＣ,State Street SPDR S&P500 ETFに関する日々の開示事項
2026-08-07,16050,ＩＮＰＥＸ,2026年12月期 第２四半期（中間期）決算短信〔ＩＦＲＳ〕（連結）
2026-08-07,16050,ＩＮＰＥＸ,2026年12月期第2四半期（中間期）決算説明会
2026-08-07,16050,ＩＮＰＥＸ,2026年12月期第２四半期（累計）連結業績予想と実績の差異及び通期連結業績予想の修正に関するお知らせ
2026-08-07,16050,ＩＮＰＥＸ,剰余金の配当（中間配当）及び期末配当予想の修正に関するお知らせ
2026-08-07,16050,ＩＮＰＥＸ,自己株式の取得に係る事項の決定に関するお知らせ
2026-08-07,16714,Ｅ－シンプレクス,上場ＥＴＦ(管理会社：シンプレクス・アセット・マネジメント)に関する日々の開示事項
2026-08-07,16724,Ｅ－ＷｉｓｄｏｍＴｒ,上場ETF（管理会社：WisdomTree、外国投資法人：MSL）に関する日々の開示事項
2026-08-07,16724,Ｅ－ＷｉｓｄｏｍＴｒ,上場ETF（管理会社：WisdomTree、外国投資法人：CSL）に関する日々の開示事項
2026-08-07,167A0,リョーサン菱洋,2027年3月期 第1四半期決算短信〔日本基準〕（連結）
2026-08-07,167A0,リョーサン菱洋,（開示事項の経過）当社連結子会社における主要取引先との特約店契約の終了及び業績予想の公表に関するお知らせ
2026-08-07,17170,明豊ファシリティ,2027年３月期第１四半期決算短信〔日本基準〕(非連結)
2026-08-07,17210,コムシスＨＤ,2027年3月期 第1四半期決算短信〔日本基準〕（連結)
2026-08-07,17210,コムシスＨＤ,2027年3月期 第1四半期決算短信補足説明資料
2026-08-07,17210,コムシスＨＤ,連結子会社の商号変更に関するお知らせ
2026-08-07,17360,オーテック,2027年３月期 第１四半期決算短信〔日本基準〕（連結）
2026-08-07,17380,ＮＩＴＴＯＨ,2027年3月期 第1四半期決算短信〔日本基準〕(連結)
2026-08-07,17680,ソネック,2027年３月期 第１四半期決算短信〔日本基準〕（連結）
2026-08-07,17700,藤田エンジ,譲渡制限付株式報酬としての自己株式の処分に関するお知らせ
2026-08-07,17700,藤田エンジ,2027年3月期 第1四半期決算短信〔日本基準〕（連結）
2026-08-07,17710,日本乾溜,2026年９月期 第３四半期決算短信〔日本基準〕（連結）
2026-08-07,17860,オリエンタル白石,2027年３月期第１四半期決算短信〔日本基準〕(連結)
2026-08-07,17860,オリエンタル白石,（開示事項の経過）根基営造股イ分有限公司との台湾における協業及び合弁会社設立に係る合弁契約締結の決定に関するお知らせ
2026-08-07,17980,守谷商会,2027年3月期 第1四半期決算短信〔日本基準〕（連結）
2026-08-07,18020,大林組,2027年３月期 第１四半期決算短信〔日本基準〕（連結）
2026-08-07,18020,大林組,「役員報酬ＢＩＰ信託」及び「株式付与ＥＳＯＰ信託」への信託金拠出に関するお知らせ
2026-08-07,18070,佐藤渡辺,自己株式立会外買付取引（ToSTNeT-3）による自己株式の取得結果 および取得終了に関するお知らせ
2026-08-07,18100,松井建,2027年3月期 第1四半期決算短信〔日本基準〕（連結）
2026-08-07,18110,銭高組,2027年3月期 第1四半期決算短信〔日本基準〕（連結）
2026-08-07,18200,西松建,2027年３月期第１四半期決算短信〔日本基準〕(連結)
2026-08-07,18220,大豊建,2027年3月期第1四半期決算短信〔日本基準〕（連結）
2026-08-07,18270,ナカノフドー,2027年３月期 第１四半期決算短信〔日本基準〕(連結)
2026-08-07,18280,田辺工業,2027年３月期 第１四半期決算短信〔日本基準〕（連結）
2026-08-07,18330,奥村組,2027年３月期 第１四半期決算短信〔日本基準〕（連結）
2026-08-07,18330,奥村組,2027年３月期 第１四半期決算補足資料
2026-08-07,18330,奥村組,営業外収益（為替予約評価益）の計上に関するお知らせ
2026-08-07,18470,イチケン,2027年３月期 第１四半期決算短信〔日本基準〕（連結）
2026-08-07,18470,イチケン,2027年３月期第２四半期（中間期）業績予想及び同通期業績予想並びに配当予想の修正に関するお知らせ
2026-08-07,18470,イチケン,販売用不動産の売却に関するお知らせ
2026-08-07,18480,富士ピー・エス,2027年３月期 第１四半期決算短信〔日本基準〕（連結）
2026-08-07,18530,森組,2027年3月期第1四半期決算短信〔日本基準〕（非連結）
2026-08-07,18600,戸田建,2027年３月期 第１四半期決算短信〔日本基準〕(連結)
2026-08-07,18610,熊谷組,2027年3月期 第1四半期決算短信〔日本基準〕(連結)
2026-08-07,18700,矢作建,2027年３月期第１四半期決算短信〔日本基準〕（連結）
2026-08-07,18700,矢作建,2027年３月期第２四半期（中間期）及び通期連結業績予想並びに配当予想の修正に関するお知らせ
2026-08-07,18700,矢作建,2027年3月期第1四半期決算説明資料
2026-08-07,18700,矢作建,業績連動型株式報酬制度における株式取得に係る事項の決定に関するお知らせ
2026-08-07,18920,徳倉建,2027年３月期 第１四半期決算短信〔日本基準〕（連結）
2026-08-07,18930,五洋建,2027年３月期 第１四半期決算短信〔日本基準〕(連結)
2026-08-07,18970,金下建設,業績予想の修正に関するお知らせ
2026-08-07,18970,金下建設,2026年12月期 第２四半期（中間期）決算短信〔日本基準〕（連結）
2026-08-07,18990,福田組,自己株式立会外買付取引（ToSTNeT-3）による自己株式の取得結果に関するお知らせ
2026-08-07,19050,テノックス,2027年3月期 第1四半期決算短信〔日本基準〕（連結）
2026-08-07,19110,住友林,2026年12月期第２四半期（中間期）決算短信〔日本基準〕（連結）
2026-08-07,19110,住友林,業績予想の修正に関するお知らせ
2026-08-07,19110,住友林,公募ハイブリッド社債（劣後特約付社債）発行に関するお知らせ
2026-08-07,19210,巴,令和９年３月期 第１四半期決算短信〔日本基準〕（連結）
2026-08-07,19290,日特建,2027年３月期 第１四半期決算短信〔日本基準〕(連結)
2026-08-07,19290,日特建,2027年３月期 第１四半期決算説明資料
2026-08-07,19420,関電工,譲渡制限付株式報酬としての自己株式の処分の払込完了に関するお知らせ
2026-08-07,19510,エクシオグループ,従業員持株会向け譲渡制限付株式インセンティブとしての自己株式の処分に関するお知らせ
2026-08-07,19510,エクシオグループ,2027年３月期第１四半期決算短信〔日本基準〕(連結)
2026-08-07,19510,エクシオグループ,2026年度(2027年３月期)第１四半期決算補足資料
2026-08-07,19520,新日空調,従業員持株会向け譲渡制限付株式インセンティブとしての自己株式の処分に関するお知らせ
2026-08-07,19520,新日空調,2027年3月期 第1四半期決算短信 〔日本基準〕（連結）
2026-08-07,19520,新日空調,2027年3月期 第1四半期決算説明資料
2026-08-07,19610,三機工,自己株式取得に係る事項の決定及び自己株式の消却に関するお知らせ
2026-08-07,19610,三機工,2027年３月期第１四半期決算短信〔日本基準〕(連結)
2026-08-07,19610,三機工,2026年度第１四半期 決算説明資料
2026-08-07,19610,三機工,業績予想の修正に関するお知らせ
2026-08-07,19630,日揮ＨＤ,2027年３月期 第１四半期決算短信〔日本基準〕（連結）
2026-08-07,19630,日揮ＨＤ,2027年３月期 第１四半期 決算概要
2026-08-07,19790,大気社,2027年３月期第１四半期決算短信〔日本基準〕(連結)
2026-08-07,19790,大気社,自己株式の取得に係る事項の決定に関するお知らせ
2026-08-07,19920,神田通機,2027年３月期第１四半期決算短信〔日本基準〕(連結)
2026-08-07,19940,高橋ウォール,2026年12月期第２四半期（中間期）決算短信〔日本基準〕(連結)
2026-08-07,20020,日清粉Ｇ,2027年３月期第１四半期決算短信〔日本基準〕（連結）（監査法人による期中レビューの完了）
2026-08-07,20040,昭和産,2027年3月期 第1四半期決算短信〔日本基準〕（連結）
2026-08-07,20090,鳥越粉,2026年12月期第2四半期(中間期)決算短信〔日本基準〕(連結)
2026-08-07,20704,Ｎ－三菱ＵＦＪ証ＨＤ,上場ETN（発行者：三菱UFJ証券ホールディングス株式会社）に関する日々の開示事項
2026-08-07,21120,塩水糖,2027年３月期第１四半期決算短信〔日本基準〕(連結)
2026-08-07,21140,フジ日本,2027年３月期第１四半期決算短信〔日本基準〕(連結)
2026-08-07,21390,中広,2027年３月期 第１四半期決算短信〔日本基準〕(連結)
2026-08-07,21460,ＵＴグループ,主要株主及び主要株主である筆頭株主の異動（予定）及び 公開買付けに準ずる行為として政令で定める買い集め行為に関するお知らせ
2026-08-07,21460,ＵＴグループ,自己株式の取得状況及び取得終了に関するお知らせ
2026-08-07,21460,ＵＴグループ,2027年３月期第１四半期決算短信〔日本基準〕(連結)
2026-08-07,21460,ＵＴグループ,自己株式取得に係る事項の決定に関するお知らせ
2026-08-07,21460,ＵＴグループ,2027年３月期 剰余金の配当（2027年３月期第１四半期末）に関するお知らせ
2026-08-07,21460,ＵＴグループ,2027年３月期 第１四半期 決算説明資料
2026-08-07,21540,オープンアップＧ,剰余金の配当に関するお知らせ
2026-08-07,21540,オープンアップＧ,2026年６月期 決算短信〔ＩＦＲＳ〕（連結）
2026-08-07,21620,ｎｍｓ ＨＤ,営業外収益（為替差益）の計上に関するお知らせ
2026-08-07,21620,ｎｍｓ ＨＤ,2027年３月期 第１四半期決算短信〔日本基準〕（連結）
2026-08-07,21690,ＣＤＳ,2026年12月期 第2四半期（中間期）決算短信〔日本基準〕（連結）
2026-08-07,21790,成学社,2027年３月期 第１四半期決算短信〔日本基準〕(連結)
2026-08-07,21790,成学社,繰延税金資産の計上に関するお知らせ
2026-08-07,21810,パーソルＨＤ,第三者割当による自己株式処分に関するお知らせ
2026-08-07,21810,パーソルＨＤ,2027年３月期 第１四半期決算短信（IFRS）（連結）
2026-08-07,21810,パーソルＨＤ,2027年３月期 第１四半期決算説明資料
2026-08-07,21810,パーソルＨＤ,当社取締役等に対する株式報酬制度の追加信託に関するお知らせ
2026-08-07,21810,パーソルＨＤ,当社グループ経営幹部等に対する株式交付制度の追加信託に関するお知らせ
2026-08-07,21930,ＣＯＯＫＰＡＤ,2026年12月期 第２四半期（中間期）決算短信〔ＩＦＲＳ〕（連結）
2026-08-07,21930,ＣＯＯＫＰＡＤ,2026年12月期 第２四半期（中間期）決算説明会資料
2026-08-07,22040,中村屋,2027年３月期 第１四半期決算短信〔日本基準〕（非連結）
2026-08-07,22040,中村屋,法人税等調整額の計上に関するお知らせ
2026-08-07,22090,井村屋Ｇ,2027年3月期 第1四半期決算短信〔日本基準〕（連結）
2026-08-07,222A0,Ｐ－ＮＩＣＳ,社外取締役候補者の選任に関するお知らせ
2026-08-07,222A0,Ｐ－ＮＩＣＳ,臨時株主総会招集のための基準日設定及び臨時株主総会開催並びに付議議案の決定に関するお知らせ
2026-08-07,222A0,Ｐ－ＮＩＣＳ,2026年12月期 中間決算短信〔日本基準〕（非連結）
2026-08-07,22640,森永乳,2027年３月期第１四半期決算短信〔日本基準〕(連結)
2026-08-07,22640,森永乳,2027年３月期第１四半期決算補足資料
2026-08-07,22640,森永乳,2027年３月期第１四半期決算説明会
2026-08-07,22640,森永乳,業績予想の修正に関するお知らせ
2026-08-07,22700,雪印メグ,2027年３月期第１四半期決算短信〔日本基準〕(連結)
2026-08-07,22700,雪印メグ,2027年３月期 第１四半期 決算短信 補足説明資料
2026-08-07,22820,日ハム,2027 年３月期 第１四半期決算短信〔ＩＦＲＳ〕（連結）（公認会計士等による期中レビューの完了）
2026-08-07,22820,日ハム,株主優待制度の一部変更に関するお知らせ
2026-08-07,22860,林兼産,2027年3月期 第1四半期決算短信〔日本基準〕（連結）
2026-08-07,22860,林兼産,譲渡制限付株式報酬としての自己株式の処分の払込完了に関するお知らせ
2026-08-07,23110,エプコ,自己株式の取得および自己株式立会外買付取引（ToSTNeT-３）による自己株式の買付けの決定に関するお知らせ
2026-08-07,23110,エプコ,2026年12月期第２四半期（中間期） 決算短信〔日本基準〕(連結)
2026-08-07,23110,エプコ,2026年12月期第2四半期決算説明資料
2026-08-07,23210,Ｇ－ソフトフロントＨ,（開示事項の経過）販売用「サーバー向けGPU（RTX PRO 6000 Blackwell Server Edition)」の取得に関するお知らせ
2026-08-07,23300,フォーサイド,特別調査委員会の調査報告書公表に関するお知らせ
2026-08-07,23380,クオンタムＳ,第三者割当による新株式及び第16回新株予約権並びに第17回新株予約権、第６回新株予約権付社債（転換価額修正条項付）の発行に関するお知らせ
2026-08-07,23380,クオンタムＳ,第13回新株予約権及び第14回新株予約権の行使価額調整、第４回転換社債型新株予約権付社債の転換価額調整、第14回新株予約権の支出予定金額の変更
2026-08-07,23380,クオンタムＳ,税制適格ストックオプション（新株予約権）の募集事項の決定に関するお知らせ
2026-08-07,23490,エヌアイデイ,2027年３月期 第１四半期決算短信〔日本基準〕（連結）
2026-08-07,23530,日駐,中期株主還元方針について
2026-08-07,23760,サイネックス,令和９年３月期 第１四半期決算短信〔日本基準〕（連結）
2026-08-07,23780,ルネサンス,2027年3月期第1四半期決算短信〔日本基準〕(連結)
2026-08-07,23780,ルネサンス,2027年3月期第2四半期（中間期）連結業績予想の修正に関するお知らせ
2026-08-07,23780,ルネサンス,報告セグメントの変更に関するお知らせ
2026-08-07,23840,ＳＢＳＨＤ,2026年12月期 第２四半期（中間期）決算短信〔日本基準〕(連結)
2026-08-07,23840,ＳＢＳＨＤ,連結子会社の商号変更に関するお知らせ
2026-08-07,23840,ＳＢＳＨＤ,2026年12月期通期連結業績予想及び配当予想の修正に関するお知らせ
2026-08-07,24150,ヒューマンＨＤ,2027年3月期 第1四半期決算短信〔日本基準〕（連結）
2026-08-07,24290,ワールドＨＤ,2026年12月期 第2四半期(中間期)決算短信〔日本基準〕（連結）
2026-08-07,24290,ワールドＨＤ,2026年12月期第2四半期決算説明資料
2026-08-07,24330,博報堂ＤＹ,譲渡制限付株式報酬としての自己株式の処分の払込完了に関するお知らせ
2026-08-07,245A0,Ｇ－ＩＮＧＳ,2026年８月期７月度 直営店売上高速報、店舗数推移について
2026-08-07,24640,Ａｏｂａ‐ＢＢＴ,2027年３月期 第１四半期決算短信〔日本基準〕（連結）
2026-08-07,24640,Ａｏｂａ‐ＢＢＴ,自己株式取得に係る事項の決定に関するお知らせ
2026-08-07,24690,ヒビノ,2027年3月期 第1四半期決算短信〔日本基準〕（連結）
2026-08-07,24750,ＷＤＢ,2027年3月期 第1四半期決算短信[日本基準]（連結）
2026-08-07,24750,ＷＤＢ,2027年3月期1Q 決算説明資料
2026-08-07,24770,手間いらず,2026年6月期 決算短信[日本基準](非連結)
2026-08-07,24770,手間いらず,剰余金の配当（期末配当）に関するお知らせ
2026-08-07,24770,手間いらず,配当方針の変更に関するお知らせ
2026-08-07,24800,シスロケ,2027年３月期 第１四半期決算短信〔日本基準〕（連結）
2026-08-07,24830,翻訳センター,2027年3月期 第1四半期決算短信〔日本基準〕（連結）
2026-08-07,24830,翻訳センター,譲渡制限付株式報酬としての自己株式処分の払込完了に関するお知らせ
2026-08-07,25010,サッポロビール,2026年12月期 第２四半期（中間期）決算短信〔ＩＦＲＳ〕（連結）
2026-08-07,25010,サッポロビール,「中期経営計画2027-2030」策定に関するお知らせ
2026-08-07,25010,サッポロビール,株主還元方針の変更（DOE目標５%以上への引き上げ・累進配当の導入）に関するお知らせ
2026-08-07,25010,サッポロビール,株主優待制度の変更（拡充）に関するお知らせ
2026-08-07,25030,キリンＨＤ,2026年12月期 第２四半期(中間期)決算短信〔IFRS〕(連結)
2026-08-07,25030,キリンＨＤ,Jamieson Wellness Inc.の株式取得（完全子会社化）に関する契約締結のお知らせ
2026-08-07,25310,宝ＨＬＤ,2027年３月期第１四半期 決算発表の延期に関するお知らせ
2026-08-07,253A0,ＥＴＳグループ,業績予想の修正に関するお知らせ
2026-08-07,253A0,ＥＴＳグループ,2026年９月期 第３四半期決算短信〔日本基準〕（連結）
2026-08-07,253A0,ＥＴＳグループ,2026年９月期 第３四半期決算 補足説明資料
2026-08-07,25520,上場ＪリートＭ,投資信託約款の一部変更に関するお知らせ
2026-08-07,255A0,ジーエルテクノＨＤ,2027年３月期第１四半期決算短信〔日本基準〕(連結)
2026-08-07,255A0,ジーエルテクノＨＤ,2027年３月期第１四半期決算説明資料
2026-08-07,256A0,飛島ＨＤ,2027年３月期 第１四半期決算短信〔日本基準〕(連結)
2026-08-07,25870,サントリーＢＦ,親会社等の決算に関するお知らせ
2026-08-07,26020,日清オイリオ,2027年３月期 第１四半期決算短信[日本基準](連結)
2026-08-07,26020,日清オイリオ,2027年３月期 第１四半期決算補足資料
2026-08-07,26070,不二製油,2027年３月期 第１四半期決算短信〔ＩＦＲＳ〕（連結）
2026-08-07,26130,Ｊオイル,2027年３月期 第１四半期決算短信〔日本基準〕(連結)
2026-08-07,262A0,インターメスティック,2026年12月期 第２四半期（中間期）決算短信〔日本基準〕(連結)
2026-08-07,262A0,インターメスティック,2026年12月期 第2四半期決算説明会資料
2026-08-07,268A0,リガク,2026年12月期第２四半期（中間期）決算短信〔ＩＦＲＳ〕(連結)
2026-08-07,268A0,リガク,2026年12月期第2四半期決算説明資料
2026-08-07,26930,ＹＫＴ,2026年12月期 第2四半期（中間期）決算短信［日本基準］（連結）
2026-08-07,27020,マクドナルド,2026年12月期 第２四半期（中間期）決算短信〔日本基準〕（連結）
2026-08-07,27020,マクドナルド,2026年12月期 通期連結業績予想の修正に関するお知らせ
2026-08-07,27210,ＪＨＤ,臨時株主総会の開催日時及び検査役の選任に関するお知らせ
2026-08-07,27330,あらた,2027年３月期 第１四半期決算短信〔日本基準〕（連結）
2026-08-07,27330,あらた,2027年３月期 第１四半期決算説明資料
2026-08-07,27880,アップル,2026年12月期第２四半期（中間期）の業績予想の修正に関するお知らせ
2026-08-07,27900,ナフコ,2027年３月期第１四半期決算短信〔日本基準〕(非連結)
2026-08-07,27950,プリメックス,2027年３月期第１四半期決算短信〔日本基準〕(連結)
2026-08-07,28040,ブルドックソース,自己株式取得状況に関するお知らせ
2026-08-07,28130,和弘食品,2027年３月期 第１四半期決算短信〔日本基準〕（連結）
2026-08-07,28130,和弘食品,2027年３月期 第１四半期決算説明資料
2026-08-07,28140,佐藤食品,2027年3月期第1四半期決算短信〔日本基準〕(非連結)
2026-08-07,28150,アリアケ,2027年3月期 第１四半期決算短信［日本基準］（連結）
2026-08-07,28150,アリアケ,2027年3月期 第１四半期 決算説明会資料
2026-08-07,28180,ピエトロ,譲渡制限付き株式報酬としての自己株式の処分の払込完了に関するお知らせ
2026-08-07,28190,エバラ食品工業,2027年3月期 第1四半期決算短信〔日本基準〕（連結）
2026-08-07,28190,エバラ食品工業,2027年3月期 第1四半期決算短信補足資料
2026-08-07,28190,エバラ食品工業,譲渡制限付株式報酬としての自己株式の処分の割当完了に関するお知らせ
2026-08-07,28710,ニチレイ,2026年12月期 第１四半期決算短信〔日本基準〕（連結）
2026-08-07,28710,ニチレイ,2026年12月期 第１四半期決算説明会資料
2026-08-07,287A0,黒田グループ,2027年３月期 第１四半期決算短信〔ＩＦＲＳ〕（連結）
2026-08-07,287A0,黒田グループ,2027年3月期 第1四半期決算説明資料
2026-08-07,29030,シノブフーズ,2027年３月期第１四半期決算短信〔日本基準〕(連結)
2026-08-07,29030,シノブフーズ,自己株式の取得状況に関するお知らせ
2026-08-07,29040,一正蒲鉾,2026年６月期決算短信〔日本基準〕(連結)
2026-08-07,29040,一正蒲鉾,2026年６月期 決算補足説明資料
2026-08-07,29040,一正蒲鉾,ICHIMASA30 ビジョン 2nd Stage2026-2035 「第三次中期経営計画2026-2030」策定に関するお知らせ
2026-08-07,29040,一正蒲鉾,定款一部変更に関するお知らせ
2026-08-07,29040,一正蒲鉾,会社分割による持株会社体制への移行に伴う吸収分割契約締結及び定款変更（商号及び事業目的の一部変更）に関するお知らせ
2026-08-07,29110,旭松食品,自己株式の取得及び自己株式立会外買付取引（ＴｏＳＴＮｅＴ－３）による自己株式の買付けに関するお知らせ
2026-08-07,29110,旭松食品,2027年３月期 第１四半期決算短信〔日本基準〕(連結)
2026-08-07,29150,ケンコーマヨ,2027年３月期 第１四半期決算短信〔日本基準〕（連結）
2026-08-07,29160,仙波糖化,2027年３月期第１四半期決算短信〔日本基準〕(連結)
2026-08-07,29160,仙波糖化,2027年３月期第１四半期決算補足説明資料
2026-08-07,29310,ユーグレナ,2026年12月期 第２四半期（中間期）決算短信〔日本基準〕（連結）
2026-08-07,29310,ユーグレナ,2026年12月期第2四半期決算説明
2026-08-07,29320,ＳＴＩフードＨＤ,2026年12月期 第２四半期（中間期）決算短信〔日本基準〕（連結）
2026-08-07,29320,ＳＴＩフードＨＤ,剰余金の配当(中間配当)に関するお知らせ
2026-08-07,29370,Ｇ－サンクゼール,主要株主及び親会社以外の支配株主の異動に関するお知らせ
2026-08-07,29380,オカムラ食品工業,2026年6月期 決算短信〔日本基準〕(連結)
2026-08-07,29380,オカムラ食品工業,2026年6月期 決算補足説明資料
2026-08-07,29610,日本調理機,2026年９月期 第３四半期決算短信[日本基準]（非連結）
2026-08-07,29700,ＧＬＣ ＧＲＯＵＰ,2026年12月期 第２四半期（中間期）決算短信〔日本基準〕（連結）
2026-08-07,29700,ＧＬＣ ＧＲＯＵＰ,2026年12月期 第２四半期決算説明資料
2026-08-07,29740,大英産業,2026年９月期 第３四半期決算短信〔日本基準〕（連結）
2026-08-07,29740,大英産業,2026年９月期第３四半期決算説明資料
2026-08-07,29980,Ｇ－クリアル,当社主要ＫＰＩ（2026年７月度）に関するお知らせ
2026-08-07,30200,アプライド,令和9年3月期 第1四半期決算短信[日本基準](連結)
2026-08-07,30230,ラサ商事,2027年３月期第１四半期決算短信〔日本基準〕(連結)
2026-08-07,30230,ラサ商事,自己株式取得に係る事項の決定に関するお知らせ
2026-08-07,30340,クオールＨＤ,2027年３月期 第１四半期決算短信〔日本基準〕（連結）
2026-08-07,30340,クオールＨＤ,2027年３月期 第１四半期決算説明資料
2026-08-07,30550,ほくたけ,2027年３月期 第１四半期決算短信〔日本基準〕（連結）
2026-08-07,30630,Ｇ－ｊＧｒｏｕｐ,第三者割当による第６回新株予約権（行使価額修正条項付）及び第７回新株予約権（行使価額修正条項付）の発行に関するお知らせ
2026-08-07,30660,ＪＢイレブン,2027年３月期 ７月度 店舗月次売上・店舗数のお知らせ
2026-08-07,30690,ＪＦＬＡＨＤ,2027年３月期 第１四半期決算短信〔日本基準〕(連結)
2026-08-07,30880,マツキヨココカラ,譲渡制限付株式報酬としての自己株式の処分の払込完了に関するお知らせ
2026-08-07,31060,クラボウ,2027年3月期 第1四半期決算短信〔日本基準〕（連結）
2026-08-07,31060,クラボウ,業績予想の修正に関するお知らせ
2026-08-07,31090,シキボウ,2027年３月期 第１四半期決算短信［日本基準］（連結）
2026-08-07,31110,オーミケンシ,2026年３月期 決算短信〔日本基準〕（連結）
2026-08-07,31110,オーミケンシ,特別損失及び法人税等調整額（益）の計上に関するお知らせ
2026-08-07,31110,オーミケンシ,2026年3月期決算短信の開示が期末後50日を超えたことに関するお知らせ
2026-08-07,31230,サイボー,2027年３月期 第１四半期決算短信〔日本基準〕(連結)
2026-08-07,31560,レスター,2027年３月期第１四半期決算短信〔日本基準〕(連結)
2026-08-07,31560,レスター,2027年３月期通期連結業績予想の修正（上方修正）並びに配当予想の修正（増配）に関するお知らせ
2026-08-07,31740,ハピネス＆Ｄ,月次売上高前年比等（速報）に関するお知らせ
2026-08-07,31760,三洋貿易,2026年９月期 第３四半期決算短信〔日本基準〕(連結)
2026-08-07,31760,三洋貿易,2026年９月期 第３四半期決算説明資料
2026-08-07,31760,三洋貿易,通期業績予想の修正に関するお知らせ
2026-08-07,31790,シュッピン,2027年３月期第１四半期決算短信〔日本基準〕(非連結)
2026-08-07,31790,シュッピン,2027年３月期 第１四半期決算補足資料
2026-08-07,31810,買取王国,2026年７月 月次売上概況
2026-08-07,31890,ＡＮＡＰ,主要株主の異動に関するお知らせ
2026-08-07,31930,エターナルホスピＧ,月次報告（2026年7月度）
2026-08-07,32050,ダイドー,2027年３月期 第１四半期決算短信〔日本基準〕(連結)
2026-08-07,32050,ダイドー,2027年３月期 第１四半期 決算短信補足資料
2026-08-07,32050,ダイドー,第２四半期（中間期）連結業績予想の修正に関するお知らせ
2026-08-07,32210,ヨシックスＨＤ,自己株式の取得状況に関するお知らせ （会社法第165条第２項の規定による定款の定めに基づく自己株式の取得）
2026-08-07,32210,ヨシックスＨＤ,2027年３月期 第１四半期決算短信〔日本基準〕(連結)
2026-08-07,32210,ヨシックスＨＤ,2027年３月期 第１四半期決算説明資料
2026-08-07,32380,セントラル総,2027年３月期 第１四半期決算短信〔日本基準〕（連結）
2026-08-07,325A0,Ｇ－ＴＥＮＴＩＡＬ,自己株式の取得状況に関するお知らせ
2026-08-07,32760,ＪＰＭＣ,2026年12月期 7月度月次情報
2026-08-07,32760,ＪＰＭＣ,2026年12月期 第２四半期（中間期）決算短信〔日本基準〕（連結）
2026-08-07,32760,ＪＰＭＣ,2026年12月期 第２四半期（中間期）決算補足説明資料
2026-08-07,32840,フージャース,2027年３月期 第１四半期決算短信〔日本基準〕(連結)
2026-08-07,32840,フージャース,FACT BOOK 2027年3月期 第1四半期
2026-08-07,32880,オープンハウスＧ,2026年９月期 第３四半期決算短信〔日本基準〕(連結)
2026-08-07,32880,オープンハウスＧ,2026年９月期 第３四半期決算説明資料
2026-08-07,32880,オープンハウスＧ,業績予想の修正及び配当予想の修正に関するお知らせ
2026-08-07,32910,飯田ＧＨＤ,2027年３月期 第１四半期決算短信〔ＩＦＲＳ〕（連結）
2026-08-07,32930,アズマハウス,2027年３月期第１四半期 決算短信〔日本基準〕（連結）
2026-08-07,32930,アズマハウス,第50期 第１四半期決算補足資料
2026-08-07,32990,ムゲンエステート,業績予想及び配当予想の修正に関するお知らせ
2026-08-07,32990,ムゲンエステート,2026年12月期第2四半期(中間期)決算短信[日本基準](連結)
2026-08-07,32990,ムゲンエステート,剰余金の配当(中間配当)に関するお知らせ
2026-08-07,32990,ムゲンエステート,2026年12月期第2四半期 決算説明資料
2026-08-07,33150,日本コークス,2027年３月期 第1四半期決算短信〔日本基準〕（連結）
2026-08-07,33230,レカム,2026年９月期第３四半期決算短信〔ＩＦＲＳ〕(連結)
2026-08-07,33230,レカム,2026年９月期第３四半期決算説明資料
2026-08-07,334A0,Ｇ－ＶＰＪ,2026年12月期第2四半期（中間期）決算短信〔日本基準〕（非連結）
2026-08-07,334A0,Ｇ－ＶＰＪ,2026年12月期第2四半期（中間期）決算説明資料
2026-08-07,33600,シップＨＤ,2027年３月期 第１四半期決算短信〔日本基準〕（連結）
2026-08-07,33600,シップＨＤ,2027年３月期第１四半期決算説明資料
2026-08-07,336A0,Ｇ－ダイナミクマップ,2027年３月期 第１四半期 決算短信〔日本基準〕(連結)
2026-08-07,336A0,Ｇ－ダイナミクマップ,2027年３月期 第１四半期 決算説明資料
2026-08-07,33740,内外テック,2027年３月期 第１四半期決算短信〔日本基準〕（連結）
2026-08-07,33740,内外テック,業績予想の修正および配当予想の修正に関するお知らせ
2026-08-07,33740,内外テック,2027年3月期第1四半期決算説明資料
2026-08-07,33930,スターティアＨＤ,事業セグメントの一部変更に関するお知らせ
2026-08-07,33930,スターティアＨＤ,2027年3月期 第１四半期 決算補足資料
2026-08-07,33930,スターティアＨＤ,2027年３月期 第１四半期決算短信〔日本基準〕(連結)
2026-08-07,34050,クラレ,2026年12月期 第2四半期（中間期）決算短信〔日本基準〕(連結)
2026-08-07,34050,クラレ,2026年度第2四半期決算説明資料
2026-08-07,34170,大木ヘルスケア,2027年３月期第１四半期決算短信〔日本基準〕(連結)
2026-08-07,34200,ケー・エフ・シー,2027年３月期 第１四半期決算短信［日本基準］（連結）
2026-08-07,34200,ケー・エフ・シー,2027年３月期第２四半期（中間期）業績予想の修正に関するお知らせ
2026-08-07,34230,エスイー,2027年３月期 第１四半期決算短信〔日本基準〕（連結）
2026-08-07,34230,エスイー,2027年３月期 第１四半期 決算補足説明資料
2026-08-07,34310,宮地エンジ,自己株式立会外買付取引（ToSTNeT-3）による自己株式の取得結果および自己株式の取得終了に関するお知らせ
2026-08-07,34330,トーカロ,譲渡制限付株式報酬としての自己株式の処分の払込完了に関するお知らせ
2026-08-07,34370,特殊電極,2027年３月期 第１四半期決算短信〔日本基準〕（連結）
2026-08-07,34420,ＭＩＥコーポ,2027年3月期 第1四半期決算短信〔日本基準〕(連結)
2026-08-07,34430,川田ＴＥＣＨ,2027年３月期 第１四半期決算短信〔日本基準〕（連結）
2026-08-07,34670,アグレ都市デザイン,2027年３月期第１四半期決算補足説明資料
2026-08-07,34670,アグレ都市デザイン,2027年３月期第１四半期決算短信〔日本基準〕(連結）
2026-08-07,34860,グローバルリンクＭ,2026年12月期 第2四半期(中間期)決算短信〔日本基準〕(連結)
2026-08-07,34860,グローバルリンクＭ,2026年12月期第2四半期決算説明資料
2026-08-07,34860,グローバルリンクＭ,自己株式取得に係る事項の決定に関するお知らせ（会社法第459条第１項の規定による定款の定めに基づく自己株式の取得）
2026-08-07,35130,イチカワ,2027年３月期 第１四半期決算短信〔日本基準〕(連結)
2026-08-07,352A0,Ｇ－ＬＯＩＶＥ,2027年３月期 第１四半期決算短信〔日本基準〕(非連結)
2026-08-07,352A0,Ｇ－ＬＯＩＶＥ,2027年3月期第1四半期決算説明会資料
2026-08-07,35440,サツドラＨＤ,当社子会社による当社親会社からの資金の借入れ及び取引先金融機関への借入金の返済に関するお知らせ
2026-08-07,35470,ユニシアＨＤ,月次速報（2026年7月度）
2026-08-07,35560,Ｇ－リネットジャパン,（開示事項の経過）株式会社マックビーヒル就労支援機構の株式取得に関するお知らせ
2026-08-07,35590,ピーバンドットコム,譲渡制限付株式報酬としての自己株式の処分の払込完了に関するお知らせ
2026-08-07,35630,Ｆ＆ＬＣ,2026年９月期 第３四半期決算短信〔ＩＦＲＳ〕（連結）
2026-08-07,35630,Ｆ＆ＬＣ,2026年9月期 第3四半期 決算説明資料
2026-08-07,35630,Ｆ＆ＬＣ,特定子会社の異動（株式譲渡）に関するお知らせ
2026-08-07,35630,Ｆ＆ＬＣ,業績予想の修正に関するお知らせ
2026-08-07,35830,オーベクス,2027年３月期 第１四半期決算短信〔日本基準〕（連結）
2026-08-07,35830,オーベクス,2027年３月期 第１四半期 決算補足説明資料
2026-08-07,36080,ＴＳＩ ＨＤ,月次売上情報（前年比）のお知らせ
2026-08-07,36110,マツオカ,2027年３月期第１四半期決算短信〔日本基準〕(連結)
2026-08-07,36110,マツオカ,2027年３月期第１四半期決算補足説明資料
2026-08-07,36320,グリーＨＤ,2026年6月期 決算短信〔日本基準〕（連結）
2026-08-07,36320,グリーＨＤ,連結業績および個別業績の前期実績との差異ならびに営業外収益（為替差益）の計上に関するお知らせ
2026-08-07,36320,グリーＨＤ,剰余金の配当（増配）、配当予想の開示時期変更および中間配当の導入ならびに次期配当予想に関するお知らせ
2026-08-07,36630,セルシス,配当予想の修正（増配）に関するお知らせ
2026-08-07,36630,セルシス,2026年７月度月次事業進捗レポートのお知らせ
2026-08-07,36870,フィックスターズ,2026年9月期 第3四半期決算短信〔日本基準〕（連結）
2026-08-07,36870,フィックスターズ,2026年9月期 第3四半期決算 補足説明資料
2026-08-07,36900,イルグルム,2026年7月の月次売上高（速報）に関するお知らせ
2026-08-07,369A0,Ｇ－エータイ,当社主要KPIに関するお知らせ（2026年７月実績）
2026-08-07,37080,特種東海,自己株式の取得及び自己株式立会外買付取引（ToSTNeT-3）による自己株式の買付けならびに自己株式の消却に関するお知らせ
2026-08-07,37080,特種東海,2027年3月期第1四半期決算説明資料
2026-08-07,37080,特種東海,2027年3月期第1四半期決算短信〔日本基準〕（連結）
2026-08-07,37080,特種東海,子会社の吸収合併による特別利益（抱合せ株式消滅差益）の計上に関するお知らせ（個別決算）
2026-08-07,37190,ＡＩストーム,第10回新株予約権（行使価格修正条項付）の取得に関するお知らせ
2026-08-07,371A0,Ｐ－デージーネット,営業外収益（保険解約返戻金）の計上に関するお知らせ
2026-08-07,371A0,Ｐ－デージーネット,繰延税金資産の計上に関するお知らせ
2026-08-07,371A0,Ｐ－デージーネット,2026年12月期 中間決算短信〔日本基準〕（非連結）
2026-08-07,37390,コムシード,2027年3月期 第1四半期決算短信〔日本基準〕（連結）
2026-08-07,37390,コムシード,代表取締役社長CEOによる2027年3月期第1四半期決算に寄せたメッセージ公開について
2026-08-07,37470,インタートレード,営業外費用（持分法による投資損失）の計上及び業績予想の修正に関するお知らせ
2026-08-07,37470,インタートレード,2026年９月期 第３四半期決算短信〔日本基準〕(連結)
2026-08-07,37500,ＡＤＲバイオメディカ,男性腹圧性尿失禁治療用医療機器 「セルーション セルセラピーキット SUI」の保険適用区分及び保険償還価格の内示に関するお知らせ
2026-08-07,37530,フライト,2027年３月期 第１四半期決算短信〔日本基準〕(非連結)
2026-08-07,37530,フライト,2027年３月期 第１四半期決算説明資料
2026-08-07,37650,ガンホー,2026年12月期 第2四半期（中間期）決算短信〔日本基準〕(連結)
2026-08-07,37660,システムズＤ,通期業績予想の修正に関するお知らせ
2026-08-07,37660,システムズＤ,2027年3月期 第1四半期決算短信〔日本基準〕(連結)
2026-08-07,376A0,米債７－１０ヘ有７５,ETFの収益分配のお知らせ
2026-08-07,37710,システムリサーチ,譲渡制限付株式報酬としての自己株式の処分の払込完了に関するお知らせ
2026-08-07,37720,ウェルス,2027年３月期 第１四半期決算短信〔日本基準〕（連結）
2026-08-07,37740,ＩＩＪ,2027年3月期第1四半期決算短信〔ＩＦＲＳ〕(連結)
2026-08-07,37740,ＩＩＪ,2027年3月期第1四半期 連結業績説明資料
2026-08-07,38080,オーケーウェブ,投資家向けオンライン説明会開催のお知らせ
2026-08-07,38250,ＲＥＭＩＸ,（開示事項の経過）暗号資産の運用実績に関するお知らせ
2026-08-07,38420,ネクストジェン,2027年３月期 第１四半期決算短信〔日本基準〕（非連結）
2026-08-07,38510,日本一Ｓ,令和9年3月期 第1四半期決算短信〔日本基準〕（連結）
2026-08-07,38650,北越コーポレーション,2027年３月期 第１四半期（中間期）決算短信〔日本基準〕（連結）
2026-08-07,38780,巴川コーポ,2027年３月期 第１四半期決算短信〔日本基準〕（連結）
2026-08-07,38950,ハビックス,2027年３月期 通期業績予想に関するお知らせ
2026-08-07,38950,ハビックス,2027年3月期 第1四半期決算短信〔日本基準〕(非連結)
2026-08-07,39170,Ｇ－アイリッジ,2027年３月期 第１四半期決算短信〔日本基準〕(連結)
2026-08-07,39170,Ｇ－アイリッジ,2027年3月期 第１四半期決算説明資料
2026-08-07,39180,ＰＣＩＨＤ,2027年３月期 第１四半期決算短信〔日本基準〕(連結)
2026-08-07,39180,ＰＣＩＨＤ,2027年３月期 第１四半期決算説明資料
2026-08-07,39260,オープンドア,2027年3月期 第1四半期決算短信〔日本基準〕（連結）
2026-08-07,39260,オープンドア,2027年3月期 第1四半期 決算補足説明資料
2026-08-07,39400,ノムラシステム,自己株式取得に係る事項の決定のお知らせ
2026-08-07,39400,ノムラシステム,譲渡制限付株式としての自己株式の処分に関するお知らせ
2026-08-07,39400,ノムラシステム,2026年12月期第2四半期（中間期）決算短信〔日本基準〕（非連結）
2026-08-07,39430,大石産業,2027年３月期 第１四半期決算短信〔日本基準〕（連結）
2026-08-07,39440,古林紙工,2026年12月期 第2四半期（中間期）決算短信〔日本基準〕(連結)
2026-08-07,39450,スパバック,2027年３月期 第１四半期決算短信〔日本基準〕(連結)
2026-08-07,39470,ダイナパック,業績予想および期末配当予想の修正に関するお知らせ
2026-08-07,39480,光ビジネス,（訂正）「2026年12月期 第２四半期決算短信〔日本基準〕（非連結）」の一部訂正について
2026-08-07,39480,光ビジネス,2026年12月期 第２四半期（中間期）決算短信〔日本基準〕（非連結）
2026-08-07,39500,ザ・パック,2026年12月期第２四半期（中間期）決算短信〔日本基準〕（連結）
2026-08-07,39510,朝日印刷,2027年3月期 第1四半期決算短信〔日本基準〕（連結）
2026-08-07,39510,朝日印刷,2027年3月期 第1四半期 決算補足説明資料
2026-08-07,39580,笹徳印刷,2026年６月期 決算短信〔日本基準〕（連結）
2026-08-07,39580,笹徳印刷,2026年６月期通期連結業績予想値と実績値の差異に関するお知らせ
2026-08-07,39580,笹徳印刷,剰余金の配当（増配）に関するお知らせ
2026-08-07,39580,笹徳印刷,配当方針の変更に関するお知らせ
2026-08-07,39580,笹徳印刷,2026年６月期 決算説明資料
2026-08-07,39580,笹徳印刷,2030年 中期経営計画の策定に関するお知らせ
2026-08-07,39650,ＣＡＰ,2026年９月期 第３四半期決算短信〔日本基準〕（連結）
2026-08-07,39650,ＣＡＰ,2026年９月期通期連結業績予想及び配当予想の修正に関するお知らせ
2026-08-07,39830,オロ,自己株式の取得状況に関するお知らせ
2026-08-07,39840,ユーザーローカル,自己株式の取得状況及び取得終了に関するお知らせ
2026-08-07,39970,トレードワークス,2026年12月期 第２四半期（中間期）決算短信〔日本基準〕（連結）
2026-08-07,39970,トレードワークス,（開示事項の経過）特別利益（固定資産受贈益）の計上に関するお知らせ
2026-08-07,39970,トレードワークス,2026年12月期 第２四半期決算説明資料
2026-08-07,39970,トレードワークス,新中期経営計画（2027-2029）骨子策定に関するお知らせ
2026-08-07,39980,Ｇ－すららネット,通期連結業績予想の修正に関するお知らせ
2026-08-07,39980,Ｇ－すららネット,2026年12月期 第２四半期（中間期）決算短信〔日本基準〕(連結)
2026-08-07,39980,Ｇ－すららネット,2026年12月期 第２四半期決算補足説明資料
2026-08-07,40050,住友化,当社グループに関するレポートについて(「Sumitomo Chemical and Sumitomo Pharmaceutical: The \116 Billion Swiss Shuffle」に関する追加説明）
2026-08-07,401A0,Ｒ－霞ヶ関ホテル,ホテル運営実績に関するお知らせ（2026年6月度）
2026-08-07,40210,日産化,2027年3月期 第1四半期 決算短信〔日本基準〕(連結)
2026-08-07,40210,日産化,2026年度 第1四半期 決算説明資料
2026-08-07,40210,日産化,業績連動型株式報酬制度に係る追加拠出に伴う自己株式の処分に関するお知らせ
2026-08-07,40230,クレハ,2027年3月期第1四半期決算短信〔ＩＦＲＳ〕(連結)
2026-08-07,40230,クレハ,業績予想の修正に関するお知らせ
2026-08-07,40270,テイカ,2027年３月期第２四半期累計期間連結業績予想の修正に関するお知らせ
2026-08-07,40270,テイカ,2027年３月期 第１四半期決算短信〔日本基準〕（連結）
2026-08-07,40280,石原産,従業員持株会向け譲渡制限付株式インセンティブとしての自己株式の処分に関するお知らせ
2026-08-07,40280,石原産,2027年３月期 第１四半期決算短信〔日本基準〕(連結)
2026-08-07,40280,石原産,2027年３月期第２四半期（中間期）及び通期連結業績予想の修正に関するお知らせ
2026-08-07,40280,石原産,(訂正・数値データ訂正)「2026年３月期 決算短信〔日本基準〕（連結）」の一部訂正について
2026-08-07,40280,石原産,無機化学事業構造改革に係る追加施策実施に関するお知らせ
2026-08-07,40310,片倉コープアグリ,2027年３月期 第１四半期決算短信［日本基準］（連結）
2026-08-07,40410,日曹達,2027年3月期 第1四半期決算短信〔日本基準〕(連結)
2026-08-07,40410,日曹達,2027年3月期 第1四半期決算概要
2026-08-07,40450,東亜合,2026年12月期 第2四半期（中間期）決算説明会資料
2026-08-07,40460,大阪ソーダ,2027年３月期 第１四半期決算短信〔日本基準〕（連結）
2026-08-07,40460,大阪ソーダ,業績予想及び配当予想の修正に関するお知らせ
2026-08-07,40530,サンアスタリスク,2026年12月期半期報告書の提出期限延長に係る承認申請の検討に関するお知らせ
2026-08-07,40530,サンアスタリスク,半期報告書の提出予定日の変更について
2026-08-07,40530,サンアスタリスク,2026年12月期第2四半期決算短信の開示が四半期末後45日を超えることに関するお知らせ
2026-08-07,40610,デンカ,2027年3月期 第1四半期決算短信〔日本基準〕(連結)
2026-08-07,40610,デンカ,2027年3月期 第1四半期 決算説明会資料
2026-08-07,40610,デンカ,2027年3月期第2四半期（中間期）連結業績予想の修正に関するお知らせ
2026-08-07,40610,デンカ,特別損失計上のお知らせ
2026-08-07,40610,デンカ,株式報酬制度における株式取得に係る事項の決定に関するお知らせ
2026-08-07,40640,カーバイド,2027年３月期 第１四半期決算短信〔日本基準〕（連結）
2026-08-07,40780,堺化学,2027年３月期 第１四半期決算短信〔日本基準〕（連結）
2026-08-07,40780,堺化学,2027年３月期 第１四半期決算補足説明資料
2026-08-07,40820,稀元素,2027年３月期 第１四半期決算短信〔日本基準〕（連結）
2026-08-07,40880,エア・ウォーター,譲渡制限付株式報酬としての自己株式の処分の払込完了に関するお知らせ
2026-08-07,40930,東邦アセチレン,2027年３月期 第１四半期決算短信〔日本基準〕（連結）
2026-08-07,40950,日パーカライ,2027年3月期第1四半期決算短信〔日本基準〕(連結)
2026-08-07,40970,高圧ガス,2027年3月期 第１四半期決算短信[日本基準]（連結）
2026-08-07,40980,チタン工,2027年3月期 第1四半期決算短信[日本基準](連結)
2026-08-07,41000,戸田工,2027年３月期 第１四半期決算短信〔日本基準〕（連結）
2026-08-07,41020,丸尾カルシウム,2027年３月期 第１四半期決算短信〔日本基準〕（連結）
2026-08-07,41140,日触媒,2027年3月期 第1四半期決算短信〔IFRS〕（連結）
2026-08-07,41140,日触媒,2027年3月期業績予想および配当予想に関するお知らせ
2026-08-07,41140,日触媒,2026年度第1四半期決算及び通期予想の概要
2026-08-07,41250,三和油化工業,（訂正・数値データ訂正）「2026年３月期決算短信〔日本基準〕（連結）」の一部訂正について
2026-08-07,41250,三和油化工業,2027年３月期 第１四半期決算短信〔日本基準〕（連結）
2026-08-07,41250,三和油化工業,2027年３月期 第１四半期決算補足説明資料
2026-08-07,41690,Ｇ－エネチェンジ,2027年3月期第1四半期 決算説明資料
2026-08-07,41690,Ｇ－エネチェンジ,2027年3月期第1四半期 決算短信〔日本基準〕（連結）
2026-08-07,416A0,富士ユナイトＨＤ,2027年３月期 第１四半期決算短信〔日本基準〕（連結）
2026-08-07,41820,菱瓦斯化,2027年3月期 第1四半期決算短信[日本基準]（連結）
2026-08-07,41820,菱瓦斯化,業績予想の修正に関するお知らせ
2026-08-07,41820,菱瓦斯化,2026年度第1四半期 決算説明資料
2026-08-07,41880,三菱ケミカルグループ,「2027年３月期 第１四半期決算短信〔ＩＦＲＳ〕（連結）」の 公認会計士等による期中レビューの完了について
2026-08-07,42080,ＵＢＥ,2027年３月期 第１四半期決算短信〔日本基準〕（連結）
2026-08-07,42080,ＵＢＥ,従業員持株会向け譲渡制限付株式インセンティブとしての 自己株式の処分に関するお知らせ
2026-08-07,42080,ＵＢＥ,2027年３月期 第１四半期決算 説明資料
2026-08-07,42410,アテクト,2027年３月期第１四半期決算短信〔日本基準〕(連結)
2026-08-07,42410,アテクト,2027年３月期第１四半期連結決算説明資料
2026-08-07,42420,タカギセイコー,2027年３月期 第１四半期決算短信〔日本基準〕(連結)
2026-08-07,42430,ニックス,2026年９月期第３四半期決算短信〔日本基準〕(連結)
2026-08-07,42460,ＤＮＣ,（訂正）「2027年３月期 業績予想の修正および配当予想の修正（増配）に関するお知らせ」の一部訂正についてのお知らせ
2026-08-07,42630,Ｇ－サスメド,ストック・オプション（新株予約権）の発行内容確定に関するお知らせ
2026-08-07,42630,Ｇ－サスメド,2026年6月期 決算短信〔日本基準〕(非連結)
2026-08-07,42630,Ｇ－サスメド,2026年6月期 決算説明資料
2026-08-07,42750,カーリット,2027年３月期 第１四半期決算短信〔日本基準〕（連結）
2026-08-07,42750,カーリット,2027年３月期第１四半期決算補足説明資料のお知らせ
2026-08-07,42750,カーリット,自己株式取得に係る事項の決定に関するお知らせ
2026-08-07,43180,クイック,従業員に対する譲渡制限付株式としての自己株式の処分に関するお知らせ
2026-08-07,431A0,Ｇ－ユーソナー,2026年12月期 第2四半期（中間期）決算短信〔日本基準〕（非連結）
2026-08-07,431A0,Ｇ－ユーソナー,2026年12月期 第2四半期決算説明資料
2026-08-07,43260,インテージＨＤ,2026年６月期決算の状況および第15次中期経営計画
2026-08-07,43350,ＩＰＳＨＤ,個別業績予想と実績値との差異に関するお知らせ
2026-08-07,43350,ＩＰＳＨＤ,2026年６月期 決算短信〔日本基準〕（連結）
2026-08-07,43440,ソースネクスト,2026年12月期第２四半期（中間期）決算短信〔日本基準〕(連結)
2026-08-07,43440,ソースネクスト,営業外収益、営業外費用、並びに特別損失の計上に関するお知らせ
2026-08-07,43500,メディシス,2027年３月期 第１四半期決算短信〔日本基準〕(連結)
2026-08-07,43500,メディシス,2027年３月期 第１四半期決算説明資料
2026-08-07,43510,山田債権,2026年12月期 第２四半期（中間期）決算短信〔日本基準〕（連結）
2026-08-07,43600,マナック・ケミカルＰ,2027年３月期 第１四半期決算短信〔日本基準〕（連結）
2026-08-07,43680,扶桑化学,2027年3月期 第1四半期決算短信〔日本基準〕（連結）
2026-08-07,43750,Ｇ－セーフィー,2026年12月期第2四半期（中間期） 決算短信〔日本基準〕（連結）
2026-08-07,43750,Ｇ－セーフィー,特別損失の計上に関するお知らせ
2026-08-07,43750,Ｇ－セーフィー,2026年12月期第2四半期 決算説明資料
2026-08-07,43770,Ｇ－ワンキャリア,（開示事項の中止）連結子会社からの配当金受領の中止に関するお知らせ
2026-08-07,43900,ｉｐｓ,2027年３月期 第１四半期決算短信〔日本基準〕（連結）
2026-08-07,43900,ｉｐｓ,2027年３月期 第１四半期 決算説明補足資料
2026-08-07,43900,ｉｐｓ,新国際海底ケーブルCandleの一部使用権(IRU)と運用保守サービスの提供に関するお知らせ
2026-08-07,43920,ＦＩＧ,2026年12月期 第２四半期（中間期）決算短信〔日本基準〕(連結)
2026-08-07,43920,ＦＩＧ,2026年12月期 第２四半期決算説明資料
2026-08-07,44010,ＡＤＥＫＡ,2027年３月期 第１四半期決算短信〔日本基準〕(連結)
2026-08-07,44010,ＡＤＥＫＡ,2027年３月期 第２四半期(中間期)および通期連結業績予想の修正ならびに配当予想の修正に関するお知らせ
2026-08-07,44010,ＡＤＥＫＡ,2027年３月期 第1四半期連結決算補足資料
2026-08-07,44060,新日本理化,2027年３月期 第１四半期決算短信〔日本基準〕（連結）
2026-08-07,44060,新日本理化,2027年３月期連結業績予想の修正に関するお知らせ
2026-08-07,44060,新日本理化,天然高級アルコール事業からの撤退に関するお知らせ
2026-08-07,44060,新日本理化,持分法適用関連会社の異動（株式譲渡及び合弁解消）並びに特別損失の計上に関するお知らせ
2026-08-07,44170,Ｇ－グローバルセキュ,譲渡制限付株式報酬としての自己株式の処分の払込完了に関するお知らせ
2026-08-07,44470,Ｇ－ＰＢシステムズ,配当予想の修正に関するお知らせ
2026-08-07,44470,Ｇ－ＰＢシステムズ,2026年９月期 第３四半期決算短信〔日本基準〕（非連結）
2026-08-07,44470,Ｇ－ＰＢシステムズ,2026年９月期 第３四半期決算補足資料
2026-08-07,44470,Ｇ－ＰＢシステムズ,株主優待制度の内容の決定に関するお知らせ
2026-08-07,44640,ソフト９９,2027年3月期 第1四半期決算短信〔日本基準〕（連結）
2026-08-07,44920,ゼネテック,2027年３月期 第１四半期決算短信〔日本基準〕（連結）
2026-08-07,44920,ゼネテック,2027年３月期 第１四半期決算説明資料
2026-08-07,45060,住友ファーマ,当社に関するレポートについて（「Sumitomo Chemical and Sumitomo Pharmaceutical: The 116 Billion yen Swiss Shuffle」に関する追加説明）
2026-08-07,45210,科研薬,2027年3月期 第1四半期決算短信〔日本基準〕（連結）
2026-08-07,45210,科研薬,2027年3月期第1四半期決算 決算短信補足資料
2026-08-07,45260,理研ビタミン,2027年3月期 第1四半期 決算短信〔日本基準〕（連結）
2026-08-07,45260,理研ビタミン,2027年3月期 第1四半期決算補足資料
2026-08-07,45430,テルモ,2027年３月期 第１四半期決算短信〔ＩＦＲＳ〕（連結）
2026-08-07,45430,テルモ,2027年３月期通期連結業績予想の修正に関するお知らせ
2026-08-07,45640,Ｇ－ＯＴＳ,2027年3月期第1四半期決算短信〔日本基準〕（連結）
2026-08-07,45650,ネクセラファーマ,2026年12月期第２四半期（中間期）決算短信〔ＩＦＲＳ〕(連結)
2026-08-07,45650,ネクセラファーマ,2026年12月期第2四半期累計期間（1月-6月）ビジネスハイライトおよび連結業績について
2026-08-07,45680,第一三共,（再訂正）「2025年度 決算補足資料」の一部訂正について
2026-08-07,45680,第一三共,（訂正）「2025年度決算および第6期中期経営計画説明会」資料の一部訂正について
2026-08-07,45700,Ｇ－免疫生物研究所,2027年３月期 第１四半期決算短信〔日本基準〕（連結）
2026-08-07,45710,Ｇ－ＮＡＮＯ,2027年３月期 第１四半期決算短信〔日本基準〕（連結）
2026-08-07,45710,Ｇ－ＮＡＮＯ,営業外収益、営業外費用及び過年度法人税等の計上に関するお知らせ
2026-08-07,45840,Ｇ－キッズ・バイオ,株式報酬型ストック・オプション（新株予約権）の発行に関するお知らせ
2026-08-07,45860,Ｇ－メドレック,2026年12月期 第２四半期（中間期）決算短信〔日本基準〕(連結)
2026-08-07,45860,Ｇ－メドレック,業績予想の修正に関するお知らせ
2026-08-07,45860,Ｇ－メドレック,第三者割当による行使価額修正条項付第32回及び第35回新株予約権調達資金の支出予定時期変更に関するお知らせ
2026-08-07,45860,Ｇ－メドレック,東京証券取引所「スタンダード市場」への市場区分変更申請に関するお知らせ
2026-08-07,45860,Ｇ－メドレック,営業外費用の計上に関するお知らせ
2026-08-07,45880,Ｇ－オンコリスバイオ,2026年12月期第２四半期（中間期）決算短信〔日本基準〕(非連結)
2026-08-07,45880,Ｇ－オンコリスバイオ,営業外収益及び営業外費用の計上に関するお知らせ
2026-08-07,45980,Ｇ－ＤＥＬＴＡ－Ｐ,2027年３月期第１四半期決算短信〔日本基準〕(非連結)
2026-08-07,45980,Ｇ－ＤＥＬＴＡ－Ｐ,2027年３月期第１四半期決算補足説明資料
2026-08-07,45980,Ｇ－ＤＥＬＴＡ－Ｐ,第三者割当による第12回新株予約権（行使価額修正条項付）の発行価額の払込完了に関するお知らせ
2026-08-07,46110,大日塗料,2027年３月期 第１四半期決算短信〔日本基準〕（連結）
2026-08-07,46110,大日塗料,2027年３月期 第１四半期決算説明資料
2026-08-07,46120,日ペイントＨＤ,2026年12月期 第2四半期（中間期）決算短信〔ＩＦＲＳ〕（連結）
2026-08-07,46120,日ペイントＨＤ,業績予想の修正に関するお知らせ
2026-08-07,46130,関ペイント,業績予想及び配当予想の修正に関するお知らせ
2026-08-07,46130,関ペイント,2027年３月期 第１四半期決算短信〔日本基準〕(連結)
2026-08-07,46190,日特塗料,2027年3月期 第1四半期決算短信〔日本基準〕（連結）
2026-08-07,46200,藤倉化,2027年３月期 第１四半期決算短信［日本基準］（連結）
2026-08-07,46200,藤倉化,業績予想及び配当予想の公表に関するお知らせ
2026-08-07,46200,藤倉化,第12次中期経営計画策定に関するお知らせ
2026-08-07,46230,アサヒペン,自己株式取得に係る事項の決定に関するお知らせ
2026-08-07,46230,アサヒペン,自己株式の消却に関するお知らせ
2026-08-07,46230,アサヒペン,自己株式立会外買付取引（ToSTNeT-3）による自己株式の買付けに関するお知らせ
2026-08-07,46230,アサヒペン,2027年３月期 第１四半期決算短信〔日本基準〕（連結）
2026-08-07,46250,アトミクス,2027年３月期 第１四半期決算短信〔日本基準〕（連結）
2026-08-07,46280,エスケー化研,2027年３月期 第１四半期決算短信〔日本基準〕（連結）
2026-08-07,46290,大伸化学,2027年３月期 第１四半期決算短信〔日本基準〕（連結）
2026-08-07,46290,大伸化学,連結業績予想の修正に関するお知らせ
2026-08-07,46330,サカタインクス,2026年12月期 第2四半期（中間期）決算短信〔日本基準〕（連結）
2026-08-07,46330,サカタインクス,2026年12月期 第2四半期（中間期）決算説明資料
2026-08-07,46330,サカタインクス,連結業績予想の修正に関するお知らせ
2026-08-07,46340,ａｒｔｉｅｎｃｅ,2026年12月期 第2四半期(中間期)決算短信〔日本基準〕(連結)
2026-08-07,46340,ａｒｔｉｅｎｃｅ,2026年12月期 上半期 決算補足説明資料
2026-08-07,46340,ａｒｔｉｅｎｃｅ,自己株式の消却に関するお知らせ
2026-08-07,46620,フォーカスシステムズ,2027年3月期(第51期) 第1四半期決算補足説明資料
2026-08-07,46620,フォーカスシステムズ,2027年3月期 第1四半期決算短信〔日本基準〕(非連結)
2026-08-07,46670,アイサンテクノロ,2027年3月期第1四半期決算短信〔日本基準〕（連結）
2026-08-07,46670,アイサンテクノロ,2027年3月期第1四半期決算補足説明資料
2026-08-07,46670,アイサンテクノロ,株式分割及び株式分割に伴う定款の一部変更並びに配当予想の修正、株主優待制度の一部変更に関するお知らせ
2026-08-07,46670,アイサンテクノロ,譲渡制限付株式報酬としての自己株式処分の払込完了に関するお知らせ
2026-08-07,46740,クレスコ,譲渡制限付株式報酬としての自己株式の処分の払込完了に関するお知らせ
2026-08-07,46860,ジャストシステム,2027年３月期 第１四半期決算短信〔日本基準〕（連結）
2026-08-07,46940,ＢＭＬ,2027年３月期第１四半期決算短信〔日本基準〕(連結)
2026-08-07,47050,クリップ,2027年３月期 第１四半期決算短信〔日本基準〕（連結）
2026-08-07,47090,ＩＤホールディングス,2027年３月期 第１四半期 決算説明資料
2026-08-07,47120,ＫｅｙＨ,2026年12月期 第２四半期（中間期）決算短信〔ＩＦＲＳ〕（連結）
2026-08-07,47120,ＫｅｙＨ,2026年12月期 第２四半期（中間期）決算資料
2026-08-07,47120,ＫｅｙＨ,持分法による投資利益の計上に関するお知らせ
2026-08-07,471A0,ＮＳグループ,2026年12月期 第２四半期（中間期）決算短信〔ＩＦＲＳ〕（連結）
2026-08-07,47350,京進,株式会社京進 中長期経営方針（2035年のありたい姿）に関するQ&A
2026-08-07,47510,サイバーエージェント,2026年９月期 第３四半期決算説明会資料
2026-08-07,47510,サイバーエージェント,通期業績予想および配当予想の修正に関するお知らせ
2026-08-07,47510,サイバーエージェント,2026年９月期 第３四半期決算短信[日本基準]（連結）
2026-08-07,47540,トスネット,2026年９月期第３四半期決算短信〔日本基準〕(連結)
2026-08-07,47670,ＴＯＷ,2026年６月期 決算短信〔日本基準〕(連結)
2026-08-07,47670,ＴＯＷ,自己株式の消却に関するお知らせ
2026-08-07,47670,ＴＯＷ,創立 50 周年記念配当及び2027年６月期の配当予想に関するお知らせ
2026-08-07,47690,ＩＣ,2026年９月期 第３四半期決算短信〔日本基準〕(連結)
2026-08-07,47830,ＮＣＤ,2027年3月期 第1四半期決算短信〔日本基準〕(連結)
2026-08-07,48000,オリコン,2027年３月期 第１四半期決算短信〔日本基準〕（連結）
2026-08-07,48000,オリコン,株式併合、単元株式数の定めの廃止及び定款の一部変更に関する臨時株主総会開催、並びに資本金及び資本準備金の額の減少のお知らせ
2026-08-07,48000,オリコン,自己株式の消却に関するお知らせ
2026-08-07,48010,セントラルＳＰ,2027年3月期第1四半期決算短信 〔日本基準〕 （連結）
2026-08-07,48470,ＩＷＩ,2026年6月期 決算説明会資料 2026年6月期第3四半期 決算説明会資料
2026-08-07,48480,フルキャストＨＤ,2026年12月期第２四半期（中間期）決算短信〔日本基準〕(連結)
2026-08-07,48480,フルキャストＨＤ,剰余金の配当（中間配当）に関するお知らせ
2026-08-07,48480,フルキャストＨＤ,自己株式取得に係る事項の決定に関するお知らせ
2026-08-07,48480,フルキャストＨＤ,2026年12月期第２四半期（中間期）決算説明資料
2026-08-07,48870,サワイグループＨＤ,（訂正） 会社分割（簡易吸収分割）に関するお知らせ
2026-08-07,48880,Ｇ－ステラファーマ,ステボロニンの安定供給体制再構築に向けた製造所追加に係る一部変更承認申請書の受領のお知らせ
2026-08-07,49120,ライオン,2026年12月期 第2四半期（中間期）決算短信〔ＩＦＲＳ〕（連結）
2026-08-07,49120,ライオン,2026年12月期 第2四半期（中間期）決算説明資料
2026-08-07,49310,新日本製薬,2026年９月期 第３四半期決算短信〔日本基準〕(連結)
2026-08-07,49310,新日本製薬,2026年９月期第３四半期決算補足説明資料
2026-08-07,49330,Ｉｎｅ,2026年12月期第２四半期（中間期）決算短信〔日本基準〕(連結)
2026-08-07,49330,Ｉｎｅ,2026年12月期通期連結業績予想の修正に関するお知らせ
2026-08-07,49330,Ｉｎｅ,2026年12月期第2四半期決算説明資料
2026-08-07,49350,リベルタ,2026年12月期第２四半期（中間期）連結業績予想値と実績値との差異および減損損失の計上に関するお知らせ
2026-08-07,49350,リベルタ,2026年12月期第２四半期（中間期）決算短信〔日本基準〕(連結)
2026-08-07,49350,リベルタ,2026年12月期第２四半期決算説明資料
2026-08-07,49370,Ｇ－Ｗａｑｏｏ,2026年９月期第３四半期決算短信〔日本基準〕(連結)
2026-08-07,49370,Ｇ－Ｗａｑｏｏ,2026年９月期 通期連結業績予想の修正に関するお知らせ
2026-08-07,49370,Ｇ－Ｗａｑｏｏ,株主優待制度の導入に関するお知らせ
2026-08-07,49660,上村工業,2027年３月期 第１四半期決算短信〔日本基準〕（連結）
2026-08-07,49660,上村工業,譲渡制限付株式報酬としての自己株式の処分の割当完了に関するお知らせ
2026-08-07,49700,東洋合成,業績予想の修正に関するお知らせ
2026-08-07,49700,東洋合成,2027年３月期 第１四半期決算短信〔日本基準〕(非連結)
2026-08-07,49760,ドライルーブ,2026年６月期 決算短信〔日本基準〕（連結）
2026-08-07,49760,ドライルーブ,剰余金の配当(期末配当)に関するお知らせ
2026-08-07,49760,ドライルーブ,取締役候補者の選任に関するお知らせ
2026-08-07,49770,ニッタゼラチン,2027年３月期 第１四半期決算短信〔日本基準〕（連結）
2026-08-07,49770,ニッタゼラチン,（開示事項の経過）海外連結子会社の清算結了に関するお知らせ
2026-08-07,49770,ニッタゼラチン,譲渡制限付株式報酬としての自己株式の処分の払込完了に関するお知らせ
2026-08-07,49770,ニッタゼラチン,2027年３月期 第１四半期決算説明資料
2026-08-07,49940,大成ラミックＧ,2027年３月期 第１四半期決算短信〔日本基準〕(連結)
2026-08-07,49940,大成ラミックＧ,通期連結業績予想の修正に関するお知らせ
2026-08-07,49980,フマキラー,2027年3月期 第１四半期決算短信〔日本基準〕（連結）
2026-08-07,50110,ニチレキＧ,2027年３月期 第１四半期決算短信〔日本基準〕（連結）
2026-08-07,50130,ユシロ,2027年3月期第1四半期決算短信〔日本基準〕(連結)
2026-08-07,50130,ユシロ,2027年３月期第１四半期決算説明資料
2026-08-07,50190,出光興産,2027年３月期 第１四半期決算短信〔ＩＦＲＳ〕（連結）
2026-08-07,50190,出光興産,2026年度第１四半期 決算説明資料
2026-08-07,50200,ＥＮＥＯＳ,2027年3月期 第1四半期決算短信〔ＩＦＲＳ〕（連結）
2026-08-07,50200,ＥＮＥＯＳ,2026年度 第１四半期決算 説明資料
2026-08-07,50200,ＥＮＥＯＳ,"TPC Holdings, Inc.の買収に関するお知らせ"
2026-08-07,50720,Ｐ－アートフォース,2026年12月期 第２四半期（中間期）決算短信〔日本基準〕（連結）
2026-08-07,50720,Ｐ－アートフォース,第２四半期(中間期)業績予想と実績値の差異に関するお知らせ
2026-08-07,50740,テスホールディングス,サステナビリティファイナンス等による調達資金の充当状況並びに環境及び社会側面での改善インパクトについてのご報告
2026-08-07,50760,インフロニアＨＤ,2027年３月期第１四半期決算短信〔ＩＦＲＳ〕（連結）
2026-08-07,50760,インフロニアＨＤ,金融収益の計上並びに業績予想及び配当予想の修正に関するお知らせ
2026-08-07,50760,インフロニアＨＤ,2027年３月期第１四半期アナリスト向け決算説明会資料 プレゼンテーション資料
2026-08-07,50760,インフロニアＨＤ,2027年３月期第１四半期アナリスト向け決算説明会資料
2026-08-07,51050,ＴＯＹＯ ＴＩＲＥ,自己株式の取得枠設定及び自己株式の消却に関するお知らせ
2026-08-07,51050,ＴＯＹＯ ＴＩＲＥ,自己株式の取得及び自己株式立会外買付取引（ToSTNeT-3）による自己株式の買付けに関するお知らせ
2026-08-07,51050,ＴＯＹＯ ＴＩＲＥ,三菱商事株式会社との資本業務提携解消に関するお知らせ
2026-08-07,51050,ＴＯＹＯ ＴＩＲＥ,2026年12月期 第２四半期（中間期）決算短信〔日本基準〕（連結）
2026-08-07,51050,ＴＯＹＯ ＴＩＲＥ,2026年12月期 第２四半期（中間期）の連結業績予想値と実績値との差異に関するお知らせ
2026-08-07,51050,ＴＯＹＯ ＴＩＲＥ,2026年度第2四半期決算説明資料
2026-08-07,51080,ブリヂス,2026年12月期 第２四半期(中間期)決算短信〔IFRS〕(連結)
2026-08-07,51080,ブリヂス,2026年第2四半期 決算説明会
2026-08-07,51210,藤コンポ,自己株式の取得状況及び取得終了に関するお知らせ
2026-08-07,51220,オカモト,2027年３月期 第１四半期決算短信〔日本基準〕（連結）
2026-08-07,51220,オカモト,2027年３月期第２四半期（中間期）及び通期業績予想並びに配当予想の修正（増配）に関するお知らせ
2026-08-07,51420,アキレス,2027年3月期 第1四半期決算短信〔日本基準〕(連結)
2026-08-07,51420,アキレス,通期業績予想の上方修正及び配当予想の修正(増配)に関するお知らせ
2026-08-07,51420,アキレス,2027年3月期 第1四半期 決算概要
2026-08-07,51420,アキレス,政策保有株式の縮減方針に関するお知らせ
2026-08-07,51420,アキレス,投資有価証券売却に伴う特別利益の計上見込みに関するお知らせ
2026-08-07,51610,西川ゴム,取締役および執行役員に対する株式報酬としての自己株式処分の払込完了に関するお知らせ
2026-08-07,51840,ニチリン,2026年12月期 第2四半期（中間期）決算短信〔日本基準〕（連結）
2026-08-07,51860,ニッタ,2027年3月期 第1四半期決算短信[日本基準]（連結）
2026-08-07,51860,ニッタ,業績予想の修正に関するお知らせ
2026-08-07,51870,クリエート,2026年12月期 第2四半期 決算説明資料
2026-08-07,51920,三星ベルト,自己株式取得に係る事項の決定に関するお知らせ
2026-08-07,51920,三星ベルト,2027年３月期第２四半期(中間期)及び通期連結業績予想の修正並びに、剰余金の配当（中間配当）予想の修正に関するお知らせ
2026-08-07,51920,三星ベルト,2027年3月期 第1四半期決算短信〔日本基準〕（連結）
2026-08-07,51940,相模ゴム,2027年３月期 第１四半期決算短信〔日本基準〕（連結）
2026-08-07,51940,相模ゴム,営業外収益（為替差益）に関するお知らせ
2026-08-07,51950,バンドー化,2027年３月期第１四半期決算短信〔ＩＦＲＳ〕（連結）
2026-08-07,51950,バンドー化,2027年３月期第１四半期 決算概要
2026-08-07,52020,板硝子,2027年3月期 第1四半期決算短信〔IFRS〕（連結）
2026-08-07,52020,板硝子,2027年3月期 第1四半期決算報告
2026-08-07,52160,倉元,2026年12月期 第２四半期（中間期）決算短信〔日本基準〕（連結）
2026-08-07,52160,倉元,2026年12月期 第２四半期決算説明資料
2026-08-07,52160,倉元,営業外費用の計上に関するお知らせ
2026-08-07,52370,ノザワ,2027年３月期 第１四半期決算短信〔日本基準〕（連結）
2026-08-07,52580,Ｇ－ＴＭＮ,第７回新株予約権（有償ストック・オプション）の発行に係る払込完了に関するお知らせ
2026-08-07,52620,日ヒューム,2027年3月期第1四半期決算短信〔日本基準〕(連結)
2026-08-07,52680,旭コンクリ,2027年3月期 第1四半期決算短信[日本基準］（非連結）
2026-08-07,52680,旭コンクリ,譲渡制限付株式報酬としての自己株式処分の払込完了に関するお知らせ
2026-08-07,52690,日コンクリ,2027年３月期 第１四半期決算短信〔日本基準〕（連結）
2026-08-07,52870,イトーヨーギョー,2027年3月期 第1四半期決算短信〔日本基準〕（非連結）
2026-08-07,52900,ベルテクス,2027年3月期 第1四半期決算短信[日本基準](連結)
2026-08-07,52900,ベルテクス,2027年3月期第2四半期の連結業績（累計）予想の修正に関するお知らせ
2026-08-07,53020,日カーボン,自己株式の取得状況に関するお知らせ（会社法第165条第2項の規定による定款の定めに基づく自己株式の取得）
2026-08-07,53040,ＳＥＣカーボン,2027年3月期 第1四半期決算短信〔日本基準〕(連結)
2026-08-07,53100,東洋炭素,2026年12月期 第２四半期（中間期）決算短信〔日本基準〕（連結）
2026-08-07,53100,東洋炭素,中間連結会計期間の業績予想値と実績値との差異に関するお知らせ
2026-08-07,53310,ノリタケ,2027年３月期 第１四半期決算短信〔日本基準〕（連結）
2026-08-07,53310,ノリタケ,2027年3月期 連結業績予想の修正に関するお知らせ
2026-08-07,53310,ノリタケ,2027年3月期 配当予想の修正に関するお知らせ
2026-08-07,53420,ジャニス工,2027年3月期 第1四半期決算短信〔日本基準〕(連結)
2026-08-07,53420,ジャニス工,営業外費用（デリバティブ評価損）の計上に関するお知らせ
2026-08-07,53560,美濃窯業,自己株式の取得及び自己株式立会外買付取引（ＴｏＳＴＮｅＴ－３）による自己株式の買付けに関するお知らせ
2026-08-07,53560,美濃窯業,業績連動型株式報酬制度に係る追加拠出に伴う自己株式の処分に関するお知らせ
2026-08-07,53560,美濃窯業,2027年３月期 第１四半期決算短信〔日本基準〕(連結)
2026-08-07,53570,ヨータイ,2027年３月期第１四半期決算短信〔日本基準〕(連結)
2026-08-07,53570,ヨータイ,譲渡制限付株式報酬としての自己株式の処分の払込完了に関するお知らせ
2026-08-07,53810,マイポックス,2027年３月期通期業績予想に関するお知らせ
2026-08-07,53810,マイポックス,2027年３月期 第１四半期決算短信〔日本基準〕(連結)
2026-08-07,53880,クニミネ工業,2027年3月期 第1四半期決算短信〔日本基準〕（連結）（公認会計士等による期中レビューの完了）
2026-08-07,53930,ニチアス,取締役および執行役員に対する譲渡制限付株式としての自己株式処分の払込完了に関するお知らせ
2026-08-07,54080,中山鋼,2027年３月期 第１四半期決算短信[日本基準]（連結）
2026-08-07,54080,中山鋼,阪和興業及びヨドコウとの資本業務提携契約の締結に伴う第三者割当による新株式発行及び自己株式の処分並びに主要株主及びその他の関係会社の異動
2026-08-07,54080,中山鋼,コミットメントライン契約締結に関するお知らせ
2026-08-07,54080,中山鋼,2026年度第１四半期決算補足資料
2026-08-07,54510,ヨドコウ,株式会社中山製鋼所との資本業務提携契約の締結および第三者割当による自己株式処分の引受に関するお知らせ
2026-08-07,54580,高砂鉄,2027年３月期 第２四半期（中間期）連結業績予想の修正に関するお知らせ
2026-08-07,54580,高砂鉄,2027年３月期 第１四半期決算短信〔日本基準〕（連結）
2026-08-07,54610,中部鋼鈑,2027年３月期第１四半期決算短信〔日本基準〕(連結)
2026-08-07,54610,中部鋼鈑,2027年３月期第１四半期決算補足資料
2026-08-07,54630,丸一鋼管,2027年３月期第１四半期決算短信〔日本基準〕(連結)
2026-08-07,54630,丸一鋼管,2027年3月期第1四半期決算説明会資料
2026-08-07,54910,日本金属,2027年３月期 第１四半期決算短信〔日本基準〕（連結）
2026-08-07,54910,日本金属,第11次経営計画「NIPPON KINZOKU 2030」のローリングに関するお知らせ
2026-08-07,55280,Ｐ－フロンティアＨＳ,通期連結業績予想の修正に関するお知らせ
2026-08-07,55360,Ｐ－京橋アートレジ,販売用不動産の取得に関するお知らせ
2026-08-07,55420,新報国マテリアル,第２四半期(中間期)業績予想と実績との差異及び通期業績予想の修正並びに期末配当予想の修正に関するお知らせ
2026-08-07,55420,新報国マテリアル,2026年12月期 第2四半期(中間期)決算短信〔日本基準〕(非連結)
2026-08-07,55700,Ｇ－ジェノバ,2026年９月期 第３四半期決算短信[日本基準]（非連結）
2026-08-07,55700,Ｇ－ジェノバ,2026年９月期第３四半期 決算補足説明資料
2026-08-07,55730,Ｐ－働楽ＨＤ,臨時株主総会招集のための基準日設定及び臨時株主総会開催並びに付議議案の決定に関するお知らせ
2026-08-07,55970,Ｇ－ブルーイノベ,2026年12月期 中間期 決算説明資料
2026-08-07,55970,Ｇ－ブルーイノベ,2026年12月期 第２四半期（中間期）決算短信〔日本基準〕（非連結）
2026-08-07,56440,メタルアート,主要株主の異動に関するお知らせ
2026-08-07,56950,パウダテック,2027年３月期第１四半期決算短信〔日本基準〕(連結)
2026-08-07,56950,パウダテック,2027年3月期第1四半期 決算補足説明資料
2026-08-07,56950,パウダテック,2025-2027年度 中期経営計画（25中計） 進捗状況
2026-08-07,57040,ＪＭＣ,東京証券取引所スタンダード市場への市場区分変更に関するお知らせ
2026-08-07,57060,三井金属,2027年3月期 第1四半期決算短信〔日本基準〕(連結)
2026-08-07,57060,三井金属,2027年3月期 第1四半期決算説明資料
2026-08-07,57060,三井金属,株式分割および株式分割に伴う定款の一部変更ならびに配当予想の修正に関するお知らせ
2026-08-07,57060,三井金属,譲渡制限付株式報酬としての新株式の発行の払込完了に関するお知らせ
2026-08-07,57140,ＤＯＷＡ,2027年３月期 第１四半期決算短信〔日本基準〕(連結)
2026-08-07,57140,ＤＯＷＡ,2026年度第1四半期 決算補足資料
2026-08-07,57260,大阪チタ,2027年3月期第1四半期決算短信〔日本基準〕（非連結）
2026-08-07,57260,大阪チタ,2027年３月期第２四半期（中間期）および通期業績予想の修正に関するお知らせ
2026-08-07,57420,ＮＩＣ,2027年3月期 第1四半期決算短信〔日本基準〕（非連結）
2026-08-07,57420,ＮＩＣ,2027年３月期（第56期）配当予想の修正に関するお知らせ
2026-08-07,57530,日伸銅,2027年３月期 第１四半期決算短信〔日本基準〕（非連結）
2026-08-07,57530,日伸銅,業績予想の修正に関するお知らせ
2026-08-07,57530,日伸銅,営業外費用（デリバティブ損失およびデリバティブ評価損）の計上に関するお知らせ
2026-08-07,57570,ＣＫサンエツ,2027年3月期 第1四半期決算短信〔日本基準〕（連結）
2026-08-07,57570,ＣＫサンエツ,営業外費用（デリバティブ損失およびデリバティブ評価損）の計上に関するお知らせ
2026-08-07,57570,ＣＫサンエツ,子会社（日本伸銅株式会社）の業績予想の修正に関するお知らせ
2026-08-07,58030,フジクラ,2027年３月期第２四半期（中間期）及び通期連結業績予想の修正に関するお知らせ
2026-08-07,58030,フジクラ,2027年３月期 第１四半期決算短信〔日本基準〕（連結）
2026-08-07,58030,フジクラ,従業員持株会向け譲渡制限付株式インセンティブとしての自己株式の処分に関するお知らせ
2026-08-07,58050,ＳＷＣＣ,2027年3月期 第1四半期決算短信〔日本基準〕（連結）
2026-08-07,58050,ＳＷＣＣ,2027年3月期第1四半期決算補足説明資料
2026-08-07,58050,ＳＷＣＣ,2027年３月期 業績予想の修正（上方修正）および配当予想の修正（増配）に関するお知らせ
2026-08-07,58200,三ッ星,2027年3月期第1四半期決算短信〔日本基準〕（連結）
2026-08-07,58300,いよぎんＨＤ,2027年3月期 第1四半期決算短信〔日本基準〕(連結)
2026-08-07,58300,いよぎんＨＤ,連結業績予想の修正に関するお知らせ
2026-08-07,58300,いよぎんＨＤ,自己株式取得に係る事項の決定に関するお知らせ
2026-08-07,58300,いよぎんＨＤ,従業員持株会向け譲渡制限付株式インセンティブとしての自己株式の処分に関するお知らせ
2026-08-07,58310,しずおかＦＧ,自己株式立会外買付取引（ToSTNeT-3）による自己株式の買付けに関するお知らせ
2026-08-07,58430,ニッポンインシュア,業績予想の修正及び配当予想の修正に関するお知らせ
2026-08-07,58430,ニッポンインシュア,2026年９月期第３四半期決算短信〔日本基準〕(非連結)
2026-08-07,58430,ニッポンインシュア,2026年９月期第３四半期決算説明資料
2026-08-07,585A4,Ｅ－ＪＡＭＰＦＭ,上場ETF（管理会社：JAMPファンド・マネジメント）に関する日々の開示事項
2026-08-07,58670,Ｇ－エスネット,2026年12月期 第２四半期（中間期）決算短信〔日本基準〕（連結）
2026-08-07,58670,Ｇ－エスネット,2026年12月期第２四半期決算説明資料
2026-08-07,58670,Ｇ－エスネット,通期業績予想の修正に関するお知らせ
2026-08-07,58670,Ｇ－エスネット,子会社等の異動に関するお知らせ
2026-08-07,587A4,Ｅ－インベスコＱＱＱ,インベスコQQQトラスト シリーズ1 に関する日々の開示事項
2026-08-07,58900,Ｐ－オフィスバスター,2026年12月期 中間決算短信〔日本基準〕（連結）
2026-08-07,59010,洋缶ＨＤ,業績連動型株式報酬制度に係る自己株式の処分に関するお知らせ
2026-08-07,59010,洋缶ＨＤ,業績連動型株式報酬制度における株式取得に係る事項の決定に関するお知らせ
2026-08-07,59020,ホッカンＨＤ,2027年３月期第１四半期決算短信〔日本基準〕(連結)
2026-08-07,59220,那須鉄,2027年３月期 第１四半期決算短信〔日本基準〕（連結）
2026-08-07,59220,那須鉄,中期経営計画の進捗状況について
2026-08-07,59380,ＬＩＸＩＬ,2027年3月期 第1四半期決算短信〔IFRS〕（連結）（公認会計士等による期中レビューの完了）
2026-08-07,59410,中西製作所,2027年３月期 第１四半期決算短信〔日本基準〕（非連結）
2026-08-07,59410,中西製作所,固定資産の譲渡及び特別利益の計上に関するお知らせ
2026-08-07,59430,ノーリツ,2026年12月期 第2四半期（中間期）決算短信〔日本基準〕（連結）
2026-08-07,59430,ノーリツ,第２四半期（中間期）連結業績予想と実績との差異に関するお知らせ
2026-08-07,59450,天龍製鋸,譲渡制限付株式報酬としての自己株式の処分の払込完了に関するお知らせ
2026-08-07,59460,長府製,2026年12月期 第2四半期（中間期）決算短信［日本基準］（連結）
2026-08-07,59460,長府製,営業外費用（匿名組合投資損失）の計上並びに2026年12月期第2四半期（中間期）の連結業績予想値と実績値の差異及び通期連結業績予想の修正に関するお知らせ
2026-08-07,59500,日本パワーファス,2026年12月期第2四半期（中間期）決算短信〔日本基準〕（連結）
2026-08-07,59510,ダイニチ工,譲渡制限付株式報酬としての自己株式の処分の払込完了に関するお知らせ
2026-08-07,59520,アマテイ,2027年３月期 第１四半期決算短信〔日本基準〕(連結)
2026-08-07,59530,昭和鉄,2027年３月期第１四半期決算短信〔日本基準〕(連結)
2026-08-07,59570,日東精工,2026年12月期 第２四半期（中間期）決算短信〔日本基準〕（連結）
2026-08-07,59570,日東精工,2026年12月期第2四半期決算補足説明資料
2026-08-07,59580,三洋工,譲渡制限付株式報酬としての自己株式の処分の払込完了に関するお知らせ
2026-08-07,59650,フジマック,2026年12月期第2四半期（中間期）決算短信〔日本基準〕（連結）
2026-08-07,59660,京都機械工具,2027年３月期 第１四半期決算短信〔日本基準〕（連結）
2026-08-07,59660,京都機械工具,当社取締役会の実効性に関する評価結果の概要について
2026-08-07,59690,ロブテックス,2027年3月期 第1四半期決算短信〔日本基準〕（連結）
2026-08-07,59710,共和工業,（開示事項の経過）新工場建設における投資総額の変更および補助金交付決定に関するお知らせ
2026-08-07,59710,共和工業,資本コストや株価を意識した経営の実現に向けた対応について
2026-08-07,59710,共和工業,自己株式の取得状況に関するお知らせ （会社法第459条第1項の規定による定款の定めに基づく自己株式の取得）
2026-08-07,59740,中国工,若柳化成工業株式会社の株式取得（完全子会社化）に関するお知らせ
2026-08-07,59750,東プレ,2027年3月期第2四半期(中間期)業績予想の公表に関するお知らせ
2026-08-07,59750,東プレ,2027年3月期 第1四半期決算短信[日本基準](連結)
2026-08-07,59760,ネツレン,自己株式の取得状況に関するお知らせ（会社法第165条第２項の規定による定款の定めに基づく自己株式の取得）
2026-08-07,59850,サンコール,2027年３月期 第１四半期 決算短信〔日本基準〕（連結）
2026-08-07,59850,サンコール,2027年３月期連結業績予想の修正及び配当予想の修正に関するお知らせ
2026-08-07,59860,モリテック,2027年３月期 第１四半期決算短信〔日本基準〕(連結)
2026-08-07,59860,モリテック,2027年３月期第２四半期（中間期）連結業績予想の修正に関するお知らせ
2026-08-07,598A0,Ｇ－チャットプラス,第三者割当増資の結果に関するお知らせ
2026-08-07,59970,協立エアテク,2026年12月期 第2四半期（中間期）決算短信[日本基準](連結）
2026-08-07,59980,アドバネクス,2027年3月期第１四半期決算補足資料
2026-08-07,59980,アドバネクス,海外子会社の固定資産譲渡のお知らせ
2026-08-07,59980,アドバネクス,2027年３月期 第１四半期決算短信〔日本基準〕（連結）
2026-08-07,60050,三浦工,2027年3月期 第1四半期決算短信〔ＩＦＲＳ〕(連結)
2026-08-07,60290,アトラＧ,2026年12月期 第２四半期 決算説明資料
2026-08-07,60290,アトラＧ,2026年12月期 第２四半期（中間期）決算短信〔日本基準〕(連結)
2026-08-07,60290,アトラＧ,業績予想の修正に関するお知らせ
2026-08-07,60550,Ｊマテリアル,2027年３月期 第１四半期決算短信〔日本基準〕（連結）
2026-08-07,60720,地盤ネットＨＤ,2027年３月期第１四半期決算決算短信〔日本基準〕（連結）
2026-08-07,60720,地盤ネットＨＤ,2027年３月期第１四半期決算決算補足説明資料
2026-08-07,60720,地盤ネットＨＤ,投資委員会の設置及び投資に関する基本方針策定のお知らせ
2026-08-07,60730,アサンテ,2027年３月期 第１四半期決算短信〔日本基準〕(連結)
2026-08-07,60730,アサンテ,2027年３月期 第１四半期決算補足資料
2026-08-07,60730,アサンテ,2027年３月期 ７月度月次売上高のお知らせ
2026-08-07,60870,アビスト,2026年9月期 第3四半期決算短信〔日本基準〕(非連結)
2026-08-07,60890,ウィルグループ,2027年３月期 第１四半期決算補足資料
2026-08-07,60890,ウィルグループ,2027年３月期 第１四半期決算短信〔IFRS〕(連結)
2026-08-07,60890,ウィルグループ,2027年３月期第２四半期（中間期）連結業績予想の修正に関するお知らせ
2026-08-07,60900,ＨＭＴ,当社従業員への譲渡制限付株式付与制度の導入に関するお知らせ
2026-08-07,60900,ＨＭＴ,剰余金の配当に関するお知らせ
2026-08-07,60900,ＨＭＴ,2026年６月期 決算短信〔日本基準〕（連結）
2026-08-07,60980,リクルートＨＤ,2027年3月期第1四半期決算短信〔IFRS〕(連結)
2026-08-07,60980,リクルートＨＤ,2027年3月期 第1四半期決算説明
2026-08-07,60980,リクルートＨＤ,2027年3月期第1四半期決算サマリー
2026-08-07,61180,アイダ,株式給付信託（BBT）に係る追加拠出に伴う自己株式の処分に関するお知らせ
2026-08-07,61380,ダイジェット,2027年3月期 第1四半期決算短信〔日本基準〕(連結)
2026-08-07,61380,ダイジェット,業績予想及び配当予想の修正に関するお知らせ
2026-08-07,61400,旭ダイヤ,2027年３月期第１四半期決算短信〔日本基準〕(連結)
2026-08-07,61400,旭ダイヤ,2027年３月期第２四半期（累計）および通期業績予想の修正に関するお知らせ
2026-08-07,61400,旭ダイヤ,株主優待制度の導入に関するお知らせ
2026-08-07,61400,旭ダイヤ,株式報酬制度における株式取得に係る事項の決定に関するお知らせ
2026-08-07,61430,ソディック,2026年12月期 第２四半期（中間期）決算短信〔日本基準〕（連結）
2026-08-07,61430,ソディック,通期業績予想の修正に関するお知らせ
2026-08-07,61430,ソディック,2026年12月期 第２四半期決算説明資料
2026-08-07,61450,ＮＩＴＴＯＫＵ,2027年３月期 第１四半期決算短信〔日本基準〕（連結）
2026-08-07,61450,ＮＩＴＴＯＫＵ,2027年３月期 第１四半期決算「参考資料」
2026-08-07,61460,ディスコ,譲渡制限付株式報酬としての新株式の発行の払込完了に関するお知らせ
2026-08-07,61460,ディスコ,当社執行役に対するストックオプション（新株予約権）の発行内容確定に関するお知らせ
2026-08-07,61470,ヤマザキ,2027年3月期 第1四半期決算短信〔日本基準〕（連結）
2026-08-07,61470,ヤマザキ,特別利益（固定資産売却益）の発生に関するお知らせ
2026-08-07,61510,日東工器,2027年3月期第1四半期 決算補足資料
2026-08-07,61510,日東工器,2027年3月期第1四半期決算短信[日本基準](連結)
2026-08-07,61550,高松機械,2027年３月期 第１四半期決算短信〔日本基準〕(連結)
2026-08-07,61580,和井田,譲渡制限付株式報酬としての自己株式の処分の払込完了に関するお知らせ
2026-08-07,61650,パンチ,連結業績予想及び配当予想の修正に関するお知らせ
2026-08-07,61650,パンチ,2027年３月期 第１四半期決算短信［日本基準］(連結）
2026-08-07,61650,パンチ,譲渡制限付株式報酬としての自己株式の処分の払込完了に関するお知らせ
2026-08-07,61670,冨士ダイス,2027年３月期第１四半期決算短信〔日本基準〕（連結）
2026-08-07,61670,冨士ダイス,2027年３月期 連結業績予想の修正に関するお知らせ
2026-08-07,61670,冨士ダイス,組織変更及び役員人事に関するお知らせ
2026-08-07,61710,土木管理総合試験所,2026年12月期 第２四半期（中間期）決算短信〔日本基準〕（連結）
2026-08-07,61710,土木管理総合試験所,2026年12月期第２四半期（中間期）業績予想と実績値との差異に関するお知らせ
2026-08-07,61710,土木管理総合試験所,特別損失（減損損失）の計上および特別利益（投資有価証券売却益）の計上に関するお知らせ
2026-08-07,61780,日本郵政,2027年３月期第１四半期決算短信〔日本基準〕(連結)
2026-08-07,61780,日本郵政,2027年3月期 第1四半期 決算説明資料
2026-08-07,61780,日本郵政,2027年3月期 第1四半期 日本郵便（連結）の概況
2026-08-07,61860,一蔵,取締役の辞任に関するお知らせ
2026-08-07,61860,一蔵,2027年３月期 第１四半期決算短信〔日本基準〕（連結）
2026-08-07,62000,インソース,自己株式の取得状況および取得終了ならびに自己株式の消却に関するお知らせ
2026-08-07,62030,豊和工,自己株式立会外買付取引（ToSTNeT-3）による自己株式の取得結果に関するお知らせ
2026-08-07,62080,石川製,2027年3月期第1四半期決算短信〔日本基準〕（連結）
2026-08-07,62090,リケンＮＰＲ,2027年３月期 第１四半期決算短信〔日本基準〕（連結）
2026-08-07,62230,西部技研,2026年12月期第２四半期（中間期）決算短信〔日本基準〕(連結)
2026-08-07,62230,西部技研,2026年12月期第２四半期 決算説明会資料（日本語・スライド）
2026-08-07,62270,ＡＩメカテック,（数値データ訂正）「2026年６月期 決算短信〔日本基準〕（連結）」の一部訂正について
2026-08-07,62270,ＡＩメカテック,2026年６月期 決算短信〔日本基準〕（連結）
2026-08-07,62270,ＡＩメカテック,2026年６月期 決算短信補足説明資料
2026-08-07,62270,ＡＩメカテック,特別損失及び法人税等調整額（益）の計上に関するお知らせ
2026-08-07,62270,ＡＩメカテック,中期経営計画見直しに関するお知らせ
2026-08-07,62270,ＡＩメカテック,大手半導体関連メーカーより大口受注のお知らせ
2026-08-07,62310,木村工機,2027年３月期 第１四半期決算短信〔日本基準〕（非連結）
2026-08-07,62330,ＫＬＡＳＳ,令和８年９月期第３四半期決算短信〔日本基準〕（連結）
2026-08-07,62350,オプトラン,2026年12月期 第２四半期（中間期）決算短信〔日本基準〕（連結）
2026-08-07,62350,オプトラン,2026年12月期第２四半期決算説明資料
2026-08-07,62370,イワキポンプ,2027年３月期 第１四半期決算短信〔日本基準〕（連結）
2026-08-07,62380,フリュー,2027年３月期 第１四半期決算短信〔日本基準〕（連結）
2026-08-07,62380,フリュー,2026年7月度 月次概況（速報）のお知らせ
2026-08-07,62380,フリュー,業績連動型株式報酬制度に係る追加拠出に伴う自己株式の処分に関するお知らせ
2026-08-07,62380,フリュー,2027年3月期 第1四半期決算説明資料
2026-08-07,62390,ナガオカ,貸倒引当金繰入額（販売費及び一般管理費）の計上に関するお知らせ
2026-08-07,62390,ナガオカ,2026年６月期 決算短信〔日本基準〕（連結）
2026-08-07,62390,ナガオカ,子会社による大口受注に関するお知らせ
2026-08-07,62400,ヤマシンフィルタ,2027年３月期第１四半期決算短信〔日本基準〕(連結)
2026-08-07,62400,ヤマシンフィルタ,2027年３月期第１四半期決算説明資料
2026-08-07,62450,ヒラノテクシード,2027年３月期 第１四半期決算短信〔日本基準〕（連結）
2026-08-07,62450,ヒラノテクシード,2026年度第1四半期連結決算説明資料
2026-08-07,62460,テクノスマート,2027年３月期 第１四半期決算短信〔日本基準〕（非連結）
2026-08-07,62460,テクノスマート,業績連動型株式報酬としての自己株式の処分の払込完了に関するお知らせ
2026-08-07,62470,日阪製作,2027年３月期 第１四半期決算短信〔日本基準〕（連結）
2026-08-07,62480,横田製作所,2027年３月期 第１四半期決算短信〔日本基準〕（非連結）
2026-08-07,62500,やまびこ,2026年12月期 第2四半期（中間期）決算短信〔日本基準〕（連結）
2026-08-07,62500,やまびこ,剰余金の配当（中間配当）に関するお知らせ
2026-08-07,62540,野村マイクロ,2027年3月期第1四半期決算短信〔日本基準〕（連結）
2026-08-07,62580,平田機工,2027年3月期 第1四半期決算短信〔日本基準〕（連結）
2026-08-07,62690,三井海洋,2026年12月期第２四半期（中間期）決算短信〔IFRS〕（連結）
2026-08-07,62730,ＳＭＣ,2027年３月期 第１四半期 決算説明会資料
2026-08-07,62730,ＳＭＣ,2027年３月期 第１四半期決算短信〔日本基準〕(連結)
2026-08-07,62730,ＳＭＣ,取締役に対する株式報酬制度への追加拠出に関するお知らせ
2026-08-07,62730,ＳＭＣ,雇用型執行役員に対する従業員向け株式給付信託の導入に関するお知らせ
2026-08-07,62770,ホソカワミクロン,2026年９月期第３四半期決算短信〔日本基準〕(連結)
2026-08-07,62770,ホソカワミクロン,2026年9月期 通期業績予想の修正に関するお知らせ
2026-08-07,62860,靜甲,2027年３月期 第１四半期決算短信〔日本基準〕（連結）
2026-08-07,62860,靜甲,2027年３月期 第１四半期決算説明資料
2026-08-07,62940,オカダアイヨン,2027年３月期 第１四半期決算短信〔日本基準〕（連結）
2026-08-07,62940,オカダアイヨン,2027年３月期 第１四半期 決算短信補足資料
2026-08-07,62940,オカダアイヨン,自己株式の取得枠設定に関するお知らせ
2026-08-07,63100,井関農,2026年12月期 第2四半期（中間期）決算短信〔日本基準〕（連結）
2026-08-07,63100,井関農,2026年12月期 第2四半期 決算補足説明資料
2026-08-07,63170,北川鉄,取締役等に対する譲渡制限付株式としての自己株式処分の払込完了に関するお知らせ
2026-08-07,63170,北川鉄,2027年３月期 第１四半期決算短信〔日本基準〕(連結)
2026-08-07,63240,ハーモニック,2027年３月期 第１四半期決算短信〔日本基準〕(連結)
2026-08-07,63240,ハーモニック,業績予想の修正に関するお知らせ
2026-08-07,63240,ハーモニック,2027年３月期 第１四半期 決算説明資料
2026-08-07,63300,洋エンジ,2027年３月期 第１四半期決算短信〔日本基準〕(連結)
2026-08-07,63300,洋エンジ,2027年３月期 第１四半期（FY2026-1Q）決算概要
2026-08-07,63340,明治機,2027年３月期 第１四半期決算短信〔日本基準〕（連結）
2026-08-07,63380,タカトリ,2026年９月期 第３四半期決算短信〔日本基準〕（非連結）
2026-08-07,63390,新東工,2027年3月期第1四半期決算短信〔日本基準〕（連結）
2026-08-07,63390,新東工,2027年3月期 第1四半期 決算資料（概要）
2026-08-07,63390,新東工,自己株式取得に係る事項の決定に関するお知らせ
2026-08-07,63510,鶴見製,2027年３月期 第１四半期決算短信〔日本基準〕（連結）
2026-08-07,63580,酒井重,2027年３月期 第１四半期決算短信〔日本基準〕（連結）
2026-08-07,63580,酒井重,中期経営計画 2031
2026-08-07,63600,東自機,2027年３月期第１四半期決算短信〔日本基準〕(非連結)
2026-08-07,63650,電業社,2027年3月期 第1四半期決算短信〔日本基準〕（連結）
2026-08-07,63650,電業社,2027年3月期 第1四半期決算補足説明資料
2026-08-07,63690,トーヨーカネツ,2027年３月期 第１四半期決算短信〔日本基準〕（連結）
2026-08-07,63690,トーヨーカネツ,2027年３月期 第１四半期決算概要
2026-08-07,63780,木村化工,2027年３月期 第１四半期決算短信〔日本基準〕（連結）
2026-08-07,63790,レイズネクスト,2027年3月期第1四半期決算短信〔日本基準〕(連結)
2026-08-07,63790,レイズネクスト,2027年3月期第1四半期決算説明資料
2026-08-07,63790,レイズネクスト,自己株式取得に係る事項の決定に関するお知らせ
2026-08-07,63790,レイズネクスト,従業員持株会向け譲渡制限付株式インセンティブとしての自己株式の処分の払込完了および一部失権に関するお知らせ
2026-08-07,63840,昭和真空,譲渡制限付株式報酬としての自己株式の処分の払込完了に関するお知らせ
2026-08-07,63900,加藤製,2027年３月期第１四半期決算短信〔日本基準〕(連結)
2026-08-07,63900,加藤製,2027年３月期第１四半期決算説明資料
2026-08-07,63920,ヤマダコーポ,2027年3月期 第１四半期決算短信〔日本基準〕（連結）
2026-08-07,63930,油研工,2027年3月期 第1四半期決算短信〔日本基準〕(連結)
2026-08-07,63960,宇野沢鉄,2027年３月期 第１四半期決算短信〔日本基準〕（非連結）
2026-08-07,64000,不二精機,2026年12月期 第２四半期（中間期）決算短信〔日本基準〕（連結）
2026-08-07,64000,不二精機,2026年12月期 中間期 決算説明資料
2026-08-07,64000,不二精機,通期連結業績予想の修正（上方修正）および配当予想の修正（増配）に関するお知らせ
2026-08-07,64000,不二精機,中間連結業績予想と実績との差異に関するお知らせ
2026-08-07,64050,鈴茂器工,2027年３月期 第１四半期決算短信〔日本基準〕（連結）
2026-08-07,64050,鈴茂器工,2027年3月期 第1四半期決算補足資料
2026-08-07,64120,平和,2027年３月期 第１四半期決算短信〔日本基準〕（連結）
2026-08-07,64250,ユニバーサル,2026年12月期 第２四半期（中間期）決算短信〔日本基準〕（連結）
2026-08-07,64280,オーイズミ,2027年３月期 第１四半期決算短信〔日本基準〕(連結)
2026-08-07,64300,ダイコク電,2027年３月期第１四半期決算短信〔日本基準〕(連結)
2026-08-07,64300,ダイコク電,株主優待制度の内容決定および記念優待の実施に関するお知らせ
2026-08-07,64330,ヒーハイスト,2027年３月期 第１四半期決算短信〔日本基準〕（連結）
2026-08-07,64390,中日鋳工,2027年３月期第１四半期決算短信〔日本基準〕(非連結)
2026-08-07,64390,中日鋳工,営業外収益（受取配当金）の計上に関するお知らせ
2026-08-07,64440,サンデン,第三者割当による新株式の発行に関するお知らせ
2026-08-07,64440,サンデン,2026年12月期第２四半期（中間期）決算短信〔日本基準〕(連結)
2026-08-07,64440,サンデン,営業外収益の計上に関するお知らせ
2026-08-07,64440,サンデン,当社保有不動産の譲渡に関するお知らせ
2026-08-07,64450,ジャノメ,2027年３月期 第１四半期決算短信〔日本基準〕(連結)
2026-08-07,64450,ジャノメ,2027年３月期第１四半期 決算説明資料
2026-08-07,64540,マックス,譲渡制限付株式報酬としての自己株式の処分の払込完了に関するお知らせ
2026-08-07,64570,グローリー,2027年３月期 第１四半期 決算短信〔ＩＦＲＳ〕(連結)
2026-08-07,64570,グローリー,2027年３月期 第１四半期 決算短信 補足資料
2026-08-07,64600,セガサミーＨＤ,2027年３月期第１四半期決算短信〔日本基準〕(連結)
2026-08-07,64600,セガサミーＨＤ,2027年3月期 第1四半期 決算プレゼンテーション
2026-08-07,64600,セガサミーＨＤ,2027年3月期 Q1決算補足データ集 Data Appendix (FY2027/3 Q1)
2026-08-07,64630,ＴＰＲ,2027年３月期第１四半期決算短信〔日本基準〕（連結）
2026-08-07,64630,ＴＰＲ,2027年３月期 第１四半期決算発表参考資料
2026-08-07,64660,ＴＶＥ,2026年９月期 第３四半期決算短信〔日本基準〕（連結）
2026-08-07,64660,ＴＶＥ,業績予想及び配当予想の修正に関するお知らせ
2026-08-07,64660,ＴＶＥ,組織変更、取締役の委嘱及び人事異動に関するお知らせ
2026-08-07,64800,日トムソン,2027年３月期 第１四半期決算短信〔日本基準〕(連結)
2026-08-07,64800,日トムソン,2027年３月期第２四半期(中間期)および通期連結業績予想の修正に関するお知らせ
2026-08-07,64820,ＹＵＳＨＩＮ,2027年３月期 第１四半期決算短信〔日本基準〕（連結）
2026-08-07,64850,前沢給装,自己株式立会外買付取引（ToSTNeT－３）による自己株式の取得結果 および自己株式取得終了に関するお知らせ
2026-08-07,64920,岡野バル,2026年9月期 第3四半期決算短信〔日本基準〕（連結）
2026-08-07,64980,キッツ,2026年12月期 第２四半期（中間期）決算短信〔日本基準〕（連結）
2026-08-07,64980,キッツ,連結業績予想及び配当予想の修正に関するお知らせ
2026-08-07,65040,富士電機,2027年３月期 第１四半期決算短信〔日本基準〕（連結）（公認会計士等による期中レビューの完了）
2026-08-07,65070,シンフォニア,2027年3月期 第1四半期決算短信〔日本基準〕（連結）
2026-08-07,65180,三相電機,2027年３月期 第１四半期決算短信〔日本基準〕（連結）
2026-08-07,65490,ディーエムソリュ,2027年３月期 第１四半期決算短信〔日本基準〕（連結）
2026-08-07,65490,ディーエムソリュ,2027年３月期 第１四半期決算説明資料
2026-08-07,65680,Ｇ－神戸天然物化学,自己株式の取得及び自己株式立会外買付取引（ToSTNeT-3）による 自己株式の買付けに関するお知らせ
2026-08-07,65680,Ｇ－神戸天然物化学,譲渡制限付株式報酬としての自己株式の処分の払込完了に関するお知らせ
2026-08-07,65680,Ｇ－神戸天然物化学,2027年３月期 通期業績予想の公表及び期末配当予想の公表に関するお知らせ
2026-08-07,65680,Ｇ－神戸天然物化学,2027年３月期 第１四半期決算短信 [日本基準] (非連結)
2026-08-07,65680,Ｇ－神戸天然物化学,2027年３月期 第１四半期決算補足説明資料
2026-08-07,65730,Ｇ－ＣＲＡＶＩＡ,子会社の商号変更に関するお知らせ
2026-08-07,65740,Ｇ－コンヴァノ,臨時株主総会招集のための基準日設定に関するお知らせ
2026-08-07,65800,Ｇ－ライトアップ,2027年３月期 第１四半期決算短信〔日本基準〕（連結）
2026-08-07,65840,三桜工,2027年３月期 第１四半期決算短信〔日本基準〕（連結）
2026-08-07,65840,三桜工,2027年3月期 第１四半期 決算補足説明資料
2026-08-07,65880,東芝テック,2027年３月期 第１四半期決算短信〔日本基準〕（連結）
2026-08-07,65880,東芝テック,2026年度 第1四半期決算説明資料
2026-08-07,65880,東芝テック,特別損失（貸倒引当金繰入額）の計上に関するお知らせ
2026-08-07,66120,Ｇ－バルミューダ,2026年12月期 第２四半期（中間期）決算短信〔日本基準〕(連結)
2026-08-07,66120,Ｇ－バルミューダ,2026年12月期 第２四半期（中間期）決算説明会資料
2026-08-07,66130,Ｇ－ＱＤレーザ,譲渡制限付株式報酬としての新株式発行割当完了に関するお知らせ
2026-08-07,66200,宮越ＨＤ,2027年３月期 第１四半期決算短信〔日本基準〕(連結)
2026-08-07,66260,ＳＥＭＩＴＥＣ,2027年３月期第１四半期決算短信〔日本基準〕（連結）
2026-08-07,66330,ＣＧＳＨＤ,2026年12月期 第２四半期（中間期）決算短信〔日本基準〕(連結)
2026-08-07,66330,ＣＧＳＨＤ,第２四半期（中間期）連結業績予想値と実績値との差異に関するお知らせ
2026-08-07,66370,寺崎電気,2027年３月期 第１四半期決算短信〔日本基準〕（連結）
2026-08-07,66370,寺崎電気,2027年３月期 第１四半期決算短信補足資料
2026-08-07,66380,Ｍｉｍａｋｉ,2027年3月期 第1四半期 決算説明資料
2026-08-07,66380,Ｍｉｍａｋｉ,2027年3月期 第1四半期決算短信[日本基準]（連結）
2026-08-07,66470,森尾電,2027年３月期 第１四半期決算短信〔日本基準〕（連結）
2026-08-07,66480,かわでん,2027年3月期 第1四半期決算短信〔日本基準〕（非連結）
2026-08-07,66550,洋電機,2027年３月期 第１四半期決算短信〔日本基準〕（連結）
2026-08-07,66560,ＩＮＳＰＥＣ,株式報酬型ストックオプション（新株予約権）の付与に関するお知らせ（募集事項の決定等に関するお知らせ）
2026-08-07,66560,ＩＮＳＰＥＣ,第18回ストックオプション（新株予約権）の発行に関するお知らせ
2026-08-07,66580,シライ電子,譲渡制限付株式報酬としての自己株式の処分の払込完了に関するお知らせ
2026-08-07,66620,ユビテック,2026年６月期決算短信〔日本基準〕(連結)
2026-08-07,66620,ユビテック,2026年6月期実績と前期実績との差異に関するお知らせ
2026-08-07,66620,ユビテック,取締役候補者の決定について
2026-08-07,66620,ユビテック,剰余金配当に関するお知らせ
2026-08-07,66750,サクサ,2027年３月期 第１四半期決算短信〔日本基準〕(連結)
2026-08-07,66750,サクサ,2027年３月期 第１四半期決算補足説明資料
2026-08-07,66750,サクサ,特別損失（事業構造改善引当金繰入額）の計上に関するお知らせについて
2026-08-07,66990,ダイヤＨＤ,2027年３月期第１四半期決算短信〔日本基準〕(連結)
2026-08-07,66990,ダイヤＨＤ,2027年３月期第１四半期決算説明資料
2026-08-07,67060,電気興,2027年3月期 第1四半期決算短信〔日本基準〕（連結）
2026-08-07,67060,電気興,株主優待制度の導入に関するお知らせ
2026-08-07,67060,電気興,2027年3月期 第1四半期決算補足説明資料
2026-08-07,67310,ピクセラ,第13回無担保普通社債、第14回無担保普通社債及び第15回無担保普通社債に係る資金使途及び支出予定時期の変更に関するお知らせ
2026-08-07,67420,京三製,2027年３月期 第１四半期決算短信〔日本基準〕(連結)
2026-08-07,67420,京三製,2027年３月期第２四半期累計期間（中間期）業績予想の修正に関するお知らせ
2026-08-07,67430,大同信号,2027年3月期 第1四半期決算短信〔日本基準〕(連結)
2026-08-07,67430,大同信号,自己株式の取得及び自己株式立会外買付取引（ToSTNeT-3）による自己株式の買付け並びに自己株式の消却に関するお知らせ
2026-08-07,67530,シャープ,2027年３月期 第１四半期決算短信〔日本基準〕（連結）
2026-08-07,67530,シャープ,2026年度 第１四半期 決算
2026-08-07,67530,シャープ,2027年３月期通期連結業績予想の修正に関するお知らせ
2026-08-07,67530,シャープ,完全子会社の吸収合併及び吸収分割に関するお知らせ
2026-08-07,67720,コスモス電,2027年3月期 第1四半期決算説明資料
2026-08-07,67720,コスモス電,2027年３月期 第１四半期決算短信〔日本基準〕（連結）
2026-08-07,67720,コスモス電,連結業績予想及び配当予想の修正に関するお知らせ
2026-08-07,67720,コスモス電,譲渡制限付株式報酬としての自己株式の処分の割当完了に関するお知らせ
2026-08-07,67750,ＴＢグループ,2027年3月期第１四半期決算短信〔日本基準］（連結）
2026-08-07,67770,ｓａｎｔｅｃＨＤ,2027年３月期 第１四半期決算短信〔日本基準〕（連結）
2026-08-07,67770,ｓａｎｔｅｃＨＤ,2027年３月期 第１四半期決算説明資料
2026-08-07,67790,日電波,2027年３月期 第１四半期決算短信〔ＩＦＲＳ〕（連結）
2026-08-07,67790,日電波,2027年３月期第２四半期(中間期)及び通期連結業績予想の修正に関するお知らせ
2026-08-07,67940,フォスター電,2027年３月期 第１四半期決算短信〔日本基準〕（連結）
2026-08-07,67940,フォスター電,2027年3月期 第1四半期決算において想定されるご質問に対する回答について
2026-08-07,68030,ティアック,2027年３月期 第１四半期決算短信〔ＩＦＲＳ〕（連結）
2026-08-07,68040,ホシデン,2027年３月期 第１四半期決算短信〔日本基準〕（連結）
2026-08-07,68360,プラット,2027年３月期 第１四半期決算短信〔日本基準〕（連結）
2026-08-07,68360,プラット,2027年３月期第２四半期（中間期）業績予想の修正に関するお知らせ
2026-08-07,68370,京写,2027年３月期第１四半期決算短信〔日本基準〕(連結)
2026-08-07,68370,京写,2027年３月期第1四半期 決算補足資料
2026-08-07,68380,多摩川ＨＤ,当社子会社における固定資産取得に関する進捗のお知らせ（系統用蓄電所の事業用地・発電権利購入)
2026-08-07,68410,横河電,自己株式取得状況に関するお知らせ
2026-08-07,68440,新電元,2027年３月期 第１四半期決算短信〔日本基準〕（連結）
2026-08-07,68440,新電元,2027年３月期第１四半期決算補足資料
2026-08-07,68440,新電元,主要株主である筆頭株主の異動に関するお知らせ
2026-08-07,68480,東亜ディーケーケー,2027年3月期 第1四半期決算短信〔日本基準〕（連結）
2026-08-07,68500,チノー,譲渡制限付株式報酬としての自己株式の処分の払込完了に関するお知らせ
2026-08-07,68500,チノー,自己株式の取得状況に関するお知らせ
2026-08-07,68530,共和電,2026年12月期第2四半期(中間期)決算短信〔日本基準〕(連結)
2026-08-07,68530,共和電,剰余金の配当(中間配当)に関するお知らせ
2026-08-07,68550,電子材料,2027年３月期 第１四半期決算短信［日本基準］(連結)
2026-08-07,68550,電子材料,2027年３月期 第２四半期連結累計期間及び通期連結業績予想 並びに剰余金の配当（中間配当）予想の修正に関するお知らせ
2026-08-07,68560,堀場製,2026年12月期 第２四半期（中間期）決算短信〔日本基準〕(連結)
2026-08-07,68560,堀場製,剰余金の配当（中間配当）の実施及び配当予想の修正に関するお知らせ
2026-08-07,68560,堀場製,中長期経営計画「MLMAP2028」を更新
2026-08-07,68630,ニレコ,2027年３月期 第１四半期決算短信〔日本基準〕（連結）
2026-08-07,68660,日置電,組織変更及び人事異動に関するお知らせ
2026-08-07,68660,日置電,「資本コストや株価を意識した経営の実現に向けた対応」の開示について
2026-08-07,68670,リーダ電子,2027年３月期第１四半期 決算補足説明資料
2026-08-07,68690,シスメックス,2027年3月期 第1四半期決算短信〔IFRS〕（連結）
2026-08-07,68690,シスメックス,2027年３月期第２四半期(累計)及び通期連結業績予想の修正に関するお知らせ
2026-08-07,68990,ＡＳＴＩ,2027年3月期 第1四半期決算短信〔日本基準〕（連結）
2026-08-07,69070,ジオマテック,業績予想の修正に関するお知らせ
2026-08-07,69070,ジオマテック,2027年３月期 第１四半期決算短信〔日本基準〕（非連結）
2026-08-07,69150,千代インテ,2026年12月期 第２四半期（中間期）決算短信〔日本基準〕（連結）
2026-08-07,69150,千代インテ,2026年12月期第2四半期（中間期）連結業績予想と実績値との差異及び通期連結業績予想の修正に関するお知らせ
2026-08-07,69180,アバール,譲渡制限付株式報酬としての自己株式の処分の払込完了に関するお知らせ
2026-08-07,69190,ケル,2027年３月期 第１四半期決算短信〔日本基準〕（連結）
2026-08-07,69190,ケル,2027年３月期連結業績予想の修正に関するお知らせ
2026-08-07,69290,日セラミック,2026年12月期 第2四半期(中間期)決算短信[日本基準](連結)
2026-08-07,69290,日セラミック,自己株式取得に係る事項の決定に関するお知らせ
2026-08-07,69320,遠藤照明,譲渡制限付株式報酬としての自己株式の処分の払込完了に関するお知らせ
2026-08-07,69640,サンコー,2027年３月期 第１四半期決算短信〔日本基準〕（連結）
2026-08-07,69640,サンコー,2027年３月期第２四半期（中間期）連結業績予想の修正に関するお知らせ
2026-08-07,69810,村田製,自己株式の取得状況に関するお知らせ
2026-08-07,69820,リード,2027年３月期 第１四半期決算短信 [日本基準]（非連結）
2026-08-07,69860,双葉電子,2027年３月期 第１四半期決算短信〔日本基準〕（連結）
2026-08-07,69860,双葉電子,特別損失の計上に関するお知らせ
2026-08-07,69860,双葉電子,韓国子会社の解散に関するお知らせ
2026-08-07,69890,北電工業,2027年３月期 第１四半期決算短信〔日本基準〕（連結）
2026-08-07,69930,大黒屋,2027年３月期第１四半期決算短信〔日本基準〕（連結）
2026-08-07,69930,大黒屋,（開示事項の変更）「当社連結子会社における事業の譲受及び新たな事業の開始に関するお知らせ」の一部変更について
2026-08-07,69970,日ケミコン,2027年3月期第1四半期決算短信〔日本基準〕（連結）
2026-08-07,70120,川崎重,2027年３月期 第１四半期決算短信〔ＩＦＲＳ〕（連結）
2026-08-07,70120,川崎重,2026年度第1四半期決算説明資料
2026-08-07,70210,ニッチツ,2027年3月期第1四半期決算短信〔日本基準〕（連結）
2026-08-07,70220,サノヤスＨＤ,自己株式の取得状況及び取得終了に関するお知らせ
2026-08-07,70220,サノヤスＨＤ,譲渡制限付株式報酬としての自己株式の処分の払込完了に関するお知らせ
2026-08-07,70300,スプリックス,2026年9月期 第3四半期決算短信〔日本基準〕（連結）
2026-08-07,70300,スプリックス,2026年9月期第3四半期決算説明資料
2026-08-07,70400,サン・ライフＨＤ,2027年３月期第１四半期決算短信〔日本基準〕(連結)
2026-08-07,70430,Ｇ－アルー,2026年12月期第２四半期（中間期）決算説明資料
2026-08-07,70430,Ｇ－アルー,2026年12月期第２四半期（中間期）決算短信〔日本基準〕(連結)
2026-08-07,70600,ギークス,2027年３月期第１四半期決算短信〔日本基準〕(連結)
2026-08-07,70600,ギークス,2027年３月期第１四半期決算説明資料
2026-08-07,70600,ギークス,2027年３月期第１四半期決算説明資料 スマホ向けサマリ版
2026-08-07,70630,Ｇ－Ｂｉｒｄｍａｎ,（開示事項の経過）固定資産の保有目的の変更に関するお知らせ
2026-08-07,70670,Ｇ－ブランディング,自己株式の取得状況に関するお知らせ
2026-08-07,70670,Ｇ－ブランディング,2027年3月期第１四半期決算短信〔日本基準〕（連結）
2026-08-07,70670,Ｇ－ブランディング,2027年3月期第1四半期決算説明資料
2026-08-07,70790,Ｇ－ＷＤＢココ,2027年３月期第１四半期決算短信〔日本基準〕(非連結)
2026-08-07,70790,Ｇ－ＷＤＢココ,2027年3月期第1四半期決算説明資料
2026-08-07,70940,Ｇ－ＮｅｘＴｏｎｅ,譲渡制限付株式報酬としての自己株式の処分の払込完了に関するお知らせ
2026-08-07,71200,ＳＨＩＮＫＯ,業績条件型譲渡制限付株式報酬としての自己株式の処分の払込完了及び一部失権に関するお知らせ
2026-08-07,71270,一家ホールディングス,（株）一家ダイニングプロジェクト 飲食事業部 月次報告（2026年７月度）
2026-08-07,71270,一家ホールディングス,譲渡制限付株式報酬としての新株式の払込完了に関するお知らせ
2026-08-07,71310,のむら産業,連結子会社であるパックウェル株式会社の株式の譲渡に関するお知らせ
2026-08-07,71320,Ｐ－フローバル,自己株式立会外買付取引（ToSTNeT-3）による自己株式の買付けに関するお知らせ
2026-08-07,71610,じもとＨＤ,2027年３月期 第１四半期決算短信〔日本基準〕（連結）
2026-08-07,71800,九州ＦＧ,2027年３月期 第１四半期決算短信〔日本基準〕（連結）
2026-08-07,71810,かんぽ生命保険,2027年３月期第１四半期決算短信〔日本基準〕(連結)
2026-08-07,71810,かんぽ生命保険,2026年度第１四半期決算のお知らせ
2026-08-07,71810,かんぽ生命保険,2027年3月期 第1四半期決算の概要
2026-08-07,71820,ゆうちょ銀行,2027年３月期第１四半期決算短信〔日本基準〕(連結)
2026-08-07,71820,ゆうちょ銀行,2027年３月期第１四半期決算説明資料
2026-08-07,71870,ジェイリース,2027年３月期第１四半期決算短信〔日本基準〕(連結)
2026-08-07,71870,ジェイリース,2027年３月期第１四半期決算説明資料
2026-08-07,71920,日本モーゲージＳ,2027年３月期 第１四半期決算短信〔日本基準〕（連結）
2026-08-07,71920,日本モーゲージＳ,2027年3月期第１四半期 決算説明資料
2026-08-07,72030,トヨタ自,従業員に対する株式交付制度としての自己株式の処分の処分価額等の決定に関するお知らせ
2026-08-07,72030,トヨタ自,（訂正）「2027年3月期 第1四半期決算短信〔IFRS〕（連結)」補足資料の一部訂正に関するお知らせ
2026-08-07,72130,レシップＨＤ,2027年３月期第１四半期決算短信〔日本基準〕(連結)
2026-08-07,72130,レシップＨＤ,2027年3月期 第1四半期決算説明資料
2026-08-07,72140,ＧＭＢ,2027年３月期 第１四半期決算短信〔日本基準〕（連結）
2026-08-07,72170,テイン,2027年３月期 第１四半期決算短信〔日本基準〕(連結)
2026-08-07,72350,東ラヂエタ,2027年３月期 第１四半期決算短信〔日本基準〕（連結）
2026-08-07,72350,東ラヂエタ,2027年3月期 第１四半期決算 補足説明資料
2026-08-07,72380,曙ブレーキ,株式報酬型ストックオプション（新株予約権）の発行内容の確定に関するお知らせ
2026-08-07,72400,ＮＯＫ,自己株式立会外買付取引（ＴｏＳＴＮｅＴ－３）による自己株式の取得結果に関するお知らせ
2026-08-07,72440,市光工,業績予想と実績値との差異に関するお知らせ
2026-08-07,72440,市光工,剰余金の配当（中間配当）に関するお知らせ
2026-08-07,72440,市光工,2026年12月期 第2四半期(中間期)決算短信〔日本基準〕(連結)
2026-08-07,72450,大同メタル,2027年3月期第1四半期決算短信〔日本基準〕（連結）
2026-08-07,72450,大同メタル,2027年3月期 第1四半期 決算補足説明資料
2026-08-07,72470,ミクニ,2027年３月期 第１四半期決算短信〔日本基準〕（連結）
2026-08-07,72640,ＭＵＲＯ,2027年３月期 第１四半期決算短信〔日本基準〕(連結)
2026-08-07,72660,今仙電機,2027年3月期 第1四半期決算短信〔日本基準〕（連結）
2026-08-07,72700,ＳＵＢＡＲＵ,譲渡制限付株式報酬としての自己株式の処分の払込完了に関するお知らせ
2026-08-07,72730,イクヨ,自己株式の取得状況に関するお知らせ
2026-08-07,72790,ハイレックス,中国蘇州技術センター（海外子会社）設立に関するお知らせ
2026-08-07,72790,ハイレックス,欧州地域統括会社（海外子会社）設立に関するお知らせ
2026-08-07,72870,日本精機,2027年３月期 第１四半期決算短信〔ＩＦＲＳ〕（連結）
2026-08-07,72870,日本精機,2027年3月期 第1四半期決算補足資料
2026-08-07,72910,日本プラスト,2027年３月期 第１四半期決算短信 〔日本基準〕（連結）
2026-08-07,72910,日本プラスト,2027年３月期第１四半期決算説明資料
2026-08-07,72940,ヨロズ,2027年３月期第１四半期決算短信〔日本基準〕(連結)
2026-08-07,72990,フジオーゼ,従業員持株会向け譲渡制限付株式インセンティブとして自己株式処分の払込完了及び一部失権に関するお知らせ
2026-08-07,73050,新家工,2027年3月期 第1四半期決算短信[日本基準] （連結）
2026-08-07,73130,ＴＳテック,2027年３月期第１四半期決算短信〔ＩＦＲＳ〕（連結）
2026-08-07,73140,小田原機,2026年12月期第２四半期（中間期）連結累計期間の連結業績予想値と実績値の差異に関するお知らせ
2026-08-07,73140,小田原機,2026年12月期 第２四半期（中間期）決算短信〔日本基準〕（連結）
2026-08-07,73180,Ｇ－セレンディップ,2027年３月期 第１四半期決算短信〔日本基準〕（連結）
2026-08-07,73180,Ｇ－セレンディップ,2027年３月期 第１四半期 決算短信補足資料
2026-08-07,73580,ポピンズ,（開示事項の経過）連結子会社における受託業務に係る消費税等の処理に関する現状報告のお知らせ
2026-08-07,73580,ポピンズ,業績予想及び配当予想の修正に関するお知らせ
2026-08-07,73580,ポピンズ,2026年12月期 第２四半期（中間期）決算短信〔日本基準〕（連結）
2026-08-07,73580,ポピンズ,2026年12月期 第２四半期 決算説明会資料
2026-08-07,73770,ＤＮホールディングス,2026年６月期決算短信〔日本基準〕（連結）
2026-08-07,73770,ＤＮホールディングス,2026年６月期決算補足資料
2026-08-07,73770,ＤＮホールディングス,2026年６月期通期連結業績予想と実績値との差異に関するお知らせ
2026-08-07,73770,ＤＮホールディングス,剰余金の配当に関するお知らせ
2026-08-07,73770,ＤＮホールディングス,代表取締役の異動及び取締役候補者の選任に関するお知らせ
2026-08-07,73770,ＤＮホールディングス,子会社役員の異動に関するお知らせ
2026-08-07,73770,ＤＮホールディングス,当社取締役会の実効性に関する評価結果の概要について
2026-08-07,73810,ＣＣＩグループ,自己株式の取得状況に関するお知らせ
2026-08-07,73990,ナンシン,2027年３月期第１四半期決算短信〔日本基準〕(連結)
2026-08-07,74130,創健社,2027年3月期第1四半期決算短信〔日本基準〕(連結)
2026-08-07,74140,小野建,2027年３月期 第１四半期決算短信〔日本基準〕（連結）
2026-08-07,74160,はるやまＨＤ,2027年3月期 第1四半期決算短信〔日本基準〕（連結）
2026-08-07,74170,南陽,2027年3月期第1四半期決算短信〔日本基準〕（連結）
2026-08-07,74170,南陽,自己株式の取得状況に関するお知らせ
2026-08-07,74220,東邦レマック,東邦レマック株式会社７月度月次業績ご報告
2026-08-07,74250,初穂商事,2026年12月期 第2四半期（中間期）決算短信〔日本基準〕(連結)
2026-08-07,74250,初穂商事,2026年12月期 第2四半期（中間期）決算補足説明資料
2026-08-07,74260,山大,2027年3月期 第1四半期決算短信〔日本基準〕（連結）
2026-08-07,74380,コンドーテック,2027年3月期 第1四半期決算短信〔日本基準〕（連結）
2026-08-07,74410,Ｍｉｓｕｍｉ,2027年３月期 第１四半期決算短信〔日本基準〕（連結）
2026-08-07,74430,横浜魚類,2027年3月期 第1四半期決算短信〔日本基準〕(非連結)
2026-08-07,74560,松田産,業績予想及び配当予想の修正に関するお知らせ
2026-08-07,74560,松田産,2027年３月期 第１四半期決算短信〔日本基準〕(連結)
2026-08-07,74560,松田産,2027年３月期 第１四半期 決算説明資料
2026-08-07,74660,ＳＰＫ,2027年３月期 第１四半期決算短信〔日本基準〕（連結）
2026-08-07,74720,鳥羽洋行,2027年３月期 第１四半期決算短信〔日本基準〕（連結）
2026-08-07,74760,アズワン,2026年７月度単体月次業績（速報）のお知らせ
2026-08-07,74760,アズワン,自己株式の取得及び自己株式の公開買付けに関するお知らせ
2026-08-07,74760,アズワン,自己株式の取得及び 自己株式の公開買付けに関する補足説明資料
2026-08-07,74810,尾家産,譲渡制限付株式報酬としての自己株式の処分の払込完了に関するお知らせ
2026-08-07,74820,シモジマ,2027年３月期 第１四半期決算短信〔日本基準〕（連結）
2026-08-07,74900,日新商,株式併合、単元株式数の定めの廃止及び定款の一部変更に関する臨時株主総会開催のお知らせ
2026-08-07,74900,日新商,自己株式の消却に関するお知らせ
2026-08-07,74900,日新商,2027年3月期 第1四半期決算短信〔日本基準〕（連結）
2026-08-07,75000,西川計測,2026年6月期決算短信[日本基準]（非連結）
2026-08-07,75000,西川計測,剰余金の配当（増配）に関するお知らせ
2026-08-07,75090,アイエーＧ,2027年３月期 第１四半期決算短信〔日本基準〕（連結）
2026-08-07,75230,アールビバン,2027年3月期 第1四半期決算短信〔日本基準〕（連結）
2026-08-07,75250,リックス,2027年3月期 第1四半期決算短信[日本基準](連結)
2026-08-07,75250,リックス,2027年3月期 第1四半期決算説明資料
2026-08-07,75270,システムソフト,2026年9月期 第3四半期決算短信[日本基準](連結)
2026-08-07,75310,清和中央,2026年12月期 第2四半期（中間期）決算短信〔日本基準〕（連結）
2026-08-07,75310,清和中央,2026年12月期中間連結会計期間の業績予想と実績値との差異及び配当予想の修正に関するお知らせ
2026-08-07,75380,大水,2027年３月期 第１四半期決算短信〔日本基準〕（連結）
2026-08-07,75500,ゼンショーＨＤ,2027年３月期 第１四半期決算短信〔日本基準〕(連結)
2026-08-07,75500,ゼンショーＨＤ,2027年３月期 連結業績予想の修正に関するお知らせ
2026-08-07,75670,栄電子,2027年3月期第2四半期（中間期）および通期業績予想の修正に関するお知らせ
2026-08-07,75670,栄電子,2027年3月期 第1四半期 決算短信〔日本基準〕（連結）
2026-08-07,75670,栄電子,2027年3月期 第1四半期 決算補足説明資料
2026-08-07,75670,栄電子,2027年3月期 第1四半期 決算補足説明資料（データシート）
2026-08-07,76060,Ｕアローズ,2027年３月期第１四半期決算短信〔日本基準〕(連結)
2026-08-07,76060,Ｕアローズ,配当予想の修正（記念配当による増配）のお知らせ
2026-08-07,76100,テイツー,2026年7月の月次売上概況のお知らせ
2026-08-07,76130,シークス,2026年12月期第２四半期（中間期）決算短信〔日本基準〕(連結)
2026-08-07,76210,うかい,2027年３月期 第１四半期決算短信〔日本基準〕（非連結）
2026-08-07,76250,Ｇダイニング,2026年12月期第2四半期（中間期）決算説明会資料
2026-08-07,76280,オーハシテクニカ,譲渡制限付株式報酬としての自己株式の処分の払込完了に関するお知らせ
2026-08-07,76340,星医療,2027年３月期第１四半期決算短信［日本基準］(連結)
2026-08-07,76370,白銅,2027年3月期第1四半期決算短信〔日本基準〕（連結）
2026-08-07,76370,白銅,2027年3月期 第1四半期決算説明資料
2026-08-07,76370,白銅,業績予想および配当予想の修正に関するお知らせ
2026-08-07,76750,セントラルフォレスト,2026年12月期第２四半期(中間期)決算短信〔日本基準〕(連結)
2026-08-07,76810,レオクラン,2026年9月期 第３四半期決算短信〔日本基準〕(連結)
2026-08-07,76810,レオクラン,2026年9月期 第３四半期決算補足説明資料
2026-08-07,77020,ＪＭＳ,2027年3月期 第1四半期決算短信〔日本基準〕（連結）
2026-08-07,77020,ＪＭＳ,2027年3月期第1四半期連結決算の概要
2026-08-07,77090,クボテック,2027年3月期 第１四半期決算短信〔日本基準〕（連結）
2026-08-07,77090,クボテック,2027年3月期第１四半期の四半期連結財務諸表に係る期中レビュー報告書の結論の不表明に関するお知らせ
2026-08-07,77160,ナカニシ,2026年12月期 第２四半期（中間期）決算短信〔日本基準〕（連結）
2026-08-07,77160,ナカニシ,第2四半期連結業績予想と実績値との差異および通期業績予想の修正（上方修正）に関するお知らせ
2026-08-07,77160,ナカニシ,自己株式の取得枠拡大に関するお知らせ（会社法第165条第2項の規定による定款の定めに基づく自己株式の取得）
2026-08-07,77160,ナカニシ,株式分割および株式分割に伴う定款の一部変更、ならびに配当予想の修正に関するお知らせ
2026-08-07,77170,Ｖテク,2027年３月期 第１四半期決算短信〔日本基準〕（連結）
2026-08-07,77220,国際計測,2027年３月期第１四半期決算短信〔日本基準〕(連結)
2026-08-07,77270,オーバル,2027年３月期第１四半期決算短信〔日本基準〕（連結）
2026-08-07,77330,オリンパス,2027年３月期 第１四半期決算短信〔ＩＦＲＳ〕（連結）
2026-08-07,77330,オリンパス,2027年３月期 第１四半期 連結決算概況
2026-08-07,77330,オリンパス,2027年３月期 第１四半期 決算参考資料
2026-08-07,77400,タムロン,2026年12月期 第２四半期決算説明会資料
2026-08-07,77400,タムロン,2026年12月期第２四半期（中間期）決算短信〔日本基準〕(連結)
2026-08-07,77460,岡本硝子,行使価額修正条項付新株予約権の大量行使に関するお知らせ
2026-08-07,77460,岡本硝子,2027年3月期第1四半期決算短信〔日本基準〕（連結）
2026-08-07,77490,メディキット,2027年３月期 第１四半期決算短信〔日本基準〕（連結）
2026-08-07,77690,リズム,2027年３月期第１四半期決算短信〔日本基準〕(連結)
2026-08-07,77710,日本精密,令和９年３月期 第１四半期決算短信〔日本基準〕(連結)
2026-08-07,77800,メニコン,2027年３月期第１四半期決算短信〔日本基準〕(連結)
2026-08-07,77800,メニコン,2027年３月期 第１四半期決算説明資料
2026-08-07,77910,ドリームベッド,譲渡制限付株式報酬としての自己株式の処分の払込完了に関するお知らせ
2026-08-07,77910,ドリームベッド,2027年３月期第１四半期決算短信〔日本基準〕（非連結）
2026-08-07,77910,ドリームベッド,2027年3月期第1四半期決算説明資料
2026-08-07,77920,Ｇ－コラントッテ,2026年９月期 第３四半期決算短信〔日本基準〕(非連結)
2026-08-07,77920,Ｇ－コラントッテ,2026年９月期 第３四半期説明資料
2026-08-07,77920,Ｇ－コラントッテ,配当予想の修正(増配)に関するお知らせ
2026-08-07,78130,プラッツ,2026年６月期 決算短信〔日本基準〕（連結）
2026-08-07,78130,プラッツ,中期経営計画策定（ローリング）に関するお知らせ
2026-08-07,78130,プラッツ,通期個別業績の前期実績との差異に関するお知らせ
2026-08-07,78130,プラッツ,営業外収益の計上に関するお知らせ
2026-08-07,78210,前田工繊,2026年６月期 決算短信〔日本基準〕（連結）
2026-08-07,78210,前田工繊,2026年６月期 決算説明資料
2026-08-07,78210,前田工繊,個別業績の前期実績値との差異に関するお知らせ
2026-08-07,78210,前田工繊,2026年６月期 期末配当予想に関するお知らせ
2026-08-07,78210,前田工繊,取締役候補者及び監査役候補者の選任に関するお知らせ
2026-08-07,78220,永大産業,2027年３月期 第１四半期決算短信〔日本基準〕（連結）
2026-08-07,78400,フラベッドＨ,2027年３月期 第１四半期決算短信〔日本基準〕（連結）
2026-08-07,78630,平賀,2027年3月期第１四半期決算短信〔日本基準〕(非連結)
2026-08-07,78680,広済堂ＨＤ,2027年３月期第１四半期決算短信〔日本基準〕(連結)
2026-08-07,78680,広済堂ＨＤ,2027年３月期第１四半期決算説明資料
2026-08-07,78710,フクビ化学工業,自己株式の取得及び自己株式立会外買付取引（ToSTNeT-3）による自己株式の買付けに関するお知らせ
2026-08-07,78710,フクビ化学工業,2027年３月期 第１四半期決算短信〔日本基準〕(連結)
2026-08-07,78710,フクビ化学工業,2027年３月期第１四半期連結業績予想値と実績値の差異並びに第２四半期（中間期）および通期連結業績予想に関するお知らせ
2026-08-07,78740,レック,2027年３月期第１四半期決算短信〔日本基準〕(連結)
2026-08-07,78740,レック,自己株式の取得状況に関するお知らせ
2026-08-07,78770,永大化工,2027年３月期 第１四半期決算短信〔日本基準〕(連結)
2026-08-07,78870,南海プライウッド,2027年３月期第１四半期決算短信〔日本基準〕（連結）
2026-08-07,78870,南海プライウッド,個別決算における貸倒引当金繰入額及び貸倒引当金戻入額の計上に関するお知らせ
2026-08-07,78980,ウッドワン,2027年３月期 第１四半期決算短信〔日本基準〕（連結）
2026-08-07,79060,ヨネックス,台湾子会社における不正アクセスの発生に関するお知らせ
2026-08-07,79120,大日印,2027年３月期 第１四半期決算短信〔日本基準〕（連結）
2026-08-07,79120,大日印,2027年３月期 第１四半期決算補足説明資料
2026-08-07,79140,共同印,2027年３月期 第１四半期決算短信〔日本基準〕（連結）
2026-08-07,79140,共同印,2027年３月期 第１四半期 決算説明資料
2026-08-07,79140,共同印,2027年3月期第2四半期（中間期）連結業績予想の修正に関するお知らせ
2026-08-07,79160,光村印,2027年３月期第１四半期決算短信〔日本基準〕（連結）
2026-08-07,79320,ニッピ,2027年３月期第１四半期決算短信〔日本基準〕(連結)
2026-08-07,79370,ツツミ,2027年３月期第１四半期決算短信〔日本基準〕(非連結)
2026-08-07,79420,ＪＳＰ,2027年３月期 第１四半期決算短信〔日本基準〕（連結）（公認会計士等による期中レビューの完了）
2026-08-07,79440,ローランド,2026年12月期第２四半期（中間期）決算短信〔日本基準〕(連結)
2026-08-07,79520,河合楽器,2027年３月期 第１四半期決算短信〔日本基準〕（連結）
2026-08-07,79530,菊水化学工業,2027年３月期 第１四半期決算短信[日本基準]（連結）
2026-08-07,79530,菊水化学工業,2027年３月期 第２四半期累計期間及び通期連結業績予想の公表に関するお知らせ
2026-08-07,79530,菊水化学工業,投資有価証券売却益（特別利益）の計上に関するお知らせ
2026-08-07,79800,重松製作,2027年3月期 第1四半期決算短信〔日本基準〕（非連結）
2026-08-07,79870,ナカバヤシ,2027年３月期 第１四半期決算短信〔日本基準〕(連結)
2026-08-07,79900,グローブライド,2027年３月期 第１四半期決算短信〔日本基準〕（連結）
2026-08-07,79900,グローブライド,業績予想の修正に関するお知らせ
2026-08-07,79940,オカムラ,2027年３月期第１四半期決算短信〔日本基準〕(連結)
2026-08-07,79940,オカムラ,譲渡制限付株式報酬としての自己株式の処分の払込完了に関するお知らせ
2026-08-07,80060,ユアサフナ,2027年3月期 第1四半期決算短信〔日本基準〕（連結）
2026-08-07,80180,三共生興,2027年３月期 第１四半期決算短信〔日本基準〕(連結)
2026-08-07,80180,三共生興,2027年３月期 第１四半期 決算補足資料
2026-08-07,80220,ミズノ,2027年３月期第１四半期決算短信〔日本基準〕(連結)
2026-08-07,80250,ツカモト,2027年３月期第１四半期決算短信〔日本基準〕(連結)
2026-08-07,80320,紙パル商,2027年３月期 第１四半期決算短信〔日本基準〕(連結)
2026-08-07,80320,紙パル商,自己株式取得に係る事項の決定に関するお知らせ
2026-08-07,80500,セイコーＧ,2027年3月期 第1四半期決算短信[日本基準]（連結）
2026-08-07,80500,セイコーＧ,配当予想の修正（増配）に関するお知らせ
2026-08-07,80500,セイコーＧ,株式給付信託（BBT）への追加拠出に関するお知らせ
2026-08-07,80610,西華産,2027年３月期第１四半期決算短信〔日本基準〕(連結)
2026-08-07,80610,西華産,2027年３月期第１四半期決算補足説明資料
2026-08-07,80610,西華産,業績予想および配当予想の修正に関するお知らせ
2026-08-07,80740,ＹＵＡＳＡ,2027年３月期 第１四半期決算短信〔日本基準〕（連結）
2026-08-07,80780,阪和興,2027年３月期 第１四半期決算短信〔日本基準〕（連結）
2026-08-07,80780,阪和興,2026年度(2027年３月期) 第１四半期 決算説明資料
2026-08-07,80890,ナイス,2027年３月期 第１四半期決算短信〔日本基準〕（連結）
2026-08-07,80890,ナイス,2027年３月期 第１四半期 決算補足説明資料
2026-08-07,80910,ニチモウ,2027年3月期 第1四半期決算短信［日本基準］ （連結）
2026-08-07,80910,ニチモウ,2027年3月期 第1四半期決算短信補足説明資料
2026-08-07,80930,極東貿易,2027年３月期第１四半期決算短信〔日本基準〕(連結)
2026-08-07,81040,クワザワＨＤ,2027年３月期 第１四半期決算短信〔日本基準〕（連結）
2026-08-07,81180,キング,2027年３月期 第１四半期決算短信〔日本基準〕（連結）
2026-08-07,81180,キング,譲渡制限付株式報酬としての自己株式の処分の払込完了に関するお知らせ
2026-08-07,81230,川辺,2027年3月期第1四半期決算短信〔日本基準〕（連結）
2026-08-07,81230,川辺,新株予約権（税制適格ストック・オプション）の発行に関するお知らせ
2026-08-07,81290,東邦ＨＤ,連結子会社との吸収合併（簡易合併）に関するお知らせ
2026-08-07,81310,ミツウロコＧＨＤ,2027年３月期 第１四半期決算短信〔日本基準〕（連結）
2026-08-07,81350,ゼット,2027年３月期 第１四半期決算短信〔日本基準〕（連結）
2026-08-07,81390,ナガホリ,令和９年３月期 第１四半期決算短信〔日本基準〕（連結）
2026-08-07,81440,デンキョーグループ,2027年３月期 第１四半期決算短信〔日本基準〕（連結）
2026-08-07,81440,デンキョーグループ,連結子会社間の統合に向けた検討・準備開始のお知らせ
2026-08-07,81470,トミタ,2027年３月期第１四半期決算短信〔日本基準〕(連結)
2026-08-07,81530,モスフード,2027年３月期第１四半期決算短信〔日本基準〕(連結)
2026-08-07,81530,モスフード,2027年３月期第１四半期決算補足説明資料
2026-08-07,81630,ＳＲＳＨＤ,令和9年3月期 第1四半期決算短信〔日本基準〕（連結）
2026-08-07,81630,ＳＲＳＨＤ,令和9年3月期第1四半期決算説明資料
2026-08-07,81630,ＳＲＳＨＤ,株式会社京樽の株式の取得（子会社化）に関するお知らせ
2026-08-07,81630,ＳＲＳＨＤ,M&A実施に関する説明資料
2026-08-07,81650,千趣会,2026年12月期 第２四半期（中間期）決算短信〔日本基準〕（連結）
2026-08-07,81650,千趣会,株式会社千趣会（2026年度第2四半期決算説明資料）
2026-08-07,81650,千趣会,通期業績予想の修正及び役員報酬の減額に関するお知らせ
2026-08-07,81790,ロイヤルＨＤ,2026年12月期 第２四半期（中間期） 決算短信〔日本基準〕（連結）
2026-08-07,81790,ロイヤルＨＤ,2026年12月期 第２四半期（中間期）決算説明資料
2026-08-07,82070,テンアライド,2027年3月期 第1四半期決算短信〔日本基準〕（連結）
2026-08-07,82070,テンアライド,株主優待の電子化（スマートフォン等への対応）に関するお知らせ
2026-08-07,82140,ＡＯＫＩ ＨＤ,2027年３月期 第１四半期決算短信〔日本基準〕（連結）
2026-08-07,82140,ＡＯＫＩ ＨＤ,2027年３月期 第１四半期 決算補足説明資料
2026-08-07,82190,青山商,2026年7月 月次売上高前年比（速報）に関するお知らせ
2026-08-07,82260,理経,2027年３月期 第２四半期（中間期）の業績予想値の修正に関するお知らせ
2026-08-07,82260,理経,2027年３月期 第１四半期決算短信〔日本基準〕（連結）
2026-08-07,82260,理経,2027年３月期 第１四半期決算補足説明資料
2026-08-07,82540,さいか屋,自己株式の取得状況に関するお知らせ
2026-08-07,82830,ＰＡＬＴＡＣ,当社株式の上場廃止のお知らせ
2026-08-07,83040,あおぞら,（訂正）「特定子会社の異動に関するお知らせ」の一部訂正について
2026-08-07,83040,あおぞら,（訂正）「特定子会社の異動に関するお知らせ」の一部訂正について
2026-08-07,83080,りそなＨＤ,2027年3月期 第1四半期末の自己資本比率について
2026-08-07,83450,岩手銀,2027年3月期 第1四半期末の自己資本比率について
2026-08-07,83460,東邦銀,2027年３月期 第１四半期末の自己資本比率について
2026-08-07,83540,ふくおか,2027年３月期第１四半期決算短信〔日本基準〕(連結)
2026-08-07,83590,八十二長野銀行,2027年3月期 第1四半期末の自己資本比率について
2026-08-07,83610,大垣銀,2027年3月期 第1四半期決算短信〔日本基準〕（連結）
2026-08-07,83620,福井銀,2027年3月期第1四半期末の自己資本比率について
2026-08-07,83640,清水銀,2027年3月期第1四半期末の自己資本比率について
2026-08-07,83770,ほくほく,2027年3月期第1四半期末の自己資本比率について
2026-08-07,83830,鳥取銀,2027年3月期 第1四半期末自己資本比率について
2026-08-07,83870,四国銀,2027年3月期 第1四半期決算短信〔日本基準〕(連結)
2026-08-07,83920,大分銀,2027年３月期第１四半期決算短信〔日本基準〕（連結）
2026-08-07,83920,大分銀,業績予想の修正に関するお知らせ
2026-08-07,83980,筑邦銀,2027年3月期 第1四半期決算短信〔日本基準〕(連結)
2026-08-07,84100,セブン銀行,2027年３月期 第１四半期決算短信〔日本基準〕（連結）
2026-08-07,84100,セブン銀行,業績予想の修正に関するお知らせ
2026-08-07,84100,セブン銀行,2027年３月期 第１四半期決算説明資料
2026-08-07,84100,セブン銀行,2026年7月 月次データ（単体）
2026-08-07,84160,高知銀行,業績予想の修正に関するお知らせ
2026-08-07,84160,高知銀行,2027年３月期 第１四半期決算短信〔日本基準〕（連結）
2026-08-07,84180,山口ＦＧ,2027年３月期 第１四半期決算短信〔日本基準〕（連結）
2026-08-07,84180,山口ＦＧ,株式給付信託（BBT）に係る追加拠出に伴う自己株式の処分に関するお知らせ
2026-08-07,84210,Ｙ－信中金,自己優先出資の取得状況に関するお知らせ
2026-08-07,85080,Ｊトラスト,2026年12月期 第2四半期（中間期）決算短信〔IFRS〕（連結）
2026-08-07,85080,Ｊトラスト,2026年12月期 第2四半期（中間期）決算補足説明資料
2026-08-07,85080,Ｊトラスト,自己株式取得に係る事項の決定に関するお知らせ
2026-08-07,85080,Ｊトラスト,スピンオフに関する検討開始のお知らせ
2026-08-07,85240,北洋銀行,AI事業専門子会社「AI Ignition 株式会社」の設立に関するお知らせ
2026-08-07,85440,京葉銀,自己株式の取得状況及び取得終了に関するお知らせ
2026-08-07,85580,東和銀,株式報酬型ストックオプション（新株予約権）の発行内容の確定に関するお知らせ
2026-08-07,85590,豊和銀,2027年３月期第１四半期決算短信〔日本基準〕(非連結)
2026-08-07,85910,オリックス,当社連結子会社（株）ユビテックの2026年6月期通期実績と前期実績との差異に関するお知らせ
2026-08-07,85930,三菱ＨＣキャピタル,2027年3月期 第1四半期決算短信〔日本基準〕（連結）
2026-08-07,85940,中道リース,2026年12月期 第２四半期（中間期）決算短信（日本基準）（非連結）
2026-08-07,85940,中道リース,業績予想の修正に関するお知らせ
2026-08-07,86000,トモニＨＤ,令和９年３月期 第１四半期決算短信〔日本基準〕（連結）
2026-08-07,86000,トモニＨＤ,従業員持株会向け譲渡制限付株式インセンティブ制度としての自己株式の処分に関するお知らせ
2026-08-07,86160,東海東京,2027年３月期 第１四半期決算短信〔日本基準〕(連結)(公認会計士等による期中レビューの完了)
2026-08-07,86220,水戸証,2027年３月期第１四半期決算短信〔日本基準〕(非連結) (公認会計士等による期中レビューの完了)
2026-08-07,87040,トレイダーズＨＤ,譲渡制限付株式報酬としての自己株式の処分の払込完了に関するお知らせ
2026-08-07,87040,トレイダーズＨＤ,ストックオプション（新株予約権）の発行内容確定に関するお知らせ
2026-08-07,87130,フィデアＨＤ,2027年3月期 第1四半期決算短信〔日本基準〕（連結）
2026-08-07,87150,アニコム ＨＤ,2027年３月期 第１四半期決算短信〔日本基準〕(連結)
2026-08-07,87150,アニコム ＨＤ,2027年３月期 第１四半期決算補足説明資料
2026-08-07,87150,アニコム ＨＤ,2026年６月度 月次経営パラメータに関するお知らせ
2026-08-07,87390,スパークス,2026年7月度（速報値）月末運用資産残高のお知らせ
2026-08-07,87420,小林洋行,2027年３月期 第１四半期決算短信〔日本基準〕（連結）
2026-08-07,87470,豊トラスティ証券,連結総資産の増加に関するお知らせ
2026-08-07,87470,豊トラスティ証券,2027年３月期第１四半期決算短信〔日本基準〕(連結)
2026-08-07,87500,第一ライフグループ,2027年３月期 第１四半期決算短信〔日本基準〕（連結）
2026-08-07,87500,第一ライフグループ,株式会社第一ライフグループ 2027年３月期 第１四半期決算概要資料
2026-08-07,87500,第一ライフグループ,2027年３月期 第１四半期決算補足資料（株式会社第一ライフグループ分）
2026-08-07,87500,第一ライフグループ,2027年３月期 第１四半期決算補足資料（第一生命保険株式会社分）
2026-08-07,87500,第一ライフグループ,2027年３月期 第１四半期決算補足資料 （第一フロンティア生命保険株式会社分）
2026-08-07,87500,第一ライフグループ,2027年３月期 第１四半期決算補足資料 （第一ネオ生命保険株式会社分）
2026-08-07,87710,Ｅギャランティ,2027年3月期 第1四半期決算短信〔日本基準〕(連結)
2026-08-07,87710,Ｅギャランティ,2027年3月期第1四半期 決算説明資料
2026-08-07,87950,Ｔ＆ＤＨＤ,2027年３月期第１四半期決算短信〔日本基準〕（連結）
2026-08-07,87950,Ｔ＆ＤＨＤ,2027年３月期第１四半期決算のお知らせ
2026-08-07,87950,Ｔ＆ＤＨＤ,2027年３月期第１四半期決算補足資料（太陽生命保険株式会社）
2026-08-07,87950,Ｔ＆ＤＨＤ,2027年３月期第１四半期決算補足資料（大同生命保険株式会社）
2026-08-07,87950,Ｔ＆ＤＨＤ,2027年３月期第１四半期決算補足資料（Ｔ＆Ｄフィナンシャル生命保険株式会社）
2026-08-07,88010,三井不,2027年３月期 第１四半期決算短信〔日本基準〕（連結）
2026-08-07,88010,三井不,2027年３月期第１四半期決算短信 補足説明資料
2026-08-07,88010,三井不,自己株式の消却に関するお知らせ
2026-08-07,88020,三菱地所,Fact Sheet 2027/3 第1四半期
2026-08-07,88020,三菱地所,2026年度第1四半期決算ハイライト
2026-08-07,88020,三菱地所,2027年3月期 第1四半期決算短信〔日本基準〕（連結）
2026-08-07,88480,レオパレス２１,2027年3月期 第1四半期プレゼンテーション資料
2026-08-07,88480,レオパレス２１,2027年3月期 第1四半期決算短信〔日本基準〕（連結）
2026-08-07,88500,スターツ,2027年3月期 第1四半期決算短信〔日本基準〕（連結）
2026-08-07,88810,日神グループＨＤ,2027年3月期 第1四半期決算短信〔日本基準〕（連結）
2026-08-07,88910,ＡＭＧＨＤ,2027年３月期 第１四半期決算短信〔日本基準〕（連結）
2026-08-07,88910,ＡＭＧＨＤ,業績予想の修正に関するお知らせ
2026-08-07,88940,ＲＥＶＯＬＵＴＩＯＮ,販売用不動産の取得に関するお知らせ
2026-08-07,88970,ミラースＨＤ,株主優待制度の導入に関するお知らせ
2026-08-07,88970,ミラースＨＤ,2027年３月期 第１四半期決算短信〔日本基準〕（連結）
2026-08-07,88970,ミラースＨＤ,FACTBOOK 2027年３月期 第１四半期
2026-08-07,89190,カチタス,2027年３月期 第１四半期決算短信〔日本基準〕（連結）
2026-08-07,89190,カチタス,2027年3月期（第49期） 第1四半期 決算説明資料
2026-08-07,89290,青山財産,2026年12月期 第２四半期（中間期）決算短信〔日本基準〕（連結）
2026-08-07,89290,青山財産,2026年12月期第２四半期決算説明資料
2026-08-07,89290,青山財産,業績予想の修正に関するお知らせ
2026-08-07,89520,Ｒ－ジャパン,借入金の期限前弁済に関するお知らせ
2026-08-07,89630,Ｒ－ＩＮＶ,為替予約契約の締結に関するお知らせ
2026-08-07,89950,誠建設,2027年３月期 第１四半期決算短信[日本基準]（連結）
2026-08-07,89960,ハウスフリーダム,2026年12月期 第２四半期（中間期）決算短信〔日本基準〕（連結）
2026-08-07,89960,ハウスフリーダム,2026年12月期 第２四半期（中間期）決算説明資料
2026-08-07,90050,東急,2027年３月期第１四半期決算短信〔日本基準〕(連結)
2026-08-07,90050,東急,2027年3月期 第１四半期 決算概況資料
2026-08-07,90050,東急,自己株式の取得状況に関するお知らせ
2026-08-07,90070,小田急,2027年3月期 第1四半期決算短信〔日本基準〕（連結）
2026-08-07,90070,小田急,2027年3月期 第1四半期決算説明資料
2026-08-07,90070,小田急,2026年6月 月次営業概況（速報）に関するお知らせ
2026-08-07,90340,南総通運,2027年３月期第１四半期決算短信〔日本基準〕(連結)
2026-08-07,90340,南総通運,譲渡制限付株式報酬としての自己株式の処分の払込完了に関するお知らせ
2026-08-07,90450,京阪ＨＤ,2027年3月期 第1四半期決算短信〔日本基準〕（連結）
2026-08-07,90450,京阪ＨＤ,2027年3月期 第1四半期 決算補足資料
2026-08-07,90490,京福電鉄,2027年3月期 第1四半期決算短信〔日本基準〕（連結）
2026-08-07,90520,山陽電鉄,2027年３月期 第１四半期決算短信〔日本基準〕（連結）
2026-08-07,90570,遠州トラック,2027年3月期 第1四半期決算短信〔日本基準〕（連結）
2026-08-07,90630,岡県運送,2027年3月期 第1四半期決算短信〔日本基準〕（連結）
2026-08-07,90720,ニッコンＨＤ,（訂正）「2026年３月期 第２四半期決算短信〔日本基準〕(連結)」の一部訂正について
2026-08-07,90720,ニッコンＨＤ,（訂正・数値データ訂正）「2026年３月期 第３四半期決算短信〔日本基準〕(連結)」の一部訂正について
2026-08-07,90720,ニッコンＨＤ,（訂正・数値データ訂正）「2026年３月期 決算短信〔日本基準〕(連結)」の一部訂正について
2026-08-07,90720,ニッコンＨＤ,2027年３月期 第１四半期決算短信〔日本基準〕（連結）
2026-08-07,90740,日石輸,2027年３月期 第１四半期決算短信〔日本基準〕（連結）
2026-08-07,90820,大和自交,当社取締役及び従業員並びに当社子会社取締役及び従業員に対する譲渡制限付株式報酬としての自己株式の処分の払込完了及び一部失権に関するお知らせ
2026-08-07,91040,商船三井,2027年３月期 第１四半期決算短信〔日本基準〕(連結)
2026-08-07,91430,ＳＧホールディングス,2027年３月期 第１四半期決算短信〔日本基準〕(連結)
2026-08-07,91430,ＳＧホールディングス,2027年3月期 第1四半期 決算説明資料
2026-08-07,91470,ＮＸＨＤ,2026年12月期第2四半期(中間期)決算短信〔IFRS〕(連結)
2026-08-07,91470,ＮＸＨＤ,業績予想の修正に関するお知らせ（IFRS）
2026-08-07,91470,ＮＸＨＤ,配当金額算定基準の変更に関するお知らせ
2026-08-07,91650,Ｇ－クオルテック,事業計画及び成長可能性に関する事項
2026-08-07,91650,Ｇ－クオルテック,2026年6月期 決算短信〔日本基準〕（非連結）
2026-08-07,91650,Ｇ－クオルテック,2026年6月期 決算説明資料
2026-08-07,91710,栗林船,令和９年３月期第１四半期決算短信〔日本基準〕(連結)
2026-08-07,91710,栗林船,令和９年３月期第１四半期決算補足資料
2026-08-07,92040,Ｇ－スカイマーク,2027年３月期 第１四半期決算短信〔日本基準〕（非連結）
2026-08-07,92330,アジア航測,2026年９月期 第３四半期決算短信〔日本基準〕（連結）
2026-08-07,92450,Ｇ－リベロ,2026年12月期第２四半期（中間期）決算短信〔日本基準〕（連結）
2026-08-07,92450,Ｇ－リベロ,2026年12月期第２四半期決算説明資料
2026-08-07,92450,Ｇ－リベロ,2026年12月期第２四半期決算説明資料 スマホ向けサマリ版
2026-08-07,92450,Ｇ－リベロ,2026年７月度 月次売上高（速報）および主要KPIに関するお知らせ
2026-08-07,92490,日本エコシステム,2026年９月期第３四半期決算短信〔日本基準〕(連結)
2026-08-07,92490,日本エコシステム,2026年９月期第３四半期 決算説明資料
2026-08-07,92560,Ｇ－サクシード,2027年３月期第１四半期決算短信〔日本基準〕(連結)
2026-08-07,92560,Ｇ－サクシード,2027年３月期第１四半期決算説明補助資料
2026-08-07,92680,オプティマス,2027年3月期 第1四半期決算短信〔IFRS〕（連結）
2026-08-07,92680,オプティマス,2027年3月期 第1四半期 決算説明資料
2026-08-07,92680,オプティマス,2027年3月期 第1四半期 決算ハイライト
2026-08-07,92720,Ｇ－ブティックス,自己株式立会外買付取引（ToSTNeT-3）による自己株式の取得結果に関するお知らせ
2026-08-07,92730,コーア商事ＨＤ,2026年６月期 決算短信〔日本基準〕（連結）
2026-08-07,92730,コーア商事ＨＤ,2026年６月期決算説明会資料
2026-08-07,92740,ＫＰＰグループＨＤ,2027年３月期第１四半期決算短信〔日本基準〕(連結)
2026-08-07,92850,Ｉ－東京インフラＦ,保有資産に係る月次発電量実績及び出力制御の実施状況に関するお知らせ（2026年7月）
2026-08-07,93030,住友倉,2027年3月期 第1四半期決算短信〔日本基準〕（連結）
2026-08-07,93040,渋沢倉,2027年３月期 第１四半期決算短信〔日本基準〕（連結）
2026-08-07,93040,渋沢倉,自己株式取得に係る事項の決定および自己株式の消却に関するお知らせ
2026-08-07,93050,ヤマタネ,2027年３月期第１四半期決算短信〔日本基準〕(連結)
2026-08-07,93080,乾汽船,2027年３月期 第１四半期決算短信〔日本基準〕（連結）
2026-08-07,93080,乾汽船,2027年3月期連結業績予想及び配当予想の修正に関するお知らせ
2026-08-07,93100,トランスシティ,2027年3月期 第1四半期決算短信〔日本基準〕（連結）
2026-08-07,93120,ケイヒン,2027年３月期 第１四半期決算短信〔日本基準〕（連結）
2026-08-07,93190,中央倉庫,2027年３月期 第１四半期決算短信〔日本基準〕（連結）
2026-08-07,93300,Ｇ－揚羽,2026年９月期 第３四半期決算短信〔日本基準〕（非連結）
2026-08-07,93300,Ｇ－揚羽,2026年9月期 第3四半期決算説明資料
2026-08-07,93300,Ｇ－揚羽,通期業績予想の修正に関するお知らせ
2026-08-07,93390,コーチ・エィ,2026年12月期 第2四半期(中間期)決算短信〔日本基準〕(連結)
2026-08-07,93390,コーチ・エィ,2026年12月期上期 決算説明資料
2026-08-07,93400,アソインター,2026年6月期決算短信〔日本基準〕（連結）
2026-08-07,93400,アソインター,投資有価証券評価損の計上（特別損失）に関するお知らせ
2026-08-07,93400,アソインター,2026年6月期決算説明資料
2026-08-07,93400,アソインター,資本コストや株価を意識した経営の実現に向けた対応について（アップデート）
2026-08-07,93420,Ｇ－スマサポ,2026年９月期 第３四半期決算短信〔日本基準〕（非連結）
2026-08-07,93420,Ｇ－スマサポ,2026年９月期第３四半期決算説明資料
2026-08-07,93420,Ｇ－スマサポ,株式取得（子会社化）および特定子会社の異動に関するお知らせ
2026-08-07,93480,Ｇ－ｉｓｐａｃｅ,営業外収益（為替差益）の計上に関するお知らせ
2026-08-07,93480,Ｇ－ｉｓｐａｃｅ,2027年3月期Q1 決算説明資料
2026-08-07,93480,Ｇ－ｉｓｐａｃｅ,（開示事項の経過）宇宙戦略基金第二期（月極域における高精度着陸技術）補助金交付決定のお知らせ
2026-08-07,93480,Ｇ－ｉｓｐａｃｅ,2027年３月期 第１四半期決算短信〔日本基準〕（連結）
2026-08-07,93570,名港海,2027年３月期 第１四半期決算短信〔日本基準〕(連結)
2026-08-07,93570,名港海,組織改編および人事異動に関するお知らせ
2026-08-07,93590,伊勢湾海,2027年３月期 第１四半期決算短信〔日本基準〕（連結）
2026-08-07,93600,鈴与シンワ,投資有価証券売却益（特別利益）の計上に関するお知らせ
2026-08-07,93600,鈴与シンワ,2027年３月期 第１四半期決算短信〔日本基準〕(連結)
2026-08-07,93660,サンリツ,2027年3月期 第1四半期決算短信[日本基準](連結)
2026-08-07,93810,エーアイテイー,非上場の親会社等（その他の関係会社）の決算情報に関するお知らせ
2026-08-07,94090,テレビ朝日ＨＤ,2027年3月期第1四半期 決算補足資料
2026-08-07,94090,テレビ朝日ＨＤ,2027年3月期 第1四半期決算短信〔日本基準〕(連結)
2026-08-07,94210,エヌジェイＨＤ,業績予想と実績の差異、貸倒引当金戻入額、営業外収益及び特別損失の計上、並びに剰余金の配当（無配）に関するお知らせ
2026-08-07,94210,エヌジェイＨＤ,2026年6月期 決算短信〔日本基準〕（連結）
2026-08-07,94230,フォーバルＲＳ,2027年度３月期第１四半期決算短信〔日本基準〕（連結）
2026-08-07,94330,ＫＤＤＩ,業績連動型株式報酬制度の継続に伴う自己株式処分に関するお知らせ
2026-08-07,94330,ＫＤＤＩ,自己株式の取得状況に関するお知らせ
2026-08-07,94330,ＫＤＤＩ,2027年3月期 第1四半期決算短信〔IFRS〕（連結）
2026-08-07,94330,ＫＤＤＩ,2027年3月期 第1四半期決算説明会資料
2026-08-07,94330,ＫＤＤＩ,2027年3月期 第1四半期決算詳細資料（データブック）
2026-08-07,94380,エムティーアイ,2026年9月期 3Q決算説明会資料
2026-08-07,94440,トーシンＨＤ,支配株主等に関する事項について
2026-08-07,94460,サカイＨＤ,2026年9月期 第3四半期決算短信〔日本基準〕（連結）
2026-08-07,94460,サカイＨＤ,特別損失の計上に関するお知らせ
2026-08-07,94700,学研ＨＤ,2026年９月期 第３四半期決算短信〔日本基準〕(連結)
2026-08-07,94750,昭文社ＨＤ,2027年3月期第1四半期決算短信〔日本基準〕（連結）
2026-08-07,95020,中部電力,2027年3月期 第1四半期決算短信〔日本基準〕(連結)(開示事項の追加及び監査法人による期中レビューの完了)
2026-08-07,95070,四国電力,2027年３月期 第１四半期決算短信〔日本基準〕（連結）（監査法人による期中レビューの完了）
2026-08-07,95090,北海電力,2027年３月期 第１四半期決算短信〔日本基準〕(連結)(公認会計士等による期中レビューの完了)
2026-08-07,95350,広島ガス,2027年3月期第1四半期決算短信〔日本基準〕（連結）
2026-08-07,95610,Ｇ－グラッドキューブ,連結業績予想の修正に関するお知らせ
2026-08-07,95620,Ｇ－ビジネスコーチ,2026年９月期第３四半期決算短信〔日本基準〕(連結)
2026-08-07,95620,Ｇ－ビジネスコーチ,2026年９月期第３四半期決算説明資料
2026-08-07,96120,ラックランド,2026年12月期第２四半期（中間期）の連結業績予想の修正に関するお知らせ
2026-08-07,96160,共立メンテ,2027年3月期第1四半期決算短信〔日本基準〕（連結）
2026-08-07,96160,共立メンテ,2027年3月期第1四半期 決算説明資料
2026-08-07,96290,ピーシーエー,2027年3月期第1四半期決算短信〔日本基準〕(連結)(公認会計士等による期中レビューの完了)
2026-08-07,96350,武蔵野興,2027年３月期第１四半期決算短信〔日本基準〕（連結）
2026-08-07,96430,中日興,令和９年３月期 第１四半期決算短信〔日本基準〕(非連結）
2026-08-07,96640,御園座,令和９年３月期 第１四半期決算短信〔日本基準〕(非連結)
2026-08-07,96720,都競馬,2026年12月期 第２四半期（中間期）決算短信〔日本基準〕(連結)
2026-08-07,96850,ＫＹＣＯＭ,2027年３月期 第１四半期決算短信〔日本基準〕（連結）
2026-08-07,97020,アイエスビー,2026年12月期第2四半期決算説明資料
2026-08-07,97020,アイエスビー,2026年12月期 第2四半期（中間期）決算短信〔日本基準〕（連結）
2026-08-07,97060,日空ビル,2027年３月期 第１四半期 決算短信〔日本基準〕（連結）
2026-08-07,97230,京都ホテル,2027年度３月期 第１四半期決算短信〔日本基準〕（非連結）
2026-08-07,97290,トーカイ,2027年３月期第１四半期決算短信〔日本基準〕(連結)
2026-08-07,97290,トーカイ,2027年３月期第１四半期決算補足資料
2026-08-07,97350,セコム,2027年３月期 第1四半期決算短信〔日本基準〕（連結）
2026-08-07,97460,ＴＫＣ,令和８年９月期 第３四半期決算短信〔日本基準〕（連結）
2026-08-07,97460,ＴＫＣ,令和８年９月期 第３四半期決算説明資料
2026-08-07,97460,ＴＫＣ,令和８年９月期 配当予想の修正（増配）に関するお知らせ
2026-08-07,97530,ＩＸナレッジ,2027年3月期 第1四半期決算短信〔日本基準〕（連結）
2026-08-07,97530,ＩＸナレッジ,2027年3月期 第1四半期決算短信補足説明資料
2026-08-07,97530,ＩＸナレッジ,取締役に対する譲渡制限付株式報酬としての自己株式処分の割当完了に関するお知らせ
2026-08-07,97570,船井総研ＨＤ,2026年12月期 第２四半期（中間期）決算短信〔日本基準〕(連結)
2026-08-07,97570,船井総研ＨＤ,2026年12月期 第２四半期決算概要書
2026-08-07,97900,福井コンピ,2027年３月期 第１四半期決算短信〔日本基準〕（連結）
2026-08-07,97990,旭情報,2027年3月期 第１四半期決算短信〔日本基準〕（非連結）
2026-08-07,97990,旭情報,株式会社スィンクの株式取得（子会社化）に関するお知らせ
2026-08-07,98200,ＭＴジェネック,2027年３月期第１四半期決算短信〔日本基準〕（連結）
2026-08-07,98230,マミーマートＨＤ,2026年９月期 第３四半期決算短信〔日本基準〕（連結）
2026-08-07,98230,マミーマートＨＤ,2026年7月 月次業績開示のお知らせ
2026-08-07,98270,リリカラ,2026年12月期 第２四半期（中間期）決算短信〔日本基準〕(非連結)
2026-08-07,98270,リリカラ,2026年12月期第２四半期(中間期)業績予想と実績値との差異に関するお知らせ
2026-08-07,98270,リリカラ,2026年12月期第２四半期決算説明資料
2026-08-07,98300,トラスコ中山,2026年12月期 第２四半期（中間期）決算短信〔日本基準〕(連結)
2026-08-07,98300,トラスコ中山,剰余金の配当、業績予想の修正に関するお知らせ
2026-08-07,98320,オートバックス,2027年3月期 7月度 月次売上概況（速報）についてのお知らせ
2026-08-07,98430,ニトリＨＤ,2027年３月期第１四半期決算短信（IFRS）（連結）
2026-08-07,98570,英和,2027年３月期 第１四半期 決算短信〔日本基準〕（連結）
2026-08-07,98570,英和,2027年３月期 第１四半期 決算補足資料
2026-08-07,98670,ソレキア,2027年3月期 第1四半期決算短信［日本基準］（連結）
2026-08-07,98690,加藤産業,2026年９月期 第３四半期決算短信〔日本基準〕（連結）
2026-08-07,98850,シャルレ,2027年3月期 第1四半期決算短信［日本基準]（連結)
2026-08-07,98880,ＵＥＸ,令和９年３月期第１四半期決算短信〔日本基準〕(連結)
2026-08-07,98880,ＵＥＸ,業績予想の修正に関するお知らせ
2026-08-07,98950,コンセック,2027年３月期第１四半期決算短信〔日本基準〕（連結）
2026-08-07,98960,ＪＫＨＤ,2027年3月期 第1四半期決算短信〔日本基準〕（連結）
2026-08-07,99040,ベリテ,2027年３月期 第１四半期決算短信〔日本基準〕（非連結）
2026-08-07,99060,藤井産業,2027年３月期 第１四半期決算短信〔日本基準〕(連結)
2026-08-07,99080,日本電計,第５回ストック・オプション（新株予約権）の発行に関するお知らせ
2026-08-07,99080,日本電計,2027年３月期 第１四半期決算短信［日本基準］（連結）
2026-08-07,99560,バローＨＤ,第三者割当増資における発行株式数の確定に関するお知らせ
2026-08-07,99560,バローＨＤ,2027年３月期 第１四半期決算短信〔日本基準〕（連結）
2026-08-07,99560,バローＨＤ,2027年3月期 7月度月次営業情報に関するお知らせ
2026-08-07,99600,東テク,2027年３月期 第１四半期決算短信［日本基準］(連結)
2026-08-07,99600,東テク,東テクグループ 2027年3月期 第1四半期 決算補足資料
2026-08-07,99730,ＫＯＺＯＨＤ,2026年12月期 ７月度月次前年比データ（速報値）についてのお知らせ
2026-08-07,99860,蔵王産業,取締役に対する譲渡制限付株式としての自己株式処分の払込完了に関するお知らせ
2026-08-07,99870,スズケン,2027年３月期第１四半期決算短信〔日本基準〕(連結)
2026-08-10,13264,Ｅ－ワールド,SPDRゴールド・シェアに関する日々の開示事項
2026-08-10,13290,ｉＳ２２５,ＥＴＦの収益分配のお知らせ
2026-08-10,13294,Ｅ－ブラックロック,上場ETF（管理会社：ブラックロック・ジャパン）に関する日々の開示事項
2026-08-10,13430,ＮＦＪ－ＲＥＩＴ,ETFの収益分配のお知らせ
2026-08-10,13494,Ｅ－ＳＳＧＡ－ＳＩＮ,アジア国債・公債ＥＴＦ（正式名称：ＡＢＦ汎アジア債券インデックス・ファンド）に関する日々の開示事項
2026-08-10,13640,ｉＳＪＰＸ日経４００,ＥＴＦの収益分配のお知らせ
2026-08-10,13750,ユキグニファクトリー,譲渡制限付株式報酬としての自己株式の処分の払込完了に関するお知らせ
2026-08-10,14140,ショーボンド,2026年６月期 決算短信〔日本基準〕（連結）
2026-08-10,14140,ショーボンド,剰余金の配当（増配）に関するお知らせ
2026-08-10,14140,ショーボンド,自己株式取得に係る事項の決定に関するお知らせ
2026-08-10,14190,タマホーム,2026年７月度 受注速報
2026-08-10,14190,タマホーム,シンジケートローン契約締結に関するお知らせ
2026-08-10,141A0,Ｇ－トライアル,2026年7月度 月次売上高速報(小売)
2026-08-10,14470,Ｇ－ＳＡＡＦＨＤ,(訂正)買収への対応方針に基づく共同協調行為の追加認定並びに新株予約権の無償割当て及び臨時株主総会における意思確認に関するお知らせの一部訂正について
2026-08-10,14490,ＦＵＪＩジャパン,2026年12月期 第2四半期（中間期）決算短信〔日本基準〕（非連結）
2026-08-10,14490,ＦＵＪＩジャパン,2026年12月期第２四半期（中間期）の業績予想と実績値との差異に関するお知らせ
2026-08-10,14750,ｉＳＴＯＰＩＸ,ＥＴＦの収益分配のお知らせ
2026-08-10,14760,ｉＳＪリート,ＥＴＦの収益分配のお知らせ
2026-08-10,14770,ｉＳＭＳＣＩ最小分散,ＥＴＦの収益分配のお知らせ
2026-08-10,14780,ｉＳＭＳＣＩ高配当,ＥＴＦの収益分配のお知らせ
2026-08-10,14830,ｉＳ設備人材,ＥＴＦの収益分配のお知らせ
2026-08-10,15450,ナスダックヘッジ無,ETFの収益分配のお知らせ
2026-08-10,15460,ダウヘッジ無,ETFの収益分配のお知らせ
2026-08-10,15574,Ｅ－ＳＳＧＡＴＣ,State Street SPDR S&P500 ETFに関する日々の開示事項
2026-08-10,15590,ＮＦタイ株,ETFの収益分配のお知らせ
2026-08-10,15600,ＮＦマレーシア株,ETFの収益分配のお知らせ
2026-08-10,16510,ｉＦ高配当４０,iFreeETFの収益分配のお知らせ
2026-08-10,16550,ｉＳＳＰ５００米国株,ＥＴＦの収益分配のお知らせ
2026-08-10,16570,ｉＳＭＳＣＩ先進国株,ＥＴＦの収益分配のお知らせ
2026-08-10,16580,ｉＳＭＳＣＩ新興国株,ＥＴＦの収益分配のお知らせ
2026-08-10,16590,ｉＳ米国リート,ＥＴＦの収益分配のお知らせ
2026-08-10,16714,Ｅ－シンプレクス,上場ＥＴＦ(管理会社：シンプレクス・アセット・マネジメント)に関する日々の開示事項
2026-08-10,16724,Ｅ－ＷｉｓｄｏｍＴｒ,上場ETF（管理会社：WisdomTree、外国投資法人：MSL）に関する日々の開示事項
2026-08-10,16724,Ｅ－ＷｉｓｄｏｍＴｒ,上場ETF（管理会社：WisdomTree、外国投資法人：CSL）に関する日々の開示事項
2026-08-10,16770,上場外債,ＥＴＦの収益分配のお知らせ
2026-08-10,16780,ＮＦインド株,ETFの収益分配のお知らせ
2026-08-10,17640,工藤建設,2026年６月期 決算短信〔日本基準〕（連結）
2026-08-10,17640,工藤建設,剰余金の配当に関するお知らせ
2026-08-10,17640,工藤建設,業績予想値と決算値との差異に関するお知らせ
2026-08-10,181A0,ＭＸ米債１－３ヘ無,ＭＡＸＩＳ ＥＴＦの収益分配のお知らせ
2026-08-10,182A0,ＭＸ米債２０超ヘ無,ＭＡＸＩＳ ＥＴＦの収益分配のお知らせ
2026-08-10,183A0,ＭＸ米債２０超ヘ有,ＭＡＸＩＳ ＥＴＦの収益分配のお知らせ
2026-08-10,18670,植木組,2027年3月期 第1四半期決算短信〔日本基準〕（連結）
2026-08-10,18670,植木組,譲渡制限付株式報酬としての自己株式の処分の払込完了に関するお知らせ
2026-08-10,19090,日本ドライケミカル,2027年3月期 第1四半期決算短信〔日本基準〕(連結)
2026-08-10,19600,サンテック,2027年３月期 第１四半期決算短信〔日本基準〕（連結）
2026-08-10,20130,ｉＳ米国高配当株,ＥＴＦの収益分配のお知らせ
2026-08-10,20140,ｉＳ米国連続増配株,ＥＴＦの収益分配のお知らせ
2026-08-10,20180,ＧＸＵＳリート２０,2026年6月期（2025年12月25日～2026年6月24日）決算短信
2026-08-10,201A0,ｉＳＮＩＦＴＹ５０,ＥＴＦの収益分配のお知らせ
2026-08-10,20704,Ｎ－三菱ＵＦＪ証ＨＤ,上場ETN（発行者：三菱UFJ証券ホールディングス株式会社）に関する日々の開示事項
2026-08-10,208A0,構造計画ＨＤ,2026年６月期 決算短信〔日本基準〕（連結）
2026-08-10,208A0,構造計画ＨＤ,剰余金の配当（期末配当及び特別配当）の決定に関するお知らせ
2026-08-10,208A0,構造計画ＨＤ,自己株式取得に係る事項の決定に関するお知らせ
2026-08-10,208A0,構造計画ＨＤ,定款一部変更に関するお知らせ
2026-08-10,20930,上場Ｔｒ米債０２ラダ,ＥＴＦの収益分配のお知らせ
2026-08-10,21080,甜菜糖,特別利益（投資有価証券売却益）の計上及び業績予想の修正に関するお知らせ
2026-08-10,21080,甜菜糖,2027年３月期 第１四半期決算短信〔日本基準〕(連結)
2026-08-10,21080,甜菜糖,取締役に対する株式報酬としての自己株式の処分の払込完了に関するお知らせ
2026-08-10,21560,セーラー広告,2027年３月期第１四半期決算短信〔日本基準〕(連結)
2026-08-10,21560,セーラー広告,法人税等調整額（益）の計上に関するお知らせ
2026-08-10,21640,地域新聞社,（開示事項の経過）株主による新株予約権無償割当て差止めの仮処分の申立て却下の決定内容に関するお知らせ
2026-08-10,21700,ＬＩＮＫ＆Ｍ,2026年12月期 第２四半期（中間期）決算短信〔ＩＦＲＳ〕（連結）
2026-08-10,21700,ＬＩＮＫ＆Ｍ,当社とSELF株式会社との簡易株式交換に関する基本合意書締結に関するお知らせ
2026-08-10,21700,ＬＩＮＫ＆Ｍ,株主優待制度の拡充に関するお知らせ
2026-08-10,21700,ＬＩＮＫ＆Ｍ,2026年12月期第2四半期決算説明資料
2026-08-10,22070,ｍｅｉｔｏ,2027年３月期 第１四半期決算短信[日本基準](連結)
2026-08-10,22070,ｍｅｉｔｏ,通期連結業績予想の修正に関するお知らせ
2026-08-10,22210,岩塚製菓,2027年３月期 第１四半期決算短信〔日本基準〕（連結）
2026-08-10,22240,コモ,2027年3月期 第1四半期決算短信〔日本基準〕（非連結）
2026-08-10,22500,ｉＳＭＳＣＩ日株気候,ＥＴＦの収益分配のお知らせ
2026-08-10,22640,森永乳,譲渡制限付株式報酬としての自己株式の処分の払込完了に関するお知らせ
2026-08-10,22930,滝沢ハム,2027年３月期 第１四半期決算短信〔日本基準〕（連結）
2026-08-10,23110,エプコ,自己株式立会外買付取引（ToSTNeT-３）による自己株式の取得結果及び自己株式の取得終了に関するお知らせ
2026-08-10,23300,フォーサイド,役員報酬の減額に関するお知らせ
2026-08-10,23510,ＡＳＪ,完全子会社間の吸収合併に関するお知らせ
2026-08-10,23880,Ｇ－ウェッジＨＤ,（経過事項の報告）Jトラスト株式会社の子会社による当社持分法適用関連会社に対する損害賠償請求の判決について
2026-08-10,24180,ツカダグローバルＨＤ,2026年12月期 第２四半期（中間期）決算短信［日本基準］（連結）
2026-08-10,24280,ウェルネット,2026年６月期 決算短信〔日本基準〕（非連結）
2026-08-10,24280,ウェルネット,剰余金の配当に関するお知らせ
2026-08-10,24280,ウェルネット,役員体制に関するお知らせ
2026-08-10,24280,ウェルネット,2026年6月期通期決算説明資料
2026-08-10,24540,オールアバウト,2027年３月期 第１四半期決算短信〔日本基準〕（連結）
2026-08-10,24610,ファンコミ,第２四半期（中間期）業績予想と実績値の差異及び通期業績予想の修正に関するお知らせ
2026-08-10,24610,ファンコミ,中期経営計画の取り下げに関するお知らせ
2026-08-10,24610,ファンコミ,2026年12月期第2四半期（中間期）決算短信［日本基準］（連結）
2026-08-10,246A0,Ｇ－アスア,2026年６月期 決算短信〔日本基準〕(非連結)
2026-08-10,246A0,Ｇ－アスア,2026年６月期決算説明資料
2026-08-10,246A0,Ｇ－アスア,剰余金の配当および次期の株主優待還元額決定に関するお知らせ
2026-08-10,246A0,Ｇ－アスア,譲渡制限付株式報酬制度の導入に関するお知らせ
2026-08-10,24810,タウンニュース,剰余金の配当に関するお知らせ
2026-08-10,24810,タウンニュース,2026年6月期 決算短信〔日本基準〕（非連結）
2026-08-10,24810,タウンニュース,取締役、監査役及び補欠監査役の候補者選任に関するお知らせ
2026-08-10,24880,ＪＴＰ,2027年３月期 第１四半期決算短信〔日本基準〕（非連結）
2026-08-10,24880,ＪＴＰ,2027年３月期 第１四半期 決算説明資料
2026-08-10,250A0,シマダヤ,2027年３月期第１四半期決算短信〔日本基準〕(連結)
2026-08-10,250A0,シマダヤ,2027年３月期 第１四半期決算説明資料
2026-08-10,25170,ＭＸＳＪリートコア,ＭＡＸＩＳ ＥＴＦの収益分配のお知らせ
2026-08-10,25220,ｉＳロボット,ＥＴＦの収益分配のお知らせ
2026-08-10,254A0,ＡＩフュージョンＣＧ,フランチャイズビジネスインキュベーション株式会社に係る株式取得関連紛争の和解成立及び完全子会社化に関するお知らせ
2026-08-10,25520,上場ＪリートＭ,ＥＴＦの収益分配のお知らせ
2026-08-10,25630,ｉＳＳＰ５百米株ヘジ,ＥＴＦの収益分配のお知らせ
2026-08-10,25650,ＧＸロジＪリート,2026年6月期（2025年12月25日～2026年6月24日）決算短信
2026-08-10,25880,プレミアムウォーター,自己株式の取得状況に関するお知らせ
2026-08-10,26130,Ｊオイル,2027年３月期 第１四半期決算概況
2026-08-10,26130,Ｊオイル,2027年３月期 第１四半期決算補足資料
2026-08-10,26380,ＧＸロボ＆ＡＩ日株,2026年6月期（2025年12月25日～2026年6月24日）決算短信
2026-08-10,26390,ＧＸバイオ＆メド日株,2026年6月期（2025年12月25日～2026年6月24日）決算短信
2026-08-10,26400,ＧＸゲームアニメ日株,2026年6月期（2025年12月25日～2026年6月24日）決算短信
2026-08-10,26410,ＧＸＧリーダーズ日株,2026年6月期（2025年12月25日～2026年6月24日）決算短信
2026-08-10,26740,ハードオフ,2027年３月期 7月度店舗売上高および出店状況についてのお知らせ
2026-08-10,268A0,リガク,主要株主の異動に関するお知らせ
2026-08-10,26980,キャンドゥ,2026年7月度 月次売上高前年比速報
2026-08-10,27050,大戸屋ＨＤ,2027年３月期第１四半期決算短信〔日本基準〕(連結)
2026-08-10,27360,フェスタリアＨＤ,【フェスタリアHD】国内事業月次売上速報（7月速報）
2026-08-10,27520,フジオフードＧ本社,2026年12月期第２四半期（中間期）業績予想と実績値との差異に関するお知らせ
2026-08-10,27520,フジオフードＧ本社,2026年12月期 第２四半期（中間期）決算短信〔日本基準〕（連結）
2026-08-10,27880,アップル,2026年12月期第２四半期（中間期）決算短信〔日本基準〕（連結）
2026-08-10,27900,ナフコ,2027年３月期第１四半期 決算説明会資料
2026-08-10,28150,アリアケ,訂正「2027年3月期 第１四半期 決算説明会資料」の一部訂正について
2026-08-10,28180,ピエトロ,2027年3月期 第1四半期決算短信[日本基準]（連結）
2026-08-10,28360,ＧＸフィンテック日株,2026年6月期（2025年12月25日～2026年6月24日）決算短信
2026-08-10,28370,ＧＸ中小リーダー日株,2026年6月期（2025年12月25日～2026年6月24日）決算短信
2026-08-10,28380,ＭＸ米債７－１０ヘ無,ＭＡＸＩＳ ＥＴＦの収益分配のお知らせ
2026-08-10,28390,ＭＸ米債７－１０ヘ有,ＭＡＸＩＳ ＥＴＦの収益分配のお知らせ
2026-08-10,283A0,ＧＸＵＳテック配貴族,ETFの収益分配のお知らせ
2026-08-10,28430,上場豪債ヘッジあり,ＥＴＦの収益分配のお知らせ
2026-08-10,28440,上場豪債ヘッジなし,ＥＴＦの収益分配のお知らせ
2026-08-10,28450,ナスダックヘッジ有,ETFの収益分配のお知らせ
2026-08-10,28460,ダウヘッジ有,ETFの収益分配のお知らせ
2026-08-10,28510,ｉＳＭＳＣＩＪＳＲＩ,ＥＴＦの収益分配のお知らせ
2026-08-10,28520,ｉＳグリーンＪリート,ＥＴＦの収益分配のお知らせ
2026-08-10,28550,ＧＸグリＪリート,2026年6月期（2025年12月25日～2026年6月24日）決算短信
2026-08-10,285A0,キオクシアＨＤ,自己株式の取得状況及び取得終了に関するお知らせ
2026-08-10,285A0,キオクシアＨＤ,主要株主である筆頭株主の異動に関するお知らせ
2026-08-10,28610,上場フランス国債Ｈ無,ＥＴＦの収益分配のお知らせ
2026-08-10,28620,上場フランス国債Ｈ有,ＥＴＦの収益分配のお知らせ
2026-08-10,28650,ＧＸＮＤＸカバコ,ETFの収益分配のお知らせ
2026-08-10,28660,ＧＸ優先証券,ETFの収益分配のお知らせ
2026-08-10,28680,ＧＸＳＰＸカバコ,ETFの収益分配のお知らせ
2026-08-10,28770,日東ベスト,2027年3月期 第1四半期決算短信〔日本基準〕（連結）
2026-08-10,28770,日東ベスト,業績予想の修正に関するお知らせ
2026-08-10,28940,石井食,2027年３月期 第１四半期決算短信〔日本基準〕（連結）
2026-08-10,28940,石井食,2027年３月期 第１四半期決算説明資料
2026-08-10,29010,ウェルディッシュ,（開示の経過）株主による臨時株主総会招集請求の取り下げに関するお知らせ
2026-08-10,29010,ウェルディッシュ,独立調査委員会の最終調査報告書の公表に関するお知らせ
2026-08-10,29110,旭松食品,自己株式立会外買付取引（ＴｏＳＴＮｅＴ－３）による自己株式の取得結果及び取得終了に関するお知らせ
2026-08-10,29170,大森屋,2026年９月期 第３四半期決算短信〔日本基準〕(連結)
2026-08-10,29260,篠崎屋,福岡証券取引所本則市場への重複上場承認に関するお知らせ
2026-08-10,29340,Ｇ－Ｊフロンティア,株式会社アプリックスの連結子会社であるスマートモバイルコミュニケーションズ株式会社との業務提携契約の締結に関するお知らせ
2026-08-10,29760,Ａ－Ｎグランデ,2027年3月期 第1四半期決算短信 [日本基準]（連結）
2026-08-10,29840,ヤマイチ,2027年3月期 第1四半期決算短信〔日本基準〕（連結）
2026-08-10,29850,Ｐ－ファーストステジ,2027年３月期 第１四半期決算短信〔日本基準〕(連結)
2026-08-10,29860,Ｇ－ＬＡＨＤ,2026年度「ＪＰＸ日経中小型株指数」構成銘柄選定に関するお知らせ
2026-08-10,29860,Ｇ－ＬＡＨＤ,2026年12月期 第２四半期（中間期）決算短信〔日本基準〕（連結）
2026-08-10,29860,Ｇ－ＬＡＨＤ,2026年12月期 第２四半期（中間期）決算説明資料
2026-08-10,29860,Ｇ－ＬＡＨＤ,剰余金の配当（中間配当）に関するお知らせ
2026-08-10,30110,バナーズ,2027年３月期 第１四半期決算短信〔日本基準〕（連結）
2026-08-10,30320,ゴルフ・ドゥ,2026年7月度 ゴルフドゥ！店舗売上高前年対比に関するお知らせ
2026-08-10,30470,Ｑ－トラックワン,2026年12月期第２四半期（中間期）決算短信〔日本基準〕（連結）
2026-08-10,30470,Ｑ－トラックワン,2026年12月期通期連結業績予想の修正に関するお知らせ
2026-08-10,30540,ハイパー,2026年12月期 第２四半期（中間期）決算短信〔日本基準〕（連結）
2026-08-10,30640,ＭＲＯ,2026年12月期７月度月次業績に関するお知らせ
2026-08-10,30820,きちりＨＤ,通期業績予想値と実績値との差異に関するお知らせ
2026-08-10,30820,きちりＨＤ,2026年6月期決算短信〔日本基準〕（連結）
2026-08-10,30880,マツキヨココカラ,2027年３月期 第１四半期決算短信〔日本基準〕(連結)
2026-08-10,30930,トレファク,2026年７月 月次売上概況（単体）
2026-08-10,30970,物語コーポ,2026年６月期 決算短信〔日本基準〕（連結）
2026-08-10,30970,物語コーポ,2026年６月期 通期決算補足資料
2026-08-10,30970,物語コーポ,剰余金の配当（増配）に関するお知らせ
2026-08-10,31310,シンデンハイテク,通期連結業績予想及び配当予想の修正に関するお知らせ
2026-08-10,31310,シンデンハイテク,2027年３月期 第１四半期決算短信〔日本基準〕（連結）
2026-08-10,31310,シンデンハイテク,2027年３月期第１四半期 決算説明資料
2026-08-10,313A0,ｉＳＳＰ５００Ｔ２０,ＥＴＦの収益分配のお知らせ
2026-08-10,31430,オーウイル,2027年３月期 第１四半期決算短信〔日本基準〕（連結）
2026-08-10,314A0,ｉＳゴールド,ＥＴＦの収益分配のお知らせ
2026-08-10,31730,Ｃｏｍｉｎｉｘ,主要株主及び主要株主である筆頭株主の異動に関するお知らせ
2026-08-10,31730,Ｃｏｍｉｎｉｘ,2027年３月期 第２四半期(中間期)及び通期連結業績予想の修正、 並びに中間及び期末配当予想の修正(増配)に関するお知らせ
2026-08-10,31730,Ｃｏｍｉｎｉｘ,2027年３月期第１四半期決算短信〔日本基準〕(連結)
2026-08-10,31780,チムニー,2026年7月度 月次売上・出店状況について
2026-08-10,31790,シュッピン,会社提案としての社外取締役候補者の決定および株主提案の取下げに関するお知らせ
2026-08-10,31870,Ｇ－ミラタップ,2026年９月期 第３四半期決算短信〔日本基準〕（非連結）
2026-08-10,31870,Ｇ－ミラタップ,2026年９月期 第３四半期決算説明資料
2026-08-10,31990,綿半ホールディングス,2027年３月期 月次動向（７月度）
2026-08-10,32040,トーア紡,令和８年12月期 第２四半期（中間期）決算短信〔日本基準〕（連結）
2026-08-10,32040,トーア紡,令和８年12月期 第２四半期（中間期）決算説明資料
2026-08-10,322A0,Ｐ－ヒメジ理化,2026年12月期 中間決算短信〔日本基準〕(連結)
2026-08-10,32370,Ｇ－イントランス,2027年３月期第１四半期決算短信〔日本基準〕(連結)
2026-08-10,32370,Ｇ－イントランス,2027年３月期第１四半期決算説明資料
2026-08-10,32370,Ｇ－イントランス,営業外収益（デリバティブ評価益）の計上に関するお知らせ
2026-08-10,32610,Ｇ－グラン,2026年12月期 第２四半期（中間期）決算短信〔日本基準〕（連結）
2026-08-10,32610,Ｇ－グラン,2026年12月期 第２四半期決算補足説明資料
2026-08-10,32610,Ｇ－グラン,業績予想と実績との差異に関するお知らせ
2026-08-10,32770,サンセイランディック,従業員持株会向け譲渡制限付株式インセンティブとしての自己株式の処分の払込完了及び一部失権に関するお知らせ
2026-08-10,32770,サンセイランディック,主要株主及び主要株主である筆頭株主の異動（予定）並びに公開買付けに準ずる行為として政令で定める買い集め行為に関するお知らせ
2026-08-10,32770,サンセイランディック,通期業績予想及び期末配当予想の修正に関するお知らせ
2026-08-10,32770,サンセイランディック,2026年12月期 第２四半期（中間期）決算短信〔日本基準〕(連結)
2026-08-10,32770,サンセイランディック,2026年12月期第２四半期決算短信補足資料
2026-08-10,32860,トラストＨＤ,（開示事項の経過）貸倒引当金繰入額（販売費及び一般管理費）の計上に関するお知らせ
2026-08-10,32860,トラストＨＤ,2026年６月期 決算短信〔日本基準〕（連結）
2026-08-10,32860,トラストＨＤ,役員報酬の減額に関するお知らせ
2026-08-10,328A0,ＧＸ価格パワー日株,ETFの収益分配のお知らせ
2026-08-10,33170,フライングＧ,2027年３月期第１四半期決算短信［日本基準］（非連結）
2026-08-10,33500,メタプラネット,「（開示事項の経過）臨時株主総会招集のための基準日の取消し及び新たな基準日設定に関するお知らせ」の一部訂正に関するお知らせ
2026-08-10,33500,メタプラネット,（開示事項の経過）臨時株主総会招集のための基準日の取消し及び新たな基準日設定に関するお知らせ
2026-08-10,33580,Ｔｒａｉｌｈｅａｄ,2026年7月の月次売上高（速報）に関するお知らせ
2026-08-10,33950,サンマルクＨＤ,譲渡制限付株式報酬としての自己株式の処分の払込完了に関するお知らせ
2026-08-10,33990,山岡家,2027年1月期７月度売上高速報及び概況等について
2026-08-10,34170,大木ヘルスケア,自己株式の取得及び自己株式立会外買付取引（ToSTNeT‐3）による自己株式の買付けに関するお知らせ
2026-08-10,34190,アートグリーン,取締役の逝去及び退任に関するお知らせ
2026-08-10,34460,ＪＴＥＣＣＯＲＰ,2026年６月期 決算説明資料
2026-08-10,34460,ＪＴＥＣＣＯＲＰ,2026年6月期 決算短信〔日本基準〕（連結）
2026-08-10,34460,ＪＴＥＣＣＯＲＰ,中期経営計画策定に関するお知らせ
2026-08-10,34460,ＪＴＥＣＣＯＲＰ,法人税等調整額（益）の計上に関するお知らせ
2026-08-10,34470,信和,2027年３月期第１四半期決算短信〔ＩＦＲＳ〕（連結）
2026-08-10,34470,信和,2027年３月期第１四半期決算補足説明資料
2026-08-10,34500,Ｐ－サトウ産業,株式の上場廃止及び株式の取扱いに関するお知らせとご挨拶
2026-08-10,34610,パルマ,2026年9月期 第3四半期決算短信〔日本基準〕（非連結）
2026-08-10,34610,パルマ,2026年9月期 第3四半期決算説明資料
2026-08-10,34800,ジェイ・エス・ビー,Ｕｒｓａ ４株式会社による当社株券等に対する株式等売渡請求を行うことの決定、当該株式等売渡請求に係る承認及び当社株式の上場廃止に関するお知らせ
2026-08-10,34840,イノベーションＨＤ,2027年３月期 第１四半期決算短信〔日本基準〕（連結）
2026-08-10,34950,香陵住販,2026年９月期第３四半期決算短信〔日本基準〕(連結)
2026-08-10,34950,香陵住販,2026年９月期期末配当予想の修正（増配）に関するお知らせ
2026-08-10,35120,日フエルト,自己株式の取得状況に関するお知らせ
2026-08-10,35420,Ｇ－ＶＥＧＡ,2026年７月の月次業績に関するお知らせ
2026-08-10,35910,ワコールＨＤ,2027年3月期 第1四半期決算短信[ＩＦＲＳ]（連結）
2026-08-10,35970,自重堂,2026年6月期 決算短信〔日本基準〕（連結）
2026-08-10,35970,自重堂,2026年6月期通期連結業績予想と実績値の差異に関するお知らせ
2026-08-10,35980,山喜,2027年３月期 第１四半期決算短信〔日本基準〕（連結）
2026-08-10,36410,パピレス,2027年3月期 第1四半期決算短信〔日本基準〕（連結）
2026-08-10,36560,ＫＬａｂ,2026年12月期第2四半期 決算説明資料
2026-08-10,36560,ＫＬａｂ,2026年12月期第２四半期決算説明会 質疑応答要旨
2026-08-10,36750,クロスマーケティング,2026年６月期 決算短信〔日本基準〕(連結)
2026-08-10,36750,クロスマーケティング,2026年6月期通期決算補足資料
2026-08-10,36750,クロスマーケティング,2026年6月期通期連結業績予想と実績値との差異に関するお知らせ
2026-08-10,36750,クロスマーケティング,配当方針の変更に関するお知らせ
2026-08-10,36750,クロスマーケティング,自己株式取得に係る事項の決定に関するお知らせ
2026-08-10,36800,Ｇ－ホットリンク,剰余金の配当（中間配当）に関するお知らせ
2026-08-10,36800,Ｇ－ホットリンク,2026年12月期 第２四半期（中間期）決算短信補足資料
2026-08-10,36800,Ｇ－ホットリンク,2026年12月期 第２四半期（中間期）決算短信〔ＩＦＲＳ〕（連結）
2026-08-10,36950,Ｇ－ＧＭＯ－ＰＰ,2026年12月期第２四半期（中間期）決算短信〔日本基準〕（連結）
2026-08-10,36950,Ｇ－ＧＭＯ－ＰＰ,2026年12月期第２四半期決算説明会資料
2026-08-10,36950,Ｇ－ＧＭＯ－ＰＰ,通期業績予想及び配当予想の修正（上方修正）に関するお知らせ
2026-08-10,36950,Ｇ－ＧＭＯ－ＰＰ,連結子会社による『ドットマネー事業』の事業譲受に関するお知らせ
2026-08-10,36950,Ｇ－ＧＭＯ－ＰＰ,連結子会社からの配当金受領に関するお知らせ
2026-08-10,36950,Ｇ－ＧＭＯ－ＰＰ,株式の立会外分売に関するお知らせ
2026-08-10,37080,特種東海,自己株式立会外買付取引（ToSTNeT-3）による自己株式の取得結果及び自己株式の取得終了ならびに自己株式消却に関するお知らせ
2026-08-10,37190,ＡＩストーム,会計監査人の辞任及び一時会計監査人の選任に関するお知らせ
2026-08-10,37270,Ｇ－ＡＰＬＩＸ,当社連結子会社のスマートモバイルコミュニケーションズとジェイフロンティア株式会社との業務提携契約の締結に関するお知らせ
2026-08-10,37410,セック,2027年3月期 第1四半期決算短信〔日本基準〕（非連結）
2026-08-10,37410,セック,2027年3月期 第1四半期決算補足説明資料
2026-08-10,37680,リスクモンスター,自己株式取得に係る事項の決定に関するお知らせ
2026-08-10,37680,リスクモンスター,2027年3月期第1四半期決算短信〔日本基準〕（連結）
2026-08-10,381A0,ｉＦ米国債３５Ｈ無,iFreeETFの収益分配のお知らせ
2026-08-10,382A0,ｉＦ米国債３５Ｈ有,iFreeETFの収益分配のお知らせ
2026-08-10,38530,アステリア,その他の収益（投資有価証券評価益）の計上に関するお知らせ
2026-08-10,38960,阿波製紙,2027年３月期 第１四半期決算短信〔日本基準〕（連結）
2026-08-10,392A0,ｉＳＱトップ,ＥＴＦの収益分配のお知らせ
2026-08-10,39340,ベネフィットジャパン,役員人事に関するお知らせ
2026-08-10,39340,ベネフィットジャパン,2027年3月期第1四半期決算短信〔日本基準〕（連結）
2026-08-10,39340,ベネフィットジャパン,2027年3月期第1四半期決算説明資料
2026-08-10,39350,エディア,自己株式の取得状況及び取得終了に関するお知らせ
2026-08-10,39390,カナミックＮ,2026年９月期 第３四半期決算短信〔日本基準〕（連結）
2026-08-10,39390,カナミックＮ,2026年9月期（第26期）第3四半期決算および会社説明資料
2026-08-10,39470,ダイナパック,2026年12月期 第２四半期（中間期）決算短信〔日本基準〕（連結）
2026-08-10,39530,大村紙業,2027年３月期 第１四半期決算短信〔日本基準〕（非連結）
2026-08-10,39540,ＰＡＸＸＳ,2027年３月期業績予想に関するお知らせ
2026-08-10,39540,ＰＡＸＸＳ,2027年３月期 第１四半期決算短信〔日本基準〕（連結）
2026-08-10,39670,Ｇ－エルテス,株主優待（デジタルギフト）の交換先追加に関するお知らせ
2026-08-10,39850,テモナ,2026年９月期第３四半期決算短信〔日本基準〕(連結)
2026-08-10,39850,テモナ,2026年９月期第３四半期ファクトシート
2026-08-10,40440,セ硝子,2027年3月期 第1四半期決算短信〔日本基準〕（連結）
2026-08-10,40440,セ硝子,2027年3月期 第2四半期（中間期）及び通期連結業績予想の修正に関するお知らせ
2026-08-10,40470,関電化,2027年３月期 第１四半期決算短信〔日本基準〕(連結)
2026-08-10,40470,関電化,業績予想の修正に関するお知らせ
2026-08-10,40470,関電化,2027年３月期 第1四半期 決算補足説明資料
2026-08-10,404A0,ＧＸ中国テック１０,ETFの収益分配のお知らせ
2026-08-10,40560,Ｇ－ニューラル,2026年12月期第２四半期（中間期）決算短信〔日本基準〕(連結)
2026-08-10,40560,Ｇ－ニューラル,2026年12月期（第9期）第2四半期決算説明資料
2026-08-10,408A0,ｉＳベストＡＩ,ＥＴＦの収益分配のお知らせ
2026-08-10,40920,日本化,2027年3月期第1四半期決算短信〔日本基準〕（連結）
2026-08-10,40920,日本化,業績予想の修正に関するお知らせ
2026-08-10,40920,日本化,政策保有株式の売却および特別利益の計上見込みに関するお知らせ
2026-08-10,409A0,オリオンビール,2027年３月期第１四半期決算短信〔日本基準〕（連結）
2026-08-10,41190,日本ピグメントＨＤ,2027年３月期 第１四半期決算短信〔日本基準〕（連結）
2026-08-10,41240,大阪油化工業,2026年９月期 第３四半期決算短信〔日本基準〕（連結）
2026-08-10,41240,大阪油化工業,2026年９月期通期連結業績予想及び配当予想の修正に関するお知らせ
2026-08-10,417A0,ブルーゾーンＨＤ,自己株式の取得に係る事項の決定に関するお知らせ
2026-08-10,417A0,ブルーゾーンＨＤ,自己株式立会外買付（ToSTNeT-3）による自己株式の買付けに関するお知らせ
2026-08-10,417A0,ブルーゾーンＨＤ,2027年３月期 第１四半期決算短信〔日本基準〕(連結)
2026-08-10,42020,ダイセル,譲渡制限付株式報酬としての自己株式の処分の払込完了に関するお知らせ
2026-08-10,42180,ニチバン,2027年３月期第１四半期決算短信〔日本基準〕(連結)
2026-08-10,42310,タイガーポリ,2027年３月期第１四半期決算短信〔日本基準〕(連結)
2026-08-10,423A0,ライオン事務器,2026年９月期 第３四半期決算短信〔日本基準〕（連結）
2026-08-10,42450,ダイキアクシス,2026年12月期 第２四半期(中間期)決算短信〔日本基準〕(連結)
2026-08-10,42450,ダイキアクシス,2026年12月期 第２四半期(中間期)連結決算概要
2026-08-10,42470,ポバール興業,2027年3月期第1四半期決算短信〔日本基準〕（連結）
2026-08-10,42470,ポバール興業,2027年3月期 第1四半期 決算概要
2026-08-10,42840,ソルクシーズ,2026年12月期 第２四半期 決算短信補足資料
2026-08-10,42840,ソルクシーズ,2026年12月期 第２四半期（中間期） 決算短信〔日本基準〕（連結）
2026-08-10,43160,Ｇ－ビーマップ,連結子会社の異動（株式譲渡）、特別利益の計上並びに業績予想の修正に関するお知らせ
2026-08-10,43650,松本油脂,2027年3月期 第1四半期決算短信〔日本基準〕(連結)
2026-08-10,43650,松本油脂,2027年3月期通期業績予想及び配当予想に関するお知らせ
2026-08-10,43770,Ｇ－ワンキャリア,当社株式の貸借銘柄選定に関するお知らせ
2026-08-10,43810,Ｇ－ビープラッツ,2027年３月期 第１四半期決算短信〔日本基準〕（連結）
2026-08-10,43810,Ｇ－ビープラッツ,2027年３月期 第１四半期決算説明資料
2026-08-10,43810,Ｇ－ビープラッツ,営業外費用の計上に関するお知らせ
2026-08-10,43810,Ｇ－ビープラッツ,上場維持基準（純資産基準）への適合に向けた計画に基づく進捗状況について
2026-08-10,44200,イーソル,第２四半期連結累計期間業績予想と実績値との差異に関するお知らせ
2026-08-10,44200,イーソル,2026年12月期 第２四半期（中間期）決算短信〔日本基準〕（連結）
2026-08-10,44200,イーソル,2026年12月期 第２四半期（中間期）決算説明資料
2026-08-10,44420,Ｇ－バルテスＨＤ,2027年３月期 第１四半期決算短信〔日本基準〕（連結）
2026-08-10,44420,Ｇ－バルテスＨＤ,2027年３月期 第１四半期決算説明資料
2026-08-10,44430,Ｓａｎｓａｎ,（訂正・数値データ訂正）「2026年5月期決算短信〔日本基準〕（連結）」の一部訂正に関するお知らせ
2026-08-10,444A0,Ｐ－アイテル,2026年12月期 第２四半期（中間期）決算短信〔日本基準〕（非連結）
2026-08-10,444A0,Ｐ－アイテル,2026年12月期 配当予想の修正に関するお知らせ
2026-08-10,44990,Ｓｐｅｅｅ,（開示事項の経過）ＳＯＭＰＯホールディングス株式会社との合弁会社の設立を目的とした会社分割（簡易新設分割）の完了に関するお知らせ
2026-08-10,45380,扶桑薬,2027年3月期第1四半期決算短信〔日本基準〕(非連結)
2026-08-10,45470,キッセイ薬,従業員持株会に対する譲渡制限付株式としての自己株式処分の払込完了及び一部失権に関するお知らせ
2026-08-10,45820,Ｇ－シンバイオ製薬,2026年12月期第２四半期（中間期）決算短信〔日本基準〕(連結)
2026-08-10,45880,Ｇ－オンコリスバイオ,中間決算説明会資料
2026-08-10,461A0,ＭＸ日株高配ＳＭＡＲ,ＭＡＸＩＳ ＥＴＦの収益分配のお知らせ
2026-08-10,46230,アサヒペン,（訂正）「自己株式の消却に関するお知らせ」の一部訂正について
2026-08-10,46230,アサヒペン,自己株式立会外買付取引（ToSTNeT-3）による自己株式の取得結果に関するお知らせ
2026-08-10,46310,ＤＩＣ,2026年12月期 第２四半期（中間期）決算短信〔日本基準〕（連結）
2026-08-10,46310,ＤＩＣ,2026年12月期 第２四半期決算説明資料
2026-08-10,46310,ＤＩＣ,2026年12月期中間連結会計期間の連結業績予想と実績値との差異、並びに通期連結業績予想の修正に関するお知らせ
2026-08-10,46310,ＤＩＣ,2026年12月期 期末配当予想の修正（増配）に関するお知らせ
2026-08-10,46310,ＤＩＣ,自己株式取得に係る事項の決定に関するお知らせ （会社法第165条第２項の規定による定款の定めに基づく自己株式の取得）
2026-08-10,46340,ａｒｔｉｅｎｃｅ,2026年12月期 上半期 決算説明会 資料
2026-08-10,46580,日本空調,譲渡制限付株式報酬としての自己株式の処分の払込完了に関するお知らせ
2026-08-10,46650,ダスキン,2027年3月期 第1四半期決算短信〔日本基準〕(連結)
2026-08-10,46650,ダスキン,業績予想及び配当予想の修正に関するお知らせ
2026-08-10,46800,ラウンドワン,2027年３月期 第１四半期決算短信〔ＩＦＲＳ〕（連結）
2026-08-10,46800,ラウンドワン,2027年３月期第１四半期決算 現況と今後の展望（決算説明会資料）
2026-08-10,46870,ＴＤＣソフト,（差替）「2027 年３月期第１四半期決算短信〔日本基準〕（連結）補足資料」のファイル差替について
2026-08-10,47550,楽天グループ,2026年12月期 第２四半期（中間期）決算短信〔ＩＦＲＳ〕（連結）
2026-08-10,47550,楽天グループ,減損損失等の計上についてのお知らせ
2026-08-10,47840,ＧＭＯインターネット,固定資産の取得に関するお知らせ
2026-08-10,48200,ＥＭシステムズ,2026年12月期 第2四半期決算説明資料
2026-08-10,48200,ＥＭシステムズ,2026年12月期 第2四半期(中間期)決算短信〔日本基準〕（連結）
2026-08-10,48280,ビーエンジ,2027年３月期 第１四半期決算短信〔日本基準〕(連結)
2026-08-10,48280,ビーエンジ,2027年３月期 第１四半期決算説明資料
2026-08-10,48280,ビーエンジ,役員向け株式報酬制度における株式取得に係る事項の決定に関するお知らせ
2026-08-10,48380,ＳＳＳＫ ＨＤ,2027年３月期 第１四半期決算短信〔日本基準〕（連結）
2026-08-10,48380,ＳＳＳＫ ＨＤ,2027年3月期 第1四半期 決算説明資料
2026-08-10,48380,ＳＳＳＫ ＨＤ,中間配当の実施及び配当予想の修正に関するお知らせ
2026-08-10,48830,Ｇ－モダリス,（訂正）2026年12月期第２四半期決算説明資料の訂正に関するお知らせ
2026-08-10,48830,Ｇ－モダリス,2026年12月期 第2四半期（中間期）決算短信〔日本基準〕(連結)
2026-08-10,48830,Ｇ－モダリス,2026年12月期 第2四半期決算説明資料
2026-08-10,48830,Ｇ－モダリス,営業外収益及び特別利益の計上に関するお知らせ
2026-08-10,48840,Ｇ－クリングル,2026年９月期第３四半期決算短信〔日本基準〕（非連結）
2026-08-10,48840,Ｇ－クリングル,2026年９月期第３四半期決算について（決算説明資料）
2026-08-10,48870,サワイグループＨＤ,2027年３月期 第１四半期決算短信〔ＩＦＲＳ〕(連結)
2026-08-10,48880,Ｇ－ステラファーマ,藤田医科大学との連携による深部がん領域へのBNCT適応拡大に向けた研究開発の進捗について
2026-08-10,490A0,Ｐ－センス・トラスト,臨時株主総会招集のための基準日設定に関するお知らせ
2026-08-10,49190,ミルボン,2026年12月期（第67期）第2四半期（中間期）決算短信〔日本基準〕(連結)
2026-08-10,49190,ミルボン,2026年12月期（第67期）第2四半期 株式会社ミルボン決算説明資料
2026-08-10,49190,ミルボン,連結業績予想の修正（上方修正）に関するお知らせ
2026-08-10,49190,ミルボン,自己株式取得に係る事項の決定に関するお知らせ
2026-08-10,491A0,ｉＳＳ＆Ｐ除く金融,ＥＴＦの収益分配のお知らせ
2026-08-10,49600,ケミプロ化成,2027年3月期 通期業績予想および配当予想に関するお知らせ
2026-08-10,49600,ケミプロ化成,2027年３月期 第１四半期決算短信〔日本基準〕（非連結）
2026-08-10,49710,メック,2026年12月期第２四半期（中間期）決算短信〔日本基準〕(連結)
2026-08-10,49710,メック,2026年12月期第２四半期（中間期）決算説明会資料
2026-08-10,49710,メック,業績予想の修正に関するお知らせ
2026-08-10,49790,ＯＡＴアグリオ,2026年12月期第２四半期（中間期）決算短信〔日本基準〕（連結）
2026-08-10,49790,ＯＡＴアグリオ,2026年12月期第２四半期連結業績補足説明資料
2026-08-10,49790,ＯＡＴアグリオ,剰余金の配当（中間配当）に関するお知らせ
2026-08-10,504A0,Ｇ－イノバセル,事業進捗アップデート_2026年12月期第2四半期
2026-08-10,50710,ヴィス,2027年３月期 第１四半期決算短信〔日本基準〕(連結)
2026-08-10,50710,ヴィス,2027年３月期 第１四半期 決算説明資料
2026-08-10,50750,アップコン,「100億宣言」掲載のお知らせ
2026-08-10,50770,Ｐ－ハンズ,TOKYO PRO Marketへの上場目的の開示について
2026-08-10,50770,Ｐ－ハンズ,2026年６月期 決算短信〔日本基準〕（非連結）
2026-08-10,51010,浜ゴム,2026年12月期 第２四半期（中間期）決算短信〔ＩＦＲＳ〕（連結）
2026-08-10,51010,浜ゴム,「YX2026」の総仕上げと「YX2029」について
2026-08-10,51010,浜ゴム,2026年12月期 第２四半期決算説明会資料
2026-08-10,51010,浜ゴム,2026年12月期第２四半期(中間期)連結業績予想と実績との差異及び通期連結業績予想の修正(上方修正)並びに中間配当及び期末配当予想の修正(増配)に関するお知らせ
2026-08-10,51050,ＴＯＹＯ ＴＩＲＥ,自己株式立会外買付取引（ToSTNeT-3）による自己株式の取得結果及び取得終了ならびに自己株式の消却に関するお知らせ
2026-08-10,51050,ＴＯＹＯ ＴＩＲＥ,主要株主及び主要株主である筆頭株主並びにその他の関係会社の異動に関するお知らせ
2026-08-10,51210,藤コンポ,2027年３月期第１四半期決算短信〔日本基準〕(連結)
2026-08-10,51390,Ｇ－オープンワーク,剰余金の配当（中間配当・初配）に関するお知らせ
2026-08-10,51390,Ｇ－オープンワーク,2026年12月期第2四半期 決算説明資料
2026-08-10,51390,Ｇ－オープンワーク,2026年12月期第2四半期（中間期） 決算短信［日本基準］（連結）
2026-08-10,519A0,Ｇ－ベーシック,2026年12月期 第２四半期決算に関する質疑応答（要旨）
2026-08-10,519A0,Ｇ－ベーシック,2026年12月期第２四半期決算説明資料
2026-08-10,52100,日山村硝,2027年３月期 第１四半期決算短信〔日本基準〕（連結）
2026-08-10,52100,日山村硝,2027年３月期第２四半期（中間期）業績予想および通期業績予想の修正に関するお知らせ
2026-08-10,52540,Ｇ－Ａｒｅｎｔ,2026年6月期 通期決算説明会 質疑応答要旨及びアーカイブ動画公開のお知らせ
2026-08-10,52550,Ｇ－モンスターラボ,連結子会社の異動（株式交換）及び持分法適用関連会社の異動並びに利益の計上見込みに関するお知らせ
2026-08-10,52560,Ｇ－Ｆｕｓｉｃ,2026年６月期通期業績予想の修正に関するお知らせ
2026-08-10,52830,高見澤,2026年6月期 決算短信〔日本基準〕（連結）
2026-08-10,52830,高見澤,当社株式の大規模買付行為に関する対応策（買収への対応方針）の継続について
2026-08-10,52830,高見澤,特別利益及び特別損失の計上に関するお知らせ
2026-08-10,53020,日カーボン,2026年12月期 第２四半期（中間期）決算短信〔日本基準〕(連結)
2026-08-10,53020,日カーボン,2026年12月期中間連結会計期間の連結業績予想と実績値との差異に関するお知らせ
2026-08-10,53340,日特殊陶,"Wells Vehicle Electronics Holdings Corp.及びWells Vehicle Electronics, L.P.自動車部品事業の撤退に伴う一部事業譲渡のお知らせ"
2026-08-10,53430,ニッコー,2027年３月期第１四半期決算短信〔日本基準〕(連結)
2026-08-10,53510,品川リフラ,2027年３月期 第１四半期決算短信〔日本基準〕（連結）
2026-08-10,53510,品川リフラ,2027年３月期 第１四半期決算補足説明資料
2026-08-10,53510,品川リフラ,業績予想および配当予想に関するお知らせ
2026-08-10,53560,美濃窯業,自己株式立会外買付取引（ＴｏＳＴＮｅＴ－３）による自己株式の取得結果及び取得終了に関するお知らせ
2026-08-10,544A0,ＧＭＳグループ,特別利益（負ののれん発生益）の計上に関するお知らせ
2026-08-10,544A0,ＧＭＳグループ,2027年３月期 第１四半期決算短信〔日本基準〕（連結）
2026-08-10,544A0,ＧＭＳグループ,2027年３月期第１四半期 決算補足資料
2026-08-10,546A0,ＭＩＲＡＩＮＩ,2027年３月期 第１四半期決算短信〔日本基準〕（連結）
2026-08-10,546A0,ＭＩＲＡＩＮＩ,2027年３月期の連結業績予想の修正（上方修正）に関するお知らせ
2026-08-10,549A0,ヒトトヒトＨＤ,2027年3月期第1四半期決算短信〔IFRS〕（連結）
2026-08-10,549A0,ヒトトヒトＨＤ,2027年3月期第1四半期決算説明資料
2026-08-10,550A0,ソフトテックス,2027年３月期 第１四半期決算短信〔日本基準〕(非連結)
2026-08-10,55330,エリッツＨＤ,2026年９月期 第３四半期決算短信〔日本基準〕（連結）
2026-08-10,55840,Ｐ－ストロベリｊａｍ,2026年12月期中間決算短信〔日本基準〕（連結）
2026-08-10,55890,オートサーバー,2026年12月期第２四半期決算短信〔日本基準〕(非連結)
2026-08-10,55890,オートサーバー,2026年12月期第２四半期決算説明資料
2026-08-10,559A0,梅乃宿酒造,2026年６月期 決算短信〔日本基準〕(非連結)
2026-08-10,559A0,梅乃宿酒造,2026年６月期通期決算補足説明資料
2026-08-10,559A0,梅乃宿酒造,剰余金の配当に関するお知らせ
2026-08-10,563A0,ＧＸナスＤカバコ,ETFの収益分配のお知らせ
2026-08-10,56990,イボキン,2026年12月期 第2四半期（中間期）決算短信〔日本基準〕（連結）
2026-08-10,56990,イボキン,2026年12月期 第2四半期（中間期）決算説明資料
2026-08-10,57020,大紀アルミ,2027年３月期 第１四半期決算短信〔日本基準〕(連結)
2026-08-10,57020,大紀アルミ,業績連動型株式報酬制度の導入に伴う自己株式の処分に関するお知らせ
2026-08-10,57130,住友鉱,2027年３月期第１四半期決算短信〔ＩＦＲＳ〕（連結）
2026-08-10,57130,住友鉱,業績予想の修正に関するお知らせ
2026-08-10,57240,アサカ理研,2026年９月期 第３四半期決算短信〔日本基準〕（連結）
2026-08-10,57240,アサカ理研,2026年９月期 第３四半期 決算説明資料
2026-08-10,58310,しずおかＦＧ,自己株式立会外買付取引（ToSTNeT-3）による自己株式の取得結果に関するお知らせ
2026-08-10,58440,京都ＦＧ,2027年3月期 第1四半期末の自己資本比率について
2026-08-10,585A4,Ｅ－ＪＡＭＰＦＭ,上場ETF（管理会社：JAMPファンド・マネジメント）に関する日々の開示事項
2026-08-10,587A4,Ｅ－インベスコＱＱＱ,インベスコQQQトラスト シリーズ1 に関する日々の開示事項
2026-08-10,58870,Ｐ－光響,2026年12月期 中間決算短信〔日本基準〕（連結）
2026-08-10,59150,駒井ハルテック,2027年３月期 第１四半期決算短信[日本基準]（連結）
2026-08-10,59180,滝上工,2027年3月期第2四半期及び2027年3月期通期の連結業績予想の修正に関するお知らせ
2026-08-10,59180,滝上工,2027年３月期第１四半期決算短信〔日本基準〕（連結）
2026-08-10,59290,三和ＨＤ,2027年3月期第1四半期決算短信〔日本基準〕（連結）（公認会計士等による期中レビューの完了）
2026-08-10,595A0,Ｐ－不二興産,2026年６月期 決算短信〔日本基準〕(非連結)
2026-08-10,595A0,Ｐ－不二興産,通期業績予想と実績の差異に関するお知らせ
2026-08-10,595A0,Ｐ－不二興産,本店移転に関するお知らせ
2026-08-10,59620,浅香工業,2027年3月期 第1四半期決算短信〔日本基準〕（非連結）
2026-08-10,59730,トーアミ,2027年３月期 第１四半期決算短信〔日本基準〕（連結）
2026-08-10,59810,東製綱,2027年３月期第１四半期決算短信〔日本基準〕(連結)
2026-08-10,59870,オーネックス,業績予想の修正に関するお知らせ
2026-08-10,60310,Ｇ－ＺＥＴＡ,2026年12月期 第２四半期（中間期）決算短信〔日本基準〕(連結)
2026-08-10,60310,Ｇ－ＺＥＴＡ,2026年12月期 第2四半期決算説明資料
2026-08-10,60400,Ｇ－日本スキー,2026年7月期日本スキー場開発(株)月次速報開示
2026-08-10,60710,ＩＢＪ,「JPX 日経中小型株指数」構成銘柄に継続選定のお知らせ
2026-08-10,61030,オークマ,自己株式の取得状況に関するお知らせ
2026-08-10,61370,小池酸工,2027年３月期 第１四半期決算短信〔日本基準〕（連結）
2026-08-10,61490,小田原エン,2026年12月期中間連結会計期間の業績予想数値と実績値との差異に関するお知らせ
2026-08-10,61490,小田原エン,2026年12月期第２四半期（中間期）決算短信〔日本基準〕(連結)
2026-08-10,61560,エーワン精密,2026年６月期 決算短信〔日本基準〕(非連結)
2026-08-10,61660,Ｇ－中村超硬,2027年３月期 第１四半期決算短信〔日本基準〕(連結)
2026-08-10,61660,Ｇ－中村超硬,特別損失の発生に関するお知らせ
2026-08-10,61890,グローバルキッズＣ,業績予想の修正に関するお知らせ
2026-08-10,61890,グローバルキッズＣ,2026年9月期第3四半期決算説明資料
2026-08-10,61890,グローバルキッズＣ,2026年9月期 第3四半期決算短信[日本基準](連結)
2026-08-10,62090,リケンＮＰＲ,2027年３月期 第１四半期決算短信〔日本基準〕（連結）（公認会計士等による期中レビューの完了）
2026-08-10,62280,ジェイ・イー・ティ,（開示事項の中止）令和５年度補正予算「中堅・中小企業の賃上げに向けた省力化等の大規模成長投資補助金事業」（一次公募）交付決定辞退のお知らせ
2026-08-10,62620,ＰＥＧＡＳＵＳ,2027年３月期 第81期第１四半期決算説明
2026-08-10,62660,タツモ,2026年12月期 第２四半期（中間期）決算短信〔日本基準〕（連結）
2026-08-10,62660,タツモ,子会社の増資（特定子会社化）に関するお知らせ
2026-08-10,63060,日工,2027年3月期 第１四半期決算短信〔日本基準〕（連結）
2026-08-10,63060,日工,2027年3月期 第１四半期連結決算補足資料
2026-08-10,63060,日工,譲渡制限付株式報酬としての自己株式の処分に関するお知らせ
2026-08-10,63160,丸山製,2026年９月期 第３四半期決算短信〔日本基準〕(連結)
2026-08-10,63160,丸山製,2026年９月期 通期連結業績予想及び配当予想の修正に関するお知らせ
2026-08-10,63160,丸山製,株主優待制度の変更（拡充）に関するお知らせ
2026-08-10,63420,太平製作所,2027年３月期 第１四半期決算短信[日本基準]（連結）
2026-08-10,63460,キクカワ,2027年3月期 第1四半期決算短信〔日本基準〕(非連結)
2026-08-10,63470,プラコー,2027年３月期 第１四半期決算短信〔日本基準〕（連結）
2026-08-10,63640,ＡＩＲＭＡＮ,自己株式の取得状況及び取得終了に関するお知らせ
2026-08-10,63810,アネスト岩田,2027年3月期第1四半期決算短信〔日本基準〕（連結）
2026-08-10,63810,アネスト岩田,2027年3月期第1四半期決算補足説明資料
2026-08-10,63810,アネスト岩田,2027年３月期上期及び通期業績予想の修正に関するお知らせ
2026-08-10,64070,ＣＫＤ,2027年３月期第１四半期決算短信〔日本基準〕(連結)
2026-08-10,64070,ＣＫＤ,通期連結業績予想及び配当予想の修正に関するお知らせ
2026-08-10,64240,高見サイ,株式給付信託（J-ESOP）の導入に伴う自己株式の処分に関するお知らせ
2026-08-10,64240,高見サイ,株式給付信託（BBT）の導入に伴う自己株式の処分に関するお知らせ
2026-08-10,64240,高見サイ,2027年3月期 第1四半期決算短信〔日本基準〕(連結)
2026-08-10,64240,高見サイ,コミットメントライン契約に基づく借入の実施について
2026-08-10,64590,だいわ,2026年12月期第２四半期（中間期）決算短信〔日本基準〕（非連結）
2026-08-10,64590,だいわ,剰余金の配当（記念配当）に関するお知らせ
2026-08-10,64640,ツバキ・ナカシマ,金銭消費貸借契約に係る財務上の特約に定める事由の発生および解消に関するお知らせ
2026-08-10,64640,ツバキ・ナカシマ,2026年12月期第２四半期（中間期）決算短信〔ＩＦＲＳ〕（連結）
2026-08-10,64640,ツバキ・ナカシマ,2026年12月期第2四半期 決算説明資料
2026-08-10,64840,ＫＶＫ,2027年３月期 第１四半期決算短信〔日本基準〕（連結）
2026-08-10,64950,宮入バル,2027年３月期 第１四半期決算短信〔日本基準〕（非連結）
2026-08-10,65370,Ｇ－ＷＡＳＨハウス,2026年12月期 第２四半期（中間期）決算短信〔日本基準〕(連結)
2026-08-10,65370,Ｇ－ＷＡＳＨハウス,2026年12月期 第２四半期（中間期）決算短信補足資料
2026-08-10,65460,フルテック,2026年12月期 第2四半期(中間期)決算短信〔日本基準〕(連結)
2026-08-10,65640,ミダックＨＤ,2027年3月期 第1四半期決算短信［日本基準］（連結）
2026-08-10,65640,ミダックＨＤ,2027年3月期 第1四半期決算説明資料
2026-08-10,65660,要興業,2027年３月期第１四半期決算短信（日本基準）（連結）
2026-08-10,65680,Ｇ－神戸天然物化学,主要株主の異動に関するお知らせ
2026-08-10,65680,Ｇ－神戸天然物化学,自己株式立会外買付取引（ToSTNeT-3）による自己株式の取得結果及び取得終了に関するお知らせ
2026-08-10,65700,共和コーポレーション,2027年３月期第１四半期決算短信〔日本基準〕（連結）
2026-08-10,65700,共和コーポレーション,創立40周年記念株主優待の実施に関するお知らせ
2026-08-10,66130,Ｇ－ＱＤレーザ,2027年３月期 第１四半期決算短信〔日本基準〕(非連結)
2026-08-10,66130,Ｇ－ＱＤレーザ,2027年３月期 第１四半期決算説明資料
2026-08-10,66130,Ｇ－ＱＤレーザ,特別損失の計上に関するお知らせ
2026-08-10,66770,エスケーエレク,2026年９月期 第３四半期決算短信[日本基準]（連結）
2026-08-10,66770,エスケーエレク,2026年９月期通期個別業績予想に関するお知らせ
2026-08-10,67360,サン電子,2027年３月期 第１四半期決算短信〔日本基準〕(連結)
2026-08-10,67360,サン電子,2027年３月期 第１四半期決算補足説明資料
2026-08-10,67400,ＪＤＩ,2027年３月期 第1四半期決算短信〔日本基準〕(連結)
2026-08-10,67400,ＪＤＩ,2026年度 第1四半期 決算説明資料
2026-08-10,67400,ＪＤＩ,営業外費用、特別利益及び特別損失の計上のお知らせ
2026-08-10,67400,ＪＤＩ,上場維持基準（純資産基準）への適合に向けた計画に基づく進捗状況について
2026-08-10,67430,大同信号,自己株式立会外買付取引（ToSTNeT-3）による自己株式の取得結果及び自己株式取得終了に関するお知らせ
2026-08-10,67850,鈴木,2026年６月期 決算短信〔日本基準〕（連結）
2026-08-10,67850,鈴木,従業員持株会向け譲渡制限付株式インセンティブとしての新株式の発行に関するお知らせ
2026-08-10,68240,新コスモス,2027年3月期第1四半期決算短信〔日本基準〕（連結）
2026-08-10,68340,精工技研,2027年３月期 第１四半期決算短信〔日本基準〕(連結)
2026-08-10,68340,精工技研,2027年3月期 第2四半期(中間期)及び通期連結業績予想の修正 並びに配当予想の修正(増配)に関するお知らせ
2026-08-10,68400,ＡＫＩＢＡ,2027年３月期 第１四半期決算短信〔日本基準〕（連結）
2026-08-10,68500,チノー,2027年３月期 第１四半期決算短信〔日本基準〕（連結）
2026-08-10,68620,ミナトＨＤ,2027年３月期第１四半期決算短信〔日本基準〕(連結)
2026-08-10,68620,ミナトＨＤ,2027年３月期 第１四半期決算説明資料
2026-08-10,68620,ミナトＨＤ,業績予想の修正及び配当予想の修正（増配）に関するお知らせ
2026-08-10,68670,リーダ電子,投資有価証券売却益（特別利益）計上に関するお知らせ
2026-08-10,68740,協立電機,2026年６月期決算短信〔日本基準〕(連結)
2026-08-10,68740,協立電機,2026年６月期通期の個別業績予想と実績値との差異に関するお知らせ
2026-08-10,68740,協立電機,定款の一部変更に関するお知らせ
2026-08-10,68970,ツインバード,投資有価証券売却益（特別利益）の計上に関するお知らせ
2026-08-10,69280,エノモト,2027年３月期 第１四半期決算短信〔日本基準〕（連結）
2026-08-10,69280,エノモト,業績予想及び配当予想の修正（増配）に関するお知らせ
2026-08-10,69280,エノモト,自己株式取得に係る事項の決定に関するお知らせ
2026-08-10,69280,エノモト,2027年３月期第１四半期決算補足資料
2026-08-10,69620,大真空,2027年3月期第1四半期決算短信〔日本基準〕（連結）
2026-08-10,69620,大真空,営業外収益（為替差益）の計上に関するお知らせ
2026-08-10,69640,サンコー,（訂正）「2027年３月期第２四半期（中間期）連結業績予想の修正に関するお知らせ」の一部訂正について
2026-08-10,69930,大黒屋,「2027年３月期第１四半期決算説明資料」の策定のお知らせ
2026-08-10,70390,Ｇ－ブリッジグループ,自己株式の取得状況に関するお知らせ（会社法第165条第２項の規定による定款の定めに基づく自己株式の取得）
2026-08-10,70420,アクセスグループ,取締役等に対する譲渡制限付株式としての新株式発行の払込完了に関するお知らせ
2026-08-10,70630,Ｇ－Ｂｉｒｄｍａｎ,販売用不動産（系統用蓄電池用地及び発電設備等への送電系統に係る権利）の売却に関するお知らせ
2026-08-10,70760,名南Ｍ＆Ａ,2026年９月期 第３四半期決算短信〔日本基準〕（連結）
2026-08-10,70800,Ｇ－スポーツフィール,2026年12月期 第２四半期（中間期）決算短信〔日本基準〕(連結)
2026-08-10,70800,Ｇ－スポーツフィール,2026年12月期 第２四半期決算説明資料
2026-08-10,71110,ＩＮＥＳＴ,【2027年３月期第１四半期】決算補足説明資料
2026-08-10,71110,ＩＮＥＳＴ,2027年３月期第１四半期決算短信〔ＩＦＲＳ〕（連結）
2026-08-10,71150,アルファパーチェス,2026年12月期 第２四半期決算短信〔日本基準〕（連結）
2026-08-10,71150,アルファパーチェス,2026年12月期第2四半期 決算説明補足資料
2026-08-10,71280,ユニソルＨＤ,2026年12月期 第２四半期（中間期）決算短信〔日本基準〕（連結）
2026-08-10,71280,ユニソルＨＤ,2026年12月期 第２四半期決算説明資料
2026-08-10,71290,ミアヘルサＨＤ,2027年３月期第１四半期決算短信〔日本基準〕(連結)
2026-08-10,71290,ミアヘルサＨＤ,2027年３月期第１四半期決算補足説明資料
2026-08-10,71320,Ｐ－フローバル,自己株式立会外買付取引（ToSTNeT-3）による自己株式の取得結果及び取得終了に関するお知らせ
2026-08-10,71350,ジャパンクラフトＨＤ,2026年６月期 決算短信〔日本基準〕（連結）
2026-08-10,71350,ジャパンクラフトＨＤ,（開示事項の経過）株式会社ヴォーグ学園の株式の譲渡に関するお知らせ
2026-08-10,71350,ジャパンクラフトＨＤ,関係会社株式売却益及び繰延税金資産の計上並びに2026年６月期通期連結業績予想値と実績値との差異に関するお知らせ
2026-08-10,71350,ジャパンクラフトＨＤ,剰余金の配当に関するお知らせ
2026-08-10,71350,ジャパンクラフトＨＤ,株主優待制度の変更に関するお知らせ
2026-08-10,71350,ジャパンクラフトＨＤ,2026年６月期 決算補足説明資料
2026-08-10,71400,Ｇ－ペットゴー,2027年３月期 第１四半期決算短信〔日本基準〕（連結）
2026-08-10,71400,Ｇ－ペットゴー,2027年３月期 第１四半期決算説明資料
2026-08-10,71400,Ｇ－ペットゴー,譲渡制限付株式報酬としての新株式発行の払込完了に関するお知らせ
2026-08-10,71750,今村証券,組織変更及び人事異動に関するお知らせ
2026-08-10,71800,九州ＦＧ,自己株式の取得状況に関するお知らせ
2026-08-10,71850,ヒロセ通商,譲渡制限付株式報酬としての自己株式処分の払込完了に関するお知らせ
2026-08-10,71980,ＳＢＩアルヒ,2027年３月期 第１四半期決算短信〔ＩＦＲＳ〕（連結）
2026-08-10,71990,プレミアグループ,2027年３月期第１四半期決算短信〔IFRS〕（連結）
2026-08-10,71990,プレミアグループ,2027年３月期 第１四半期 決算説明資料
2026-08-10,73610,Ｇ－ＨＣＨ,2026年９月期 第３四半期決算短信〔日本基準〕（連結）
2026-08-10,73610,Ｇ－ＨＣＨ,2026年９月期 第３四半期 決算説明資料
2026-08-10,73630,Ｇ－ベビーカレンダー,当社が運営する一部のチャンネルにおける 収益化再開状況に関するお知らせ
2026-08-10,73680,表示灯,2027年３月期 第１四半期決算短信〔日本基準〕（連結）
2026-08-10,73680,表示灯,2027年３月期 第１四半期連結決算補足資料
2026-08-10,74120,アトム,2027年３月期 第１四半期決算短信〔日本基準〕（非連結）
2026-08-10,74210,カッパ・クリエイト,2027年３月期 第１四半期決算短信〔日本基準〕（連結）
2026-08-10,74440,ハリマ共和物産,2027年３月期第１四半期決算短信〔日本基準〕(連結)
2026-08-10,74610,キムラ,2027年３月期 第１四半期決算短信〔日本基準〕（連結）
2026-08-10,74810,尾家産,2027年３月期 第１四半期決算短信[日本基準]（連結）
2026-08-10,74860,サンリン,2027年３月期 第１四半期決算短信〔日本基準〕(連結)
2026-08-10,74860,サンリン,特別利益（段階取得に係る差益）の計上に関するお知らせ
2026-08-10,75020,プラザＨＤ,2027年３月期 第１四半期決算短信〔日本基準〕（連結）
2026-08-10,75020,プラザＨＤ,2027年３月期 第１四半期決算説明資料
2026-08-10,75050,扶桑電通,2026年9月期第3四半期決算短信〔日本基準〕(連結)
2026-08-10,75060,ハウスローゼ,2027年3月期7月度売上高に関するお知らせ(単体)
2026-08-10,75320,パンパシフィックＨＤ,月次販売高状況のお知らせ
2026-08-10,75520,ハピネット,2027年３月期第１四半期決算短信〔日本基準〕(連結)
2026-08-10,75520,ハピネット,2027年３月期 第１四半期決算短信 補足資料
2026-08-10,75670,栄電子,従業員向け株式給付信託の詳細決定に関するお知らせ
2026-08-10,75670,栄電子,従業員向け株式給付信託の導入に伴う第三者割当による自己株式処分に関するお知らせ
2026-08-10,75930,ＶＴＨＤ,自己株式の取得及び自己株式立会外買付取引（ＴｏＳＴＮｅＴ－３）による自己株式の買付けに関するお知らせ
2026-08-10,75930,ＶＴＨＤ,2027年３月期 第１四半期決算短信〔ＩＦＲＳ〕(連結)
2026-08-10,76150,京都きもの友禅ＨＤ,2027年3月期 第１四半期決算短信〔日本基準〕（連結）
2026-08-10,76360,ハンズマン,2026年6月期 決算短信〔日本基準〕(非連結)
2026-08-10,76360,ハンズマン,2026年7月度 売上高の状況（2026年7月1日～2026年7月31日）
2026-08-10,77210,東京計器,2027年3月期 第1四半期決算短信［日本基準］（連結）
2026-08-10,77210,東京計器,東京計器株式会社 2027年3月期 第1四半期 決算説明資料
2026-08-10,77260,黒田精工,2027年３月期 第１四半期決算短信〔日本基準〕（連結）
2026-08-10,77340,理計器,2027年３月期 第１四半期決算短信〔日本基準〕(連結)
2026-08-10,77940,Ｇ－イーディーピー,行使価額修正条項付新株予約権の大量行使に関するお知らせ
2026-08-10,78000,アミファ,2026年９月期第３四半期決算短信〔日本基準〕(非連結)
2026-08-10,78000,アミファ,2026年９月期第３四半期 決算説明資料
2026-08-10,78200,ニホンフラッシュ,2027年３月期 第１四半期決算短信〔日本基準〕（連結）
2026-08-10,78710,フクビ化学工業,自己株式立会外買付取引（ToSTNeT-3）による自己株式の取得結果及び取得終了に関するお知らせ
2026-08-10,78720,エステールＨＤ,2027年3月期 第1四半期決算短信〔日本基準〕（連結）
2026-08-10,78750,竹田ｉＰ,2027年３月期 第１四半期決算短信〔日本基準〕（連結）
2026-08-10,78750,竹田ｉＰ,第２四半期（中間期）及び通期業績予想の修正に関するお知らせ
2026-08-10,78750,竹田ｉＰ,譲渡制限付株式報酬としての自己株式の処分の払込完了に関するお知らせ
2026-08-10,78830,サンメッセ,2027年３月期第１四半期決算短信〔日本基準〕（連結） （公認会計士等による期中レビューの完了）
2026-08-10,79020,ソノコム,2027年3月期 第1四半期決算短信〔日本基準〕（非連結）
2026-08-10,79060,ヨネックス,2027年３月期第１四半期決算短信〔日本基準〕（連結）
2026-08-10,79060,ヨネックス,業績予想の修正に関するお知らせ
2026-08-10,79060,ヨネックス,2027年３月期 第１四半期決算説明資料
2026-08-10,79180,ヴィアＨＤ,2026年７月度 月次速報
2026-08-10,79460,光陽社,2027年３月期第１四半期決算短信〔日本基準〕(連結)
2026-08-10,79570,フジコピアン,2026年12月期第２四半期(中間期)連結業績予想数値と実績の差異および通期連結業績予想修正ならびに配当予想修正に関するお知らせ
2026-08-10,79570,フジコピアン,2026年12月期第２四半期（中間期）決算短信〔日本基準〕(連結)
2026-08-10,79570,フジコピアン,（開示事項の経過） 特別利益（投資有価証券売却益）の計上に関するお知らせ
2026-08-10,79860,日本アイエスケイ,2026年12月期 第２四半期（中間期）決算短信〔日本基準〕（連結）
2026-08-10,80220,ミズノ,従業員持株会向け譲渡制限付株式インセンティブとしての自己株式の処分の払込完了及び一部失権に関するお知らせ
2026-08-10,80230,ＤＡＩＫＯＸＴ,自己株式の取得及び自己株式立会外買付取引（ToSTNeT-3）による自己株式の買付けの決定に関するお知らせ
2026-08-10,80230,ＤＡＩＫＯＸＴ,従業員持株会を活用したインセンティブ・プラン導入に関するお知らせ
2026-08-10,80230,ＤＡＩＫＯＸＴ,従業員持株会を活用したインセンティブ・プラン導入に伴う第三者割当による自己株式処分に関するお知らせ
2026-08-10,80230,ＤＡＩＫＯＸＴ,2027年３月期 第１四半期決算短信〔日本基準〕（連結）
2026-08-10,80230,ＤＡＩＫＯＸＴ,2027年３月期 第１四半期決算補足説明資料
2026-08-10,80510,山善,2027年３月期第２四半期（中間期）及び通期連結業績予想の修正に関するお知らせ
2026-08-10,80510,山善,2027年３月期 第１四半期決算短信〔日本基準〕（連結）
2026-08-10,80860,ニプロ,2027年３月期第１四半期決算短信〔日本基準〕(連結)
2026-08-10,81010,ＧＳＩクレオス,2027年3月期 第1四半期 決算短信〔日本基準〕(連結)
2026-08-10,81010,ＧＳＩクレオス,2027年3月期 第1四半期 決算補足資料
2026-08-10,81050,ＢｉｔｃｏｉｎＪＰＮ,2027年3月期 第1四半期決算短信〔日本基準〕（連結）
2026-08-10,81320,シナネンＨＤ,2027年3月期 第1四半期決算短信〔日本基準〕(連結)
2026-08-10,81320,シナネンＨＤ,2027年3月期 第1四半期 決算説明資料
2026-08-10,81320,シナネンＨＤ,自己株式取得に係る事項の決定及び自己株式消却に係る事項の決定に関するお知らせ
2026-08-10,81360,サンリオ,2027年３月期第１四半期決算短信[日本基準]（連結）
2026-08-10,81360,サンリオ,第67期（2027年3月期）第1四半期決算説明資料
2026-08-10,81360,サンリオ,業績連動型株式報酬制度の導入に伴う株式取得時期および取得方法の決定に関するお知らせ
2026-08-10,81410,新光商,臨時株主総会招集のための基準日設定に関するお知らせ
2026-08-10,81520,ソマール,2027年３月期 第１四半期決算短信〔日本基準〕（連結）
2026-08-10,81980,ＭＶ東海,2027年２月期 ７月度月次売上高前年比速報
2026-08-10,82190,青山商,2027年３月期 第１四半期決算短信〔日本基準〕（連結）
2026-08-10,82190,青山商,完全子会社との会社分割（簡易吸収分割）に関するお知らせ
2026-08-10,82190,青山商,株式給付信託（J-ESOP）に係る追加拠出に伴う自己株式の処分に関するお知らせ
2026-08-10,82370,松屋,2026年7月売上報告
2026-08-10,82670,イオン,イオン（株）7月度連結営業概況
2026-08-10,82750,フォーバル,2027年３月期 第１四半期決算短信〔日本基準〕（連結）
2026-08-10,82910,日産東ＨＤ,2027年３月期第１四半期決算短信〔日本基準〕(連結)
2026-08-10,83580,スルガ銀,2027年3月期 第1四半期決算短信[日本基準](連結)
2026-08-10,83660,滋賀銀,2027年3月期 第1四半期末の自己資本比率について
2026-08-10,83680,百五銀,2027年３月期 第１四半期末の自己資本比率について
2026-08-10,83810,山陰合銀,2027年3月期 第1四半期末の自己資本比率に関するお知らせ
2026-08-10,85080,Ｊトラスト,（開示事項の経過）当社のGroup Lease PCLに対する現状の認識について
2026-08-10,85110,日証金,自己株式の取得状況に関するお知らせ
2026-08-10,85240,北洋銀行,2027年3月期第1四半期末の自己資本比率について
2026-08-10,85630,大東銀,2027年３月期 第１四半期決算短信〔日本基準〕(連結)
2026-08-10,87290,ソニーＦＧ,2027年３月期第１四半期決算短信〔ＩＦＲＳ〕(連結)
2026-08-10,87290,ソニーＦＧ,2027年３月期通期連結業績予想の修正に関するお知らせ
2026-08-10,87290,ソニーＦＧ,2026年度第1四半期業績説明会資料
2026-08-10,87290,ソニーＦＧ,自己株式の取得状況及び取得終了に関するお知らせ
2026-08-10,88350,太平洋発,2027年３月期 第１四半期決算短信〔日本基準〕（連結）
2026-08-10,88690,明和地所,2027年３月期 第１四半期決算短信［日本基準］（連結）
2026-08-10,88690,明和地所,2027年３月期第１四半期 決算説明資料
2026-08-10,88940,ＲＥＶＯＬＵＴＩＯＮ,社内調査委員会による調査の状況に関するお知らせ
2026-08-10,88970,ミラースＨＤ,株式報酬型ストックオプション（Ｂ種新株予約権）発行内容確定に関するお知らせ
2026-08-10,89450,サンネクスタグループ,剰余金の配当（増配）に関するお知らせ
2026-08-10,89450,サンネクスタグループ,2026年６月期 決算短信〔日本基準〕（連結）
2026-08-10,89990,グランディ,2027年３月期 第１四半期決算短信〔日本基準〕（連結）
2026-08-10,90390,サカイ引越,2027年３月期 第１四半期決算短信〔日本基準〕（連結）
2026-08-10,90410,近鉄ＧＨＤ,2027年3月期 第1四半期決算短信〔日本基準〕（連結）
2026-08-10,90410,近鉄ＧＨＤ,2027年3月期 第1四半期 決算説明資料
2026-08-10,90480,名鉄,2027年3月期 第1四半期決算短信〔日本基準〕（連結）
2026-08-10,90480,名鉄,2027年3月期 第1四半期決算説明資料
2026-08-10,90510,センコン物流,2027年3月期 第1四半期決算短信〔日本基準〕（連結）
2026-08-10,90590,カンダ,2027年３月期 第１四半期決算短信〔日本基準〕（連結）
2026-08-10,90600,日ロジテム,2027年３月期 第１四半期決算短信〔日本基準〕（連結）
2026-08-10,90680,丸全運,2027年３月期 第１四半期決算短信〔日本基準〕（連結）
2026-08-10,90680,丸全運,配当予想の修正に関するお知らせ
2026-08-10,90680,丸全運,株式分割および株式分割に伴う定款の一部変更に関するお知らせ
2026-08-10,90850,中央バス,2027年3月期 第1四半期決算短信［日本基準］（連結）
2026-08-10,91700,成友興業,2026年９月期 第３四半期 決算説明資料
2026-08-10,92200,エフビー介護サービス,2027年３月期 第１四半期決算短信〔日本基準〕(連結)
2026-08-10,92230,Ｇ－ＡＳＮＯＶＡ,2027年３月期 第１四半期決算説明資料
2026-08-10,92230,Ｇ－ＡＳＮＯＶＡ,営業外収益（受取保険金）の計上に関するお知らせ
2026-08-10,92230,Ｇ－ＡＳＮＯＶＡ,2027年３月期 第１四半期決算短信〔日本基準〕（連結）
2026-08-10,92250,Ｇ－ブリッジコンサル,2026年９月期 第３四半期決算短信〔日本基準〕（非連結）
2026-08-10,92250,Ｇ－ブリッジコンサル,2026年９月期 第３四半期 決算説明補足資料
2026-08-10,92250,Ｇ－ブリッジコンサル,自己株式取得に係る事項の決定に関するお知らせ
2026-08-10,92460,Ｇ－プロジェクトＨＤ,自己株式の取得状況及び取得終了に関するお知らせ
2026-08-10,92580,Ｇ－ＣＳ－Ｃ,2026年９月期 第３四半期決算短信〔日本基準〕（連結）
2026-08-10,92580,Ｇ－ＣＳ－Ｃ,2026年９月期 第３四半期決算説明資料
2026-08-10,92590,Ｇ－タカヨシＨＤ,2026年９月期第３四半期決算短信〔日本基準〕 (連結)
2026-08-10,92590,Ｇ－タカヨシＨＤ,2026年９月期第３四半期決算説明資料
2026-08-10,92840,Ｉ－カナディアンソラ,太陽光発電所月次発電電力量実績及び出力制御による本投資法人の運用資産への影響（2026年７月）に関するお知らせ
2026-08-10,93060,東陽倉,2027年３月期 第１四半期決算短信〔日本基準〕（連結）
2026-08-10,93060,東陽倉,「資本コストや株価を意識した経営の実現に向けた対応」に関するお知らせ
2026-08-10,93360,大栄環境,2027年３月期 第1四半期 決算説明資料
2026-08-10,93360,大栄環境,2027年３月期 第１四半期決算短信〔日本基準〕（連結）
2026-08-10,93370,Ｇ－トリドリ,2026年12月期 第２四半期（中間期）決算短信〔日本基準〕（連結）
2026-08-10,93370,Ｇ－トリドリ,2026年12月期 第２四半期決算説明資料
2026-08-10,93410,ＧＥＮＯＶＡ,2027年３月期第１四半期決算説明資料
2026-08-10,93410,ＧＥＮＯＶＡ,2027年3月期 第1四半期決算短信〔日本基準〕（連結）
2026-08-10,93430,Ｇ－アイビス,2026年12月期第２四半期（中間期）決算短信〔日本基準〕（連結）
2026-08-10,93430,Ｇ－アイビス,2026年12月期第2四半期決算説明会資料
2026-08-10,93610,伏木運,2026年６月期 決算短信〔日本基準〕（連結）
2026-08-10,93610,伏木運,剰余金の配当に関するお知らせ
2026-08-10,93670,大東港運,2027年３月期第１四半期決算短信〔日本基準〕(連結)
2026-08-10,93670,大東港運,第78期(2027年3月期) 第１四半期決算説明資料
2026-08-10,93690,キユソ流通,インドに拠点を置く低温物流会社Coldrush Logistics Private Limitedの 株式取得（子会社化）の日程変更に関するお知らせ
2026-08-10,93850,ショーエイコーポ,2027年３月期 第１四半期決算短信[日本基準]（連結）
2026-08-10,93850,ショーエイコーポ,2027年３月期 第１四半期決算発表補足資料
2026-08-10,94080,ＢＳＮメディアＨＤ,2027年３月期 第１四半期決算短信〔日本基準〕（連結）
2026-08-10,94160,ビジョン,2026年12月期第２四半期（中間期）決算短信〔日本基準〕(連結)
2026-08-10,94160,ビジョン,2026年12月期第２四半期（中間期）決算説明資料
2026-08-10,94250,ＲｅＹｕｕＪａｐａｎ,新株予約権付社債発行プログラム設定契約に基づく第三者割当による第３回無担保転換社債型新株予約権付社債の発行に係る払込完了に関するお知らせ
2026-08-10,94250,ＲｅＹｕｕＪａｐａｎ,非上場の親会社等の決算情報に関するお知らせ
2026-08-10,94280,クロップス,2027年３月期 第１四半期決算短信[日本基準]（連結）
2026-08-10,94280,クロップス,2026年度 第１四半期決算説明資料
2026-08-10,94440,トーシンＨＤ,会社更生手続における更生債権等の認否書及び財産評定書の提出について
2026-08-10,94440,トーシンＨＤ,第41期有価証券報告書の提出期限延長申請に係る承認のお知らせ
2026-08-10,94440,トーシンＨＤ,第41期有価証券報告書の提出期限延長に係る承認申請書提出のお知らせ
2026-08-10,94450,Ｆテレコム,2027年３月期 第１四半期決算短信〔日本基準〕（連結）
2026-08-10,95030,関西電力,大飯発電所３号機の原子炉自動停止について
2026-08-10,95170,イーレックス,2027年３月期 第１四半期決算短信〔IFRS〕（連結）
2026-08-10,95170,イーレックス,2027年3月期 第１四半期 決算補足説明資料
2026-08-10,95390,京葉瓦斯,2026年12月期 第2四半期（中間期）決算短信 [日本基準] （連結）
2026-08-10,95640,ＦＣＥ,2026年9月期 第3四半期決算短信〔日本基準〕(連結)
2026-08-10,95640,ＦＣＥ,連結業績予想および期末配当予想の修正（増配）に関するお知らせ
2026-08-10,95640,ＦＣＥ,株主優待の内容決定（一部内容を拡充）に関するお知らせ
2026-08-10,95640,ＦＣＥ,2026年9月期 第3四半期 決算説明資料
2026-08-10,96050,東映,2027年３月期 第１四半期決算短信〔日本基準〕〈連結〉
2026-08-10,96050,東映,2027年３月期第１四半期決算説明資料
2026-08-10,96050,東映,配当方針の変更に関するお知らせ
2026-08-10,96440,タナベコンサルＧ,2027年３月期 第１四半期決算短信〔日本基準〕（連結）
2026-08-10,96440,タナベコンサルＧ,2027年３月期 第１四半期決算補足説明資料
2026-08-10,96560,グリーンランド,2026年12月期第2四半期（中間期）決算短信〔日本基準〕（連結）
2026-08-10,96840,スクエニＨＤ,2027年3月期 第1四半期決算短信 〔日本基準〕（連結）
2026-08-10,96840,スクエニＨＤ,2027年3月期 第1四半期 決算説明会
2026-08-10,97590,ＮＳＤ,2026年７月の月次売上高(速報)に関するお知らせ
2026-08-10,97610,東海リース,2027年3月期 第1四半期決算短信〔日本基準〕（連結）
2026-08-10,97670,日建工学,2027年３月期 第１四半期決算短信〔日本基準〕（連結）
2026-08-10,97880,ナック,2027年3月期 第1四半期決算短信〔日本基準〕（連結）
2026-08-10,97880,ナック,2027年3月期 第1四半期決算補足説明資料
2026-08-10,97910,ビケンテクノ,2027年３月期 第１四半期決算短信〔日本基準〕（連結）
2026-08-10,97910,ビケンテクノ,2027年３月期 第１四半期決算説明資料
2026-08-10,98540,愛眼,2027年３月期 第１四半期決算短信〔日本基準〕（連結）
2026-08-10,98800,イノテック,2027年３月期 第１四半期決算短信〔日本基準〕（連結）
2026-08-10,98800,イノテック,業績予想の修正に関するお知らせ
2026-08-10,98900,マキヤ,2027年３月期 月次売上速報（7月度）のお知らせ
2026-08-10,98900,マキヤ,2027年３月期 第１四半期決算短信〔日本基準〕（連結）
2026-08-10,98900,マキヤ,2027年３月期（第75期）第１四半期決算説明資料
2026-08-10,99290,平和紙業,2027年3月期 第1四半期決算短信［日本基準］（連結）
2026-08-10,99300,北沢産業,2027年３月期 第１四半期決算短信〔日本基準〕(連結)
2026-08-10,99420,ジョイフル,2026年６月期決算短信〔日本基準〕(連結)
2026-08-10,99420,ジョイフル,創業50周年記念配当（配当予想の修正）に関するお知らせ
2026-08-10,99420,ジョイフル,完全子会社の吸収合併及び債権放棄に関するお知らせ
2026-08-10,99590,アシードＨＤ,2027年3月期 第1四半期決算短信〔日本基準〕（連結）
2026-08-10,99590,アシードＨＤ,2027年3月期 第1四半期決算説明資料
2026-08-10,99860,蔵王産業,2027年3月期 第1四半期決算短信〔日本基準〕（非連結）
2026-08-11,48890,Ｇ－レナサイエンス,XPRIZE Healthspan 参加取り止めに関するお知らせ
2026-08-11,67580,ソニーグループ,ソニーセミコンダクタソリューションズとTSMCとの合弁会社設立に関する確定契約締結のお知らせ
2026-08-12,13264,Ｅ－ワールド,SPDRゴールド・シェアに関する日々の開示事項
2026-08-12,13294,Ｅ－ブラックロック,上場ETF（管理会社：ブラックロック・ジャパン）に関する日々の開示事項
2026-08-12,13494,Ｅ－ＳＳＧＡ－ＳＩＮ,アジア国債・公債ＥＴＦ（正式名称：ＡＢＦ汎アジア債券インデックス・ファンド）に関する日々の開示事項
2026-08-12,13790,ホクト,2027年３月期 第１四半期決算短信〔日本基準〕（連結）
2026-08-12,142A0,Ｇ－ジンジブ,連結決算開始に伴う連結業績予想に関するお知らせ
2026-08-12,142A0,Ｇ－ジンジブ,2027年３月期 第１四半期決算短信〔日本基準〕(連結)
2026-08-12,142A0,Ｇ－ジンジブ,2027年３月期 第１四半期 決算説明資料
2026-08-12,14350,ｒｏｂｏｔ ｈｏｍｅ,2026年12月期 第２四半期（中間期） 決算短信〔日本基準〕(連結)
2026-08-12,14350,ｒｏｂｏｔ ｈｏｍｅ,2026年７月度月次KPI（速報）に関するお知らせ
2026-08-12,14350,ｒｏｂｏｔ ｈｏｍｅ,2026年12月期 第２四半期決算説明資料
2026-08-12,14360,Ｇ－グリーンエナジー,（開示事項の経過）東証グロース市場上場の株式会社クラダシとの合弁事業にかかる進捗状況に関するお知らせ
2026-08-12,146A0,コロンビア・ワークス,2026年12月期 第２四半期（中間期）決算短信〔日本基準〕（連結）
2026-08-12,146A0,コロンビア・ワークス,2026年12月期第２四半期 決算説明資料
2026-08-12,146A0,コロンビア・ワークス,中期経営計画（～2030年）
2026-08-12,147A0,Ｇ－ソラコム,2027年３月期第１四半期決算説明資料
2026-08-12,147A0,Ｇ－ソラコム,2027年３月期第１四半期決算短信〔日本基準〕（連結）
2026-08-12,15574,Ｅ－ＳＳＧＡＴＣ,State Street SPDR S&P500 ETFに関する日々の開示事項
2026-08-12,16630,Ｋ＆Ｏエナジー,2026年12月期 第２四半期（中間期）決算短信〔日本基準〕(連結)
2026-08-12,16630,Ｋ＆Ｏエナジー,業績予想の修正及び配当政策の一部変更に伴う配当予想の修正に関するお知らせ
2026-08-12,16714,Ｅ－シンプレクス,上場ＥＴＦ(管理会社：シンプレクス・アセット・マネジメント)に関する日々の開示事項
2026-08-12,16724,Ｅ－ＷｉｓｄｏｍＴｒ,上場ETF（管理会社：WisdomTree、外国投資法人：MSL）に関する日々の開示事項
2026-08-12,16724,Ｅ－ＷｉｓｄｏｍＴｒ,上場ETF（管理会社：WisdomTree、外国投資法人：CSL）に関する日々の開示事項
2026-08-12,17240,シンクレイヤ,2026年12月期第２四半期（中間期）決算短信〔日本基準〕(連結)
2026-08-12,17950,マサル,2026年9月期第3四半期決算短信〔日本基準〕（連結）
2026-08-12,19140,日基礎,令和９年３月期 第１四半期決算短信〔日本基準〕（連結）
2026-08-12,20550,日和産業,2027年3月期 第1四半期決算短信〔日本基準〕(連結)
2026-08-12,20580,ヒガシマル,2027年３月期 第１四半期決算短信〔日本基準〕（連結）
2026-08-12,205A0,Ｇ－ロゴスＨＤ,2026年7月度 受注速報
2026-08-12,20704,Ｎ－三菱ＵＦＪ証ＨＤ,上場ETN（発行者：三菱UFJ証券ホールディングス株式会社）に関する日々の開示事項
2026-08-12,21200,ＬＩＦＵＬＬ,2026年9月期第3四半期決算短信〔IFRS〕（連結）
2026-08-12,21200,ＬＩＦＵＬＬ,通期連結業績予想の修正（上方修正）および配当予想の修正（増配）に関するお知らせ
2026-08-12,21200,ＬＩＦＵＬＬ,2026年9月期第3四半期 決算補足資料（IFRS）
2026-08-12,21220,Ｉスペース,2026年9月期 第3四半期決算説明会資料
2026-08-12,21220,Ｉスペース,2026年９月期第３四半期決算短信〔日本基準〕（連結）
2026-08-12,21240,ＪＡＣ,2026年12月期第２四半期（中間期）決算短信〔日本基準〕(連結)
2026-08-12,21240,ＪＡＣ,自己株式取得にかかる事項の決定及び自己株式の消却に関するお知らせ
2026-08-12,21240,ＪＡＣ,2026年12月期上半期 決算説明資料
2026-08-12,21240,ＪＡＣ,2026年12月期第２四半期の月次連結売上高及び事業実績数値(国内人材紹介事業)に関するお知らせ
2026-08-12,21640,地域新聞社,当社新株予約権の（一部）取得に関するお知らせ
2026-08-12,21950,Ｇ－アミタＨＤ,2026年12月期 第２四半期（中間期）決算短信〔日本基準〕（連結）
2026-08-12,21950,Ｇ－アミタＨＤ,2026年12月期 第２四半期決算 補足資料
2026-08-12,21950,Ｇ－アミタＨＤ,日本アジア投資株式会社との業務提携及び 投資事業有限責任組合JAICサプライチェーンファンドを 割当予定先とする第三者割当による新株式発行に関するお知らせ
2026-08-12,21950,Ｇ－アミタＨＤ,日本アジア投資株式会社との業務提携及び 投資事業有限責任組合JAICサプライチェーンファンドを 割当予定先とする第三者割当による新株式発行 補足資料
2026-08-12,22910,福留ハム,投資有価証券売却に伴う特別利益の計上見込みに関するお知らせ
2026-08-12,22910,福留ハム,2027年３月期第１四半期決算短信〔日本基準〕(連結)
2026-08-12,23040,ＣＳＳＨＤ,2026年９月期 第３四半期決算短信〔日本基準〕（連結）
2026-08-12,23040,ＣＳＳＨＤ,2026年９月期 第３四半期決算説明資料
2026-08-12,23040,ＣＳＳＨＤ,2026年９月期 第３四半期決算説明資料（スクリプト付）
2026-08-12,231A0,Ｑ－Ｃｒｏｓｓ Ｅ,2026年９月期 第３四半期決算短信〔日本基準〕（連結）
2026-08-12,23210,Ｇ－ソフトフロントＨ,2027年３月期第１四半期決算短信〔日本基準〕（連結）
2026-08-12,23210,Ｇ－ソフトフロントＨ,営業外費用及び特別利益の計上に関するお知らせ
2026-08-12,23250,ＮＪＳ,剰余金の配当（中間配当）に関するお知らせ
2026-08-12,23250,ＮＪＳ,2026年12月期 第２四半期（中間期）決算短信〔日本基準〕（連結）
2026-08-12,23420,トランスジェニックＧ,2027年3月期 第1四半期決算短信〔日本基準〕(連結)
2026-08-12,23850,Ｇ－総医研,2026年6月期 決算短信〔日本基準〕（連結）
2026-08-12,23850,Ｇ－総医研,2026年6月期 通期連結業績予想と実績値との差異に関するお知らせ
2026-08-12,23850,Ｇ－総医研,子会社の解散に関するお知らせ
2026-08-12,23850,Ｇ－総医研,報告セグメントの変更に関するお知らせ
2026-08-12,24890,ＡＤＷＡＹＳ,業績予想及び配当予想の修正に関するお知らせ
2026-08-12,24890,ＡＤＷＡＹＳ,2026年12月期 第2四半期（中間期）決算短信〔日本基準〕(連結)
2026-08-12,24890,ＡＤＷＡＹＳ,2026年12月期 第2四半期（中間期）決算説明会資料
2026-08-12,24890,ＡＤＷＡＹＳ,株主優待制度の変更及び拡充に関するお知らせ
2026-08-12,248A0,Ｇ－キッズスター,2026年12月期 第2四半期（中間期）決算短信〔日本基準〕(連結)
2026-08-12,248A0,Ｇ－キッズスター,2026年12月期第2四半期決算説明資料
2026-08-12,25240,ＮＺＡＭ ＴＰＸ,ETFの収益分配金見込額のお知らせ
2026-08-12,25250,ＮＺＡＭ ２２５,ETFの収益分配金見込額のお知らせ
2026-08-12,25260,ＮＺＡＭ ４００,ETFの収益分配金見込額のお知らせ
2026-08-12,25310,宝ＨＬＤ,2027年3月期第1四半期決算短信の開示が 四半期末後45日を超えることに関するお知らせ
2026-08-12,25670,ＮＺＡＭ カーボン,ETFの収益分配金見込額のお知らせ
2026-08-12,25880,プレミアムウォーター,2027年３月期第１四半期決算短信〔ＩＦＲＳ〕(連結)
2026-08-12,25880,プレミアムウォーター,2027年３月期第１四半期決算説明補足資料
2026-08-12,25880,プレミアムウォーター,業績連動型株式報酬制度の導入に伴う自己株式の処分に関するお知らせ
2026-08-12,259A0,ケイ・ウノ,2026年９月期 第３四半期決算短信〔日本基準〕（連結）
2026-08-12,259A0,ケイ・ウノ,2026年９月期第３四半期 決算説明資料
2026-08-12,259A0,ケイ・ウノ,2026年９月期第３四半期 決算説明資料（スクリプト付き）
2026-08-12,26670,イメージワン,2026年9月期 第3四半期決算短信〔日本基準〕(非連結)
2026-08-12,26670,イメージワン,営業外費用の計上及び通期業績予想の修正に関するお知らせ
2026-08-12,26890,オルバヘルスケアＨＤ,2026年6月期 決算短信〔日本基準〕（連結）
2026-08-12,268A0,リガク,（開示事項の経過）主要株主である筆頭株主の異動及びその他の関係会社の異動に関するお知らせ
2026-08-12,26940,焼肉坂井ＨＤ,2027年３月期第１四半期決算短信〔日本基準〕(連結)
2026-08-12,269A0,Ｇ－Ｓａｐｅｅｔ,2026年9月期第3四半期決算発表日の変更に関するお知らせ
2026-08-12,27050,大戸屋ＨＤ,譲渡制限付株式報酬としての新株式発行の払込完了に関するお知らせ
2026-08-12,27050,大戸屋ＨＤ,2027年３月期第１四半期決算短信〔日本基準〕(連結)（公認会計士等による期中レビューの完了）
2026-08-12,28200,やまみ,2026年６月期決算短信〔日本基準〕(非連結)
2026-08-12,28200,やまみ,剰余金の配当に関するお知らせ
2026-08-12,28200,やまみ,中期経営計画のローリングに関するお知らせ
2026-08-12,28200,やまみ,2026年６月期通期業績概要及び2027年６月期業績予想
2026-08-12,29330,紀文食品,2027年３月期 第１四半期決算短信〔日本基準〕（連結）
2026-08-12,29810,Ｇ－ランディックス,2027年３月期 第１四半期決算短信〔日本基準〕（連結）
2026-08-12,29810,Ｇ－ランディックス,2027年３月期 第１四半期 決算説明資料
2026-08-12,29930,長栄,2027年３月期 第１四半期決算短信〔日本基準〕（非連結）
2026-08-12,29930,長栄,2027年３月期 第１四半期決算補足説明資料
2026-08-12,30010,片倉,2026年12月期 第２四半期決算短信〔日本基準〕（連結）
2026-08-12,30010,片倉,2026年12月期第２四半期（中間期）連結業績予想と実績との差異および通期連結業績予想の修正に関するお知らせ
2026-08-12,30400,ソリトンシステムズ,2026年12月期 中間決算補足説明資料
2026-08-12,30400,ソリトンシステムズ,2026年12月期 第２四半期（中間期）決算短信〔日本基準〕（連結）
2026-08-12,30400,ソリトンシステムズ,2026年12月期連結業績予想および期末配当予想の修正(増配）に関するお知らせ
2026-08-12,30580,三洋堂ＨＤ,2027年3月期 第1四半期決算短信〔日本基準〕（連結）
2026-08-12,30580,三洋堂ＨＤ,2027年3月期 第1四半期連結決算概要
2026-08-12,30680,ＷＤＩ,2027年３月期 第１四半期決算短信〔日本基準〕（連結）
2026-08-12,308A0,Ｐ－ぽすとめいとＨＤ,減損損失の計上及び連結業績予想の修正に関するお知らせ
2026-08-12,30960,オーシャン,令和9年3月期第1四半期決算短信〔日本基準〕（連結）
2026-08-12,30970,物語コーポ,2027年６月期 ７月度 月次売上高前期比（速報値）及び店舗数のお知らせ
2026-08-12,31540,メディアスＨＤ,過年度の決算短信の訂正に関するお知らせ
2026-08-12,31540,メディアスＨＤ,（訂正）「2025年６月期 決算短信〔日本基準〕（連結）」の一部訂正について
2026-08-12,31540,メディアスＨＤ,（訂正）「2024年６月期 決算短信〔日本基準〕（連結）」の一部訂正について
2026-08-12,31540,メディアスＨＤ,（訂正）「2023年６月期 決算短信〔日本基準〕（連結）」の一部訂正について
2026-08-12,31540,メディアスＨＤ,（訂正）「2022年６月期 決算短信〔日本基準〕（連結）」の一部訂正について
2026-08-12,31540,メディアスＨＤ,（訂正）「2021年６月期 決算短信〔日本基準〕（連結）」の一部訂正について
2026-08-12,31540,メディアスＨＤ,2026年６月期決算短信〔日本基準〕(連結)
2026-08-12,31540,メディアスＨＤ,2026年６月期決算説明会資料
2026-08-12,31600,大光,月次売上高及び前年比についてのお知らせ
2026-08-12,31780,チムニー,2027年３月期 第１四半期決算短信[日本基準](連結)
2026-08-12,32410,ウィル,2026年12月期 第2四半期（中間期）決算短信〔日本基準〕（連結）
2026-08-12,32450,ディア・ライフ,収益不動産の取得に関するお知らせ
2026-08-12,33060,日製麻,2027年３月期 第１四半期決算短信 〔日本基準〕 (非連結)
2026-08-12,33060,日製麻,譲渡制限付株式報酬としての新株式の発行の払込完了に関するお知らせ
2026-08-12,331A0,メディックス,2027年3月期第1四半期決算短信〔日本基準〕(連結)
2026-08-12,331A0,メディックス,2027年3月期第1四半期 決算説明資料
2026-08-12,332A0,Ｇ－ミーク,2027年３月期 第１四半期 決算短信〔日本基準〕（連結）
2026-08-12,332A0,Ｇ－ミーク,2027年３月期 第１四半期決算説明資料
2026-08-12,332A0,Ｇ－ミーク,自己株式立会外買付取引（ToSTNeT-3）による自己株式の買付並びに主要株主の異動（見込み）に関するお知らせ
2026-08-12,332A0,Ｇ－ミーク,株式給付信託（J-ESOP）の導入に関するお知らせ
2026-08-12,33580,Ｔｒａｉｌｈｅａｄ,固定資産の譲渡及び特別利益の計上に関するお知らせ
2026-08-12,33590,Ｇ－ｃｏｔｔａ,2026年９月期 第３四半期決算短信〔日本基準〕（連結）
2026-08-12,33590,Ｇ－ｃｏｔｔａ,2026年９月期 第３四半期決算補足説明資料
2026-08-12,33700,フジタコーポ,2027年３月期 第１四半期決算短信〔日本基準〕（連結）
2026-08-12,33700,フジタコーポ,2027年３月期 第１四半期決算補足説明資料
2026-08-12,33720,関門海,2027年３月期 第１四半期決算短信〔日本基準〕（連結）
2026-08-12,33750,ＺＯＡ,組織変更及び人事異動に関するお知らせ
2026-08-12,33920,デリカフーズＨＤ,2027年３月期 第１四半期決算短信〔日本基準〕(連結)
2026-08-12,33920,デリカフーズＨＤ,譲渡制限付株式報酬としての自己株式の処分の払込完了に関するお知らせ
2026-08-12,34160,ピクスタ,2026年12月期 第2四半期決算説明資料
2026-08-12,34160,ピクスタ,2026年12月期 第２四半期（中間期）決算短信〔日本基準〕（連結）
2026-08-12,34170,大木ヘルスケア,自己株式立会外買付取引（ToSTNeT‐3）による自己株式の取得結果及び取得終了に関するお知らせ
2026-08-12,34940,マリオン,2026年９月期 第３四半期決算短信〔日本基準〕（非連結）
2026-08-12,35040,丸八ホールディングス,2027年３月期 第１四半期決算短信〔日本基準〕(連結)
2026-08-12,35210,テルマー湯ＨＤ,2027年３月期 第１四半期決算短信〔日本基準〕（連結）
2026-08-12,35510,ダイニック,2027年３月期第１四半期決算短信〔日本基準〕(連結)
2026-08-12,35560,Ｇ－リネットジャパン,2026年9月期 第3四半期決算短信〔日本基準〕（連結）
2026-08-12,35560,Ｇ－リネットジャパン,2026年9月期 第3四半期決算補足資料
2026-08-12,35710,ソトー,2027年３月期第１四半期決算短信〔日本基準〕(連結)
2026-08-12,36000,フジックス,2027年３月期 第１四半期決算短信[日本基準](連結)
2026-08-12,36460,駅探,2027年３月期 第１四半期決算短信〔日本基準〕（連結）
2026-08-12,36460,駅探,2027年３月期 第１四半期決算補足説明資料
2026-08-12,36520,Ｇ－ＤＭＰ,2027年３月期第１四半期決算補足説明資料
2026-08-12,36520,Ｇ－ＤＭＰ,2027年３月期第１四半期決算短信〔日本基準〕（非連結）
2026-08-12,36710,ソフトＭＡＸ,2026年12月期 第２四半期（中間期）決算短信[日本基準]（非連結）
2026-08-12,36730,ブロドリーフ,2026年12月期 第２四半期（中間期）決算短信〔ＩＦＲＳ〕（連結）
2026-08-12,36730,ブロドリーフ,連結業績予想の修正に関するお知らせ
2026-08-12,36730,ブロドリーフ,剰余金の配当（中間配当）に関するお知らせ
2026-08-12,36730,ブロドリーフ,2026年12月期 第2四半期決算説明会資料
2026-08-12,36730,ブロドリーフ,データブック 2026
2026-08-12,36830,サイバーリンクス,2026年12月期 第２四半期（中間期）決算短信〔日本基準〕(連結)
2026-08-12,37190,ＡＩストーム,令和８年12月期第２四半期決算短信の開示延期及び第63期半期報告書の提出期限の延長申請検討に関するお知らせ
2026-08-12,37230,Ｇ－ファルコム,2026年９月期 第３四半期決算短信〔日本基準〕（非連結）
2026-08-12,37790,Ｊ・エスコムＨＤ,2027年３月期第１四半期決算短信〔日本基準〕（連結）
2026-08-12,37790,Ｊ・エスコムＨＤ,営業外費用（為替差損）の計上に関するお知らせ
2026-08-12,37870,テクノマセマ,2027年３月期 第１四半期決算短信〔日本基準〕（非連結）
2026-08-12,37870,テクノマセマ,過去開示決議事項（福岡証券取引所への重複上場申請）の中止および今後の当社の資本政策に関するお知らせ
2026-08-12,37980,ＵＬＳグループ,2027年３月期 第１四半期決算短信〔日本基準〕（連結）
2026-08-12,38000,ユニリタ,2027年３月期 第１四半期決算短信〔日本基準〕(連結)
2026-08-12,38000,ユニリタ,自己株式の取得及び自己株式立会外買付取引（ToSTNeT‐３）による自己株式の買付けに関するお知らせ
2026-08-12,38100,サイバーステップＨＤ,株式会社３rdの株式取得に係る株式譲渡契約の合意解約に至った経緯に関するお知らせ
2026-08-12,38170,ＳＲＡＨＤ,2027年３月期 第１四半期決算短信〔日本基準〕（連結）
2026-08-12,38170,ＳＲＡＨＤ,2026年７月 月次売上高速報
2026-08-12,38480,データアプリ,2027年３月期 第１四半期決算短信〔日本基準〕（連結）
2026-08-12,38480,データアプリ,2027年３月期第１四半期決算 補足資料
2026-08-12,38560,Ａｂａｌａｎｃｅ,過年度の有価証券報告書等の訂正及び2026年３月期等の決算短信見通し並びに2027年３月期第１四半期決算短信の開示が四半期末後45日を超えることに関するお知らせ
2026-08-12,385A0,Ｐ－山本通産,2026年12月期中間決算短信〔日本基準〕（連結）
2026-08-12,387A0,Ｇ－フラー,2026年６月期決算短信〔日本基準〕(非連結)
2026-08-12,387A0,Ｇ－フラー,2026年6月期通期 決算説明資料
2026-08-12,387A0,Ｇ－フラー,資本金の額の減少に関するお知らせ
2026-08-12,387A0,Ｇ－フラー,取締役及び監査役の異動に関するお知らせ
2026-08-12,387A0,Ｇ－フラー,株主提案に対する当社取締役会の意見に関するお知らせ
2026-08-12,389A0,Ｐ－八光オート,通期業績予想の修正及び役員報酬の減額に関するお知らせ
2026-08-12,389A0,Ｐ－八光オート,2026年12月期中間決算短信〔日本基準〕(非連結)
2026-08-12,389A0,Ｐ－八光オート,剰余金の配当（中間配当無配）及び期末配当予想の修正に関するお知らせ
2026-08-12,39160,ＤＩＴ,2026年６月期 決算短信〔日本基準〕（連結）
2026-08-12,39160,ＤＩＴ,2026年６月期 決算説明資料
2026-08-12,39230,ラクス,株式会社ROBOT PAYMENTとの資本業務提携契約の締結及び第三者割当による自己株式処分の引受けに関するお知らせ
2026-08-12,39320,アカツキ,2027年３月期 第１四半期決算短信〔日本基準〕（連結）
2026-08-12,39320,アカツキ,株式分割、定款の一部変更等に関するお知らせ
2026-08-12,39860,ビーブレイク,2026年6月期 決算短信〔日本基準〕（非連結）
2026-08-12,39860,ビーブレイク,2026年6月期 決算説明資料
2026-08-12,40050,住友化,当社グループに関するレポートについて
2026-08-12,40080,住友精化,（訂正）「「2045年に向けた長期ビジョン」ならびに「新中期経営計画（2026～2030年度）の骨子」の策定」の一部訂正について
2026-08-12,40130,Ｇ－勤次郎,2026年12月期 第２四半期（中間期） 決算短信〔日本基準〕(連結)
2026-08-12,40130,Ｇ－勤次郎,2026年12月期 第２四半期決算説明資料
2026-08-12,40220,ラサ工,2027年３月期 第１四半期決算短信〔日本基準〕(連結)
2026-08-12,40710,プラスアルファ,2026年９月期 第３四半期決算短信〔日本基準〕（連結）
2026-08-12,40710,プラスアルファ,自己株式取得に係る事項の決定に関するお知らせ
2026-08-12,40710,プラスアルファ,株式会社Cradleの株式取得（子会社化）に関するお知らせ
2026-08-12,40710,プラスアルファ,本社（本店）移転に関するお知らせ
2026-08-12,40710,プラスアルファ,2026年９月期 第３四半期決算説明資料
2026-08-12,40710,プラスアルファ,2026年９月期 第３四半期決算について想定されるご質問に対する回答
2026-08-12,40720,電算システムＨＤ,2026年12月期 第2四半期（中間期）決算短信〔日本基準〕（連結）
2026-08-12,40740,Ｇ－ラキール,2026年12月期 第２四半期（中間期）決算短信〔日本基準〕（連結）
2026-08-12,40740,Ｇ－ラキール,2026年12月期 第２四半期決算説明資料
2026-08-12,40740,Ｇ－ラキール,本社移転及び本社移転に伴う特別損失計上に関するお知らせ
2026-08-12,40740,Ｇ－ラキール,2026年12月期 通期連結業績予想の修正に関するお知らせ
2026-08-12,407A0,ＵＮＩＣＯＮ ＨＤ,2026年６月期 決算短信〔ＩＦＲＳ〕（連結）
2026-08-12,407A0,ＵＮＩＣＯＮ ＨＤ,2026年６月期通期決算説明資料
2026-08-12,40880,エア・ウォーター,2027年3月期第1四半期決算短信の開示が四半期末後45日を超えることに関するお知らせ
2026-08-12,40990,四国化成ＨＤ,2026年12月期 第２四半期決算短信［日本基準］（連結）
2026-08-12,40990,四国化成ＨＤ,2026年12月期 第２四半期決算補足説明資料
2026-08-12,40990,四国化成ＨＤ,期末配当予想の修正に関するお知らせ
2026-08-12,41710,グローバルＩ,2026年12月期 第２四半期決算短信〔日本基準〕（連結）
2026-08-12,41720,Ｈｉクラテス,2026年９月期第３四半期決算短信〔日本基準〕(非連結)
2026-08-12,417A0,ブルーゾーンＨＤ,自己株式立会外買付取引（ToSTNet-3）による自己株式の取得結果に関するお知らせ
2026-08-12,41920,Ｇ－スパイダープラス,2026年12月期第２四半期（中間期）決算短信〔日本基準〕(連結)
2026-08-12,41920,Ｇ－スパイダープラス,特別損失計上に関するお知らせ
2026-08-12,41920,Ｇ－スパイダープラス,2026年12月期第２四半期 決算説明資料
2026-08-12,41930,ファブリカＨＤ,2027年３月期 月次売上高推移のお知らせ
2026-08-12,421A0,Ｇ－ムービン,2026年12月期 第２四半期（中間期）決算短信〔日本基準〕(連結)
2026-08-12,421A0,Ｇ－ムービン,2026年12月期通期連結業績予想の修正に関するお知らせ
2026-08-12,421A0,Ｇ－ムービン,2026年12月期 第２四半期決算説明資料
2026-08-12,42220,児玉化,2027年３月期 第１四半期決算〔日本基準〕（連結）
2026-08-12,42400,クラスターＴ,2027年３月期第１四半期決算短信〔日本基準〕(非連結)
2026-08-12,42550,Ｇ－ＴＨＥＣＯＯ,2026年12月期 第２四半期（中間期）決算短信〔日本基準〕（非連結）
2026-08-12,42550,Ｇ－ＴＨＥＣＯＯ,業績予想の修正に関するお知らせ
2026-08-12,42550,Ｇ－ＴＨＥＣＯＯ,2026年12月期第2四半期決算説明会資料
2026-08-12,42580,Ｇ－網屋,（訂正）「自己株式の取得及び自己株式立会外買付取引（ToSTNeT-3）による 自己株式の買付けに関するお知らせ」の一部訂正について
2026-08-12,42580,Ｇ－網屋,2026年12月期 第２四半期（中間期）決算短信〔日本基準〕(連結)
2026-08-12,42580,Ｇ－網屋,配当方針の変更及び配当予想に関するお知らせ
2026-08-12,42580,Ｇ－網屋,自己株式の取得及び自己株式立会外買付取引（ToSTNeT-3）による自己株式の買付けに関するお知らせ
2026-08-12,42580,Ｇ－網屋,2026年12月期 第2四半期決算説明会資料
2026-08-12,42590,Ｇ－エクサウィザーズ,2027年３月期第１四半期決算短信〔日本基準〕(連結)
2026-08-12,42590,Ｇ－エクサウィザーズ,2027年3月期第1四半期 決算説明資料
2026-08-12,43560,応用技術,2026年12月期 第２四半期（中間期）決算短信〔日本基準〕（非連結）
2026-08-12,43560,応用技術,2026年12月期 第２四半期（中間期）決算補足資料
2026-08-12,43740,Ｇ－ロボペイ,株式会社ラクスとの資本業務提携及び第三者割当による自己株式の処分に関するお知らせ
2026-08-12,43740,Ｇ－ロボペイ,2026年12月期第２四半期決算説明資料
2026-08-12,43740,Ｇ－ロボペイ,2026年12月期第２四半期（中間期）決算短信〔日本基準〕（非連結）
2026-08-12,43860,ＳＩＧグループ,2027年３月期 第１四半期決算短信〔日本基準〕（連結）
2026-08-12,43860,ＳＩＧグループ,2027年３月期 第１四半期決算説明資料
2026-08-12,43870,Ｇ－ＺＵＵ,2027年３月期 第１四半期決算〔日本基準〕（連結）
2026-08-12,43870,Ｇ－ＺＵＵ,2027年３月期 第1四半期決算説明資料
2026-08-12,43890,Ｇ－プロパティＤＢＫ,2027年３月期 第１四半期決算短信〔日本基準〕（連結）
2026-08-12,43890,Ｇ－プロパティＤＢＫ,2027年３月期 第１四半期 決算短信補足説明資料
2026-08-12,438A0,Ｇ－インフキュリオン,2027年３月期 第１四半期決算説明資料
2026-08-12,438A0,Ｇ－インフキュリオン,2027年３月期 第１四半期決算短信〔日本基準〕（連結）
2026-08-12,43910,Ｇ－ロジザード,2026年６月期 決算短信〔日本基準〕（非連結）
2026-08-12,43910,Ｇ－ロジザード,2026年６月期 決算説明資料
2026-08-12,43910,Ｇ－ロジザード,事業計画及び成長可能性に関する資料
2026-08-12,43910,Ｇ－ロジザード,剰余金の配当に関するお知らせ
2026-08-12,43960,システムサポートＨＤ,2026年６月期 決算短信〔日本基準〕（連結）
2026-08-12,43960,システムサポートＨＤ,配当方針の変更に関するお知らせ
2026-08-12,43960,システムサポートＨＤ,中期経営計画2029 策定に関するお知らせ
2026-08-12,43980,ＢＢＳｅｃ,2026年６月期 決算短信〔日本基準〕（非連結）
2026-08-12,43980,ＢＢＳｅｃ,2026年６月期決算説明資料
2026-08-12,43980,ＢＢＳｅｃ,2027年６月期の業績予想について
2026-08-12,43980,ＢＢＳｅｃ,2027年６月期配当予想（増配）に関するお知らせ
2026-08-12,44150,Ｇ－ブロードエンター,2026年12月期 第２四半期（中間期）決算短信〔日本基準〕（連結）
2026-08-12,44150,Ｇ－ブロードエンター,連結決算開始に伴う連結業績予想及び個別業績予想の修正に関するお知らせ
2026-08-12,44150,Ｇ－ブロードエンター,債権の流動化に関するお知らせ
2026-08-12,44150,Ｇ－ブロードエンター,2026年12月期 第２四半期決算説明資料
2026-08-12,44160,Ｇ－ＴｒｕｅＤａｔａ,2027年３月期 第１四半期決算短信〔日本基準〕（非連結）
2026-08-12,44160,Ｇ－ＴｒｕｅＤａｔａ,2027年３月期 第１四半期決算説明資料
2026-08-12,44170,Ｇ－グローバルセキュ,（開示事項の経過）株式会社網屋との資本業務提携に関するお知らせ
2026-08-12,44190,Ｇ－Ｆｉｎａｔｅｘｔ,2027年３月期 第１四半期決算短信〔日本基準〕（連結）
2026-08-12,44190,Ｇ－Ｆｉｎａｔｅｘｔ,2026年度 第１四半期 決算説明資料
2026-08-12,44190,Ｇ－Ｆｉｎａｔｅｘｔ,法人税等調整額（益）の計上に関するお知らせ
2026-08-12,44880,Ｇ－ＡＩｉｎｓｉｄｅ,2027年3月期 第１四半期決算説明資料
2026-08-12,44880,Ｇ－ＡＩｉｎｓｉｄｅ,2027年３月期第１四半期決算短信〔日本基準〕(非連結)
2026-08-12,44950,Ｇ－アイキューブド,2026年６月期 決算短信〔日本基準〕(連結)
2026-08-12,44950,Ｇ－アイキューブド,2026年６月期 通期決算説明資料
2026-08-12,44950,Ｇ－アイキューブド,剰余金の配当（期末配当）に関するお知らせ
2026-08-12,45060,住友ファーマ,"当社に関するレポートについて「Part II - CiRA, Dr. Yamanaka, and the undisclosed history of image duplication concerns」に対する当社の見解"
2026-08-12,45440,ＨＵグループＨＤ,2027年3月期 第1四半期決算短信〔日本基準〕（連結）
2026-08-12,455A0,Ｐ－バリューソフト,2026年12月期 中間決算短信〔日本基準〕（連結）
2026-08-12,45750,Ｇ－ＣＡＮＢＡＳ,事業計画及び成長可能性に関するご説明資料
2026-08-12,45750,Ｇ－ＣＡＮＢＡＳ,2026年6月期 決算短信〔日本基準〕（非連結）
2026-08-12,45750,Ｇ－ＣＡＮＢＡＳ,営業外損益の計上に関するお知らせ
2026-08-12,45870,ペプチドリーム,2026年12月期 第２四半期（中間期）決算短信〔ＩＦＲＳ〕（連結）
2026-08-12,45870,ペプチドリーム,Novartis社による第1相臨床試験開始によるマイルストーンフィー受領のお知らせ
2026-08-12,45880,Ｇ－オンコリスバイオ,腫瘍溶解ウイルス テロメライシン注の薬価基準収載並びに保険適用に関するお知らせ
2026-08-12,45930,Ｇ－ヘリオス,2026年12月期 第２四半期（中間期）決算短信〔ＩＦＲＳ〕（連結）
2026-08-12,45930,Ｇ－ヘリオス,金融収益及び金融費用の計上に関するお知らせ
2026-08-12,45930,Ｇ－ヘリオス,2026年12月期 第２四半期決算説明資料
2026-08-12,45950,ミズホメディー,2026年12月期 第２四半期決算短信〔日本基準〕(非連結)
2026-08-12,45950,ミズホメディー,剰余金の配当（中間配当）に関するお知らせ
2026-08-12,45950,ミズホメディー,2026年12月期 第２四半期（中間期）決算補足説明資料
2026-08-12,46810,リゾートトラ,2027年３月期第１四半期決算短信〔日本基準〕(連結)
2026-08-12,46810,リゾートトラ,2027年3月期 第1四半期決算説明資料
2026-08-12,47200,城南進研,2027年３月期第１四半期決算短信〔日本基準〕（連結）
2026-08-12,47430,アイティフォー,2027年3月期 第1四半期決算短信〔日本基準〕(連結)
2026-08-12,47520,昭和システム,2027年３月期 第１四半期決算短信〔日本基準〕（非連結）
2026-08-12,478A0,Ｇ－フツパー,2026年12月期 第２四半期（中間期）決算短信〔日本基準〕（非連結）
2026-08-12,478A0,Ｇ－フツパー,2026年12月期 第２四半期 決算説明資料
2026-08-12,48270,Ｑ－ＢワンＨＤ,2027年3月期 第1四半期決算短信〔日本基準〕（連結）
2026-08-12,48390,ＷＯＷＯＷ,（開示事項の経過）当社完全子会社と株式会社NTTドコモとの吸収分割契約の締結に関するお知らせ
2026-08-12,48400,トライアイズ,2026年12月期第2四半期（中間期）決算短信〔日本基準〕（連結）
2026-08-12,48400,トライアイズ,2026年12月期第2四半期連結業績予想と実績値との差異に関するお知らせ
2026-08-12,48400,トライアイズ,配当予想額の修正に関するお知らせ
2026-08-12,48400,トライアイズ,2026年12月期 第2四半期決算補足説明資料
2026-08-12,48800,セルソース,2026年10月期7月度月次KPI速報
2026-08-12,48860,あすか製薬ＨＤ,譲渡制限付株式報酬としての自己株式の処分の払込完了に関するお知らせ
2026-08-12,48880,Ｇ－ステラファーマ,中国本土市場への展開に向けたCBSH社およびPengbo社との開発および販売提携に関する契約締結のお知らせ
2026-08-12,48900,Ｇ－坪田ラボ,2027年３月期 第１四半期決算短信〔日本基準〕（非連結）
2026-08-12,48900,Ｇ－坪田ラボ,営業外収益（助成金収入）の計上に関するお知らせ
2026-08-12,50290,Ｇ－サークレイス,2027年３月期 第１四半期決算短信〔日本基準〕(連結)
2026-08-12,50290,Ｇ－サークレイス,2027年3月期 第1四半期決算説明資料
2026-08-12,50290,Ｇ－サークレイス,資金の借入に関するお知らせ
2026-08-12,51260,Ｇ－ポーターズ,2026年12月期 第２四半期（中間期）決算短信〔日本基準〕（連結）
2026-08-12,51260,Ｇ－ポーターズ,2026年12月期 第２四半期 決算説明補足資料
2026-08-12,518A0,ＮＦ日株高配ＣＦ５０,ETFの収益分配金見込額のお知らせ
2026-08-12,520A0,Ｇ－ジェイファーマ,2027年3月期 第1四半期決算短信〔日本基準〕（非連結）
2026-08-12,520A0,Ｇ－ジェイファーマ,取締役及び執行役員に対する譲渡制限付株式報酬としての新株式発行の払込完了に関するお知らせ並びに新株予約権の行使価額調整に関するお知らせ
2026-08-12,52530,Ｇ－カバー,2027年3月期 第1四半期決算短信〔日本基準〕(非連結)
2026-08-12,52530,Ｇ－カバー,2027年3月期 第1四半期決算説明資料
2026-08-12,52560,Ｇ－Ｆｕｓｉｃ,2026年６月期決算短信〔日本基準〕(非連結)
2026-08-12,52560,Ｇ－Ｆｕｓｉｃ,2026年６月期通期決算補足説明資料（事業計画及び成長可能性に関する事項）
2026-08-12,52880,アジアパイルＨＤ,2027年3月期 第1四半期決算短信〔日本基準〕（連結）
2026-08-12,530A0,ＮＺＡＭ Ｊリート２,ETFの収益分配金見込額のお知らせ
2026-08-12,53370,ダントーＨＤ,特別損失の発生、2026年12月期第２四半期（中間期）連結業績予想値と実績値との差異及び通期業績予想の修正に関するお知らせ
2026-08-12,53370,ダントーＨＤ,2026年12月期第２四半期（中間期）決算短信〔日本基準〕(連結)
2026-08-12,53630,ＴＹＫ,2027年3月期第1四半期決算短信〔日本基準〕（連結）
2026-08-12,543A0,ＡＲＣＨＩＯＮ,負ののれん発生益の計上及び2027年３月期通期業績予想の修正に関するお知らせ
2026-08-12,543A0,ＡＲＣＨＩＯＮ,2027年3月期第1四半期決算短信〔ＩＦＲＳ〕（連結）
2026-08-12,545A0,トランヴィア,2027年３月期 第１四半期決算短信〔日本基準〕（連結）
2026-08-12,547A0,ムニノバＨＤ,2027年３月期 第１四半期決算短信〔日本基準〕(連結)
2026-08-12,548A0,システムエグゼ,2027年３月期 第１四半期決算短信〔日本基準〕（連結）
2026-08-12,55300,日本システムバンク,2026年６月期決算短信〔日本基準〕(連結)
2026-08-12,55300,日本システムバンク,2026年６月期 通期連結業績予想と実績との差異及び期末配当予想の修正に関するお知らせ
2026-08-12,55990,Ｇ－Ｓ＆Ｊ,2027年３月期 第１四半期決算短信〔日本基準〕（非連結）
2026-08-12,55990,Ｇ－Ｓ＆Ｊ,2027年３月期 第１四半期決算説明資料
2026-08-12,57150,古河機金,当社連結子会社による固定資産の譲渡完了および特別利益の計上に関するお知らせ
2026-08-12,58300,いよぎんＨＤ,2027年3月期 第1四半期末の自己資本比率について
2026-08-12,58420,Ｇ－インテグラル,2026年12月期 第２四半期（中間期）決算短信〔ＩＦＲＳ〕（連結）
2026-08-12,58420,Ｇ－インテグラル,2026年12月期 第2四半期決算説明資料
2026-08-12,58580,Ｇ－ＳＴＧ,2027年３月期 第１四半期 決算説明資料
2026-08-12,58580,Ｇ－ＳＴＧ,2027年３月期第１四半期決算短信〔日本基準〕(連結)
2026-08-12,585A4,Ｅ－ＪＡＭＰＦＭ,上場ETF（管理会社：JAMPファンド・マネジメント）に関する日々の開示事項
2026-08-12,58700,Ｇ－ナルネット,2027年３月期第１四半期決算短信〔日本基準〕(非連結)
2026-08-12,58700,Ｇ－ナルネット,2027年３月期第１四半期 決算説明資料
2026-08-12,587A4,Ｅ－インベスコＱＱＱ,インベスコQQQトラスト シリーズ1 に関する日々の開示事項
2026-08-12,58840,Ｇ－クラダシ,（開示事項の経過）株式会社グリーンエナジー＆カンパニーとの合弁事業にかかる進捗状況に関するお知らせ
2026-08-12,58860,Ｐ－ＯＯＫＡＢＥ,2026年12月期 中間決算短信〔日本基準〕（連結）
2026-08-12,58910,ＳＡＫＩＧＡＫＥ,2026年12月期第2四半期（中間期）決算短信［日本基準］（連結）
2026-08-12,59230,高田機工,2027年3月期第1四半期決算短信〔日本基準〕（非連結）
2026-08-12,59390,大谷工業,2027年３月期 第１四半期決算短信〔日本基準〕（非連結）
2026-08-12,60270,弁護士ドットコム,2027年３月期 第１四半期決算短信〔日本基準〕(連結)
2026-08-12,60270,弁護士ドットコム,2027年３月期 第１四半期 決算説明資料
2026-08-12,60590,ウチヤマＨＤ,2027年３月期第１四半期決算短信〔日本基準〕（連結）
2026-08-12,60590,ウチヤマＨＤ,2027年３月期第１四半期決算説明資料
2026-08-12,60590,ウチヤマＨＤ,繰延税金資産の計上に関するお知らせ
2026-08-12,60740,ＪＳＳ,2027年3月期 第1四半期決算短信〔日本基準〕（連結）
2026-08-12,607A0,Ｇ－エブリー,繰延税金資産の計上及び業績予想と実績値との差異に関するお知らせ
2026-08-12,607A0,Ｇ－エブリー,2026年6月期 決算説明資料
2026-08-12,607A0,Ｇ－エブリー,2026年６月期 決算短信〔日本基準〕(非連結)
2026-08-12,60890,ウィルグループ,2027年３月期 第１四半期決算説明会資料
2026-08-12,61410,ＤＭＧ森精機,海外募集による新株式の発行条件等の決定に関するお知らせ
2026-08-12,61410,ＤＭＧ森精機,海外募集による新株式の発行に関するお知らせ
2026-08-12,61680,Ｐ－ＯＮＥＧＲＯＵＰ,2026年６月期 決算短信〔日本基準〕（連結）
2026-08-12,61680,Ｐ－ＯＮＥＧＲＯＵＰ,剰余金の配当（期末配当）及び配当方針の変更に関するお知らせ
2026-08-12,61810,Ｇ－タメニー,2027年3月期 第1四半期決算説明資料
2026-08-12,61810,Ｇ－タメニー,2027年3月期 第1四半期決算短信〔日本基準〕（非連結）
2026-08-12,61940,アトラエ,2026年9月期 第3四半期決算説明資料
2026-08-12,61940,アトラエ,自己株式取得に係る事項の決定及び自己株式の消却に関するお知らせ
2026-08-12,61940,アトラエ,子会社の設立に関するお知らせ
2026-08-12,61940,アトラエ,2026年9月期 第3四半期決算短信〔日本基準〕（非連結）
2026-08-12,61950,Ｇ－ホープ,2027年３月期 第１四半期決算補足説明資料
2026-08-12,61950,Ｇ－ホープ,2027年３月期 第１四半期決算短信〔日本基準〕（連結）
2026-08-12,62650,コンバム,2026年12月期 第２四半期（中間期）決算短信〔日本基準〕(連結)
2026-08-12,62650,コンバム,第２四半期（中間期）連結業績予想数値と実績数値との差異および通期連結業績予想の修正並びに配当予想の修正（増配）に関するお知らせ
2026-08-12,62870,サトー,2027年3月期 第1四半期決算短信〔日本基準〕（連結）
2026-08-12,62870,サトー,2027年3月期 第1四半期 決算説明資料
2026-08-12,62870,サトー,自己株式の取得に係る事項の決定および自己株式の消却に関するお知らせ
2026-08-12,62910,エアーテック,2026年12月期 第２四半期（中間期）決算短信〔日本基準〕（非連結）
2026-08-12,62910,エアーテック,中期経営計画策定に関するお知らせ
2026-08-12,62910,エアーテック,資本コストや株価を意識した経営の実現に向けた取組み(アップデート）
2026-08-12,62910,エアーテック,執行役員制度の導入及び執行役員人事に関するお知らせ
2026-08-12,62980,ワイエイシイＨＤ,譲渡制限付株式報酬としての自己株式処分の払込完了に関するお知らせ
2026-08-12,63350,東京機,2027年３月期第１四半期決算短信〔日本基準〕(連結)
2026-08-12,63800,オリチエン工業,2027年３月期 第１四半期決算短信〔日本基準〕（連結）
2026-08-12,65400,船場,2026年12月期 第２四半期（中間期）決算短信 〔日本基準〕 （連結）
2026-08-12,65400,船場,2026年12月期 第2四半期決算説明資料
2026-08-12,65540,Ｇ－エスユーエス,2026年９月期 第３四半期決算短信〔日本基準〕（連結）
2026-08-12,66160,トレックスセミ,2027年３月期 第１四半期決算短信〔日本基準〕（連結）
2026-08-12,66160,トレックスセミ,通期業績予想の修正に関するお知らせ
2026-08-12,66160,トレックスセミ,2027年3月期_第1四半期決算説明資料
2026-08-12,66660,リバーエレテク,2027年3月期 第1四半期決算短信〔日本基準〕（連結）
2026-08-12,67480,星和電機,2026年12月期 第２四半期（中間期）決算短信〔日本基準〕（連結）
2026-08-12,67480,星和電機,第２四半期(中間期)の連結業績予想値と実績値との差異に関するお知らせ
2026-08-12,67480,星和電機,2026年12月期 第２四半期(中間期) 決算補足資料
2026-08-12,67860,ＲＶＨ,2027年３月期第１四半期決算短信〔日本基準〕（連結）
2026-08-12,67860,ＲＶＨ,貸倒引当金繰入額の計上に関するお知らせ
2026-08-12,68190,伊豆シャボテンＲ,アニタッチＯＳＡＫＡなんばオープンに関するお知らせ
2026-08-12,68460,中央製,2027年３月期第１四半期決算短信[日本基準](非連結)
2026-08-12,68710,日マイクロニクス,2026年12月期 第２四半期（中間期）決算短信〔日本基準〕（連結）
2026-08-12,68710,日マイクロニクス,2026年12月期 第2四半期決算補足資料（2026年4-6月）
2026-08-12,68710,日マイクロニクス,業績予想及び配当予想の修正に関するお知らせ
2026-08-12,69050,コーセル,業績連動型譲渡制限付株式報酬としての自己株式の処分に関するお知らせ
2026-08-12,69140,オプテックスグループ,2026年12月期 第2四半期 決算説明資料
2026-08-12,69140,オプテックスグループ,2026年12月期 第２四半期（中間期）決算短信[日本基準]（連結）
2026-08-12,69690,松尾電機,2027年３月期 第１四半期決算短信〔日本基準〕(非連結)
2026-08-12,70370,テノ．,2026年12月期 第２四半期（中間期）決算短信〔日本基準〕（連結）
2026-08-12,70370,テノ．,2026年12月期 第2四半期 決算補足説明資料
2026-08-12,70470,Ｇ－ポート,2027年３月期第１四半期 決算説明資料
2026-08-12,70470,Ｇ－ポート,2027年３月期第１四半期決算短信〔ＩＦＲＳ〕（連結）
2026-08-12,70590,コプロＨＤ,2027年３月期第１四半期決算短信〔日本基準〕(連結)
2026-08-12,70590,コプロＨＤ,2027年３月期第１四半期決算説明資料
2026-08-12,70590,コプロＨＤ,2027年３月期第１四半期決算ファクトブック
2026-08-12,70590,コプロＨＤ,2027年３月期第２四半期（中間期）及び通期業績予想の修正に関するお知らせ
2026-08-12,70870,ウイルテック,2027年３月期 第１四半期決算短信〔日本基準〕（連結）
2026-08-12,70870,ウイルテック,2027年3月期 第1四半期決算説明資料
2026-08-12,70890,Ｇ－フォースタ,主要株主の異動に関するお知らせ
2026-08-12,70960,Ｇ－ステムセル研究所,ストック・オプション（新株予約権）の発行に関するお知らせ
2026-08-12,71190,Ｇ－ハルメクＨＤ,2027年３月期 第１四半期決算短信〔ＩＦＲＳ〕（連結）
2026-08-12,71190,Ｇ－ハルメクＨＤ,2027年３月期 第１四半期決算説明資料
2026-08-12,71190,Ｇ－ハルメクＨＤ,2027年３月期 第１四半期決算説明資料 補足データ
2026-08-12,71190,Ｇ－ハルメクＨＤ,株主優待制度の拡充に関するお知らせ
2026-08-12,71330,Ｇ－ヒュウガプライマ,2027年３月期 第１四半期決算説明資料
2026-08-12,71330,Ｇ－ヒュウガプライマ,2027年３月期 第１四半期決算短信〔日本基準〕(連結)
2026-08-12,71570,ライフネット生命,2027年3月期第1四半期決算短信〔IFRS〕（連結）
2026-08-12,71570,ライフネット生命,2026年度第1四半期決算補足資料（2026年度第1四半期報告）
2026-08-12,71570,ライフネット生命,2026年7月の業績速報
2026-08-12,71570,ライフネット生命,2026年度第1四半期決算説明資料
2026-08-12,71830,あんしん保証,2027年３月期第１四半期決算短信〔日本基準〕(非連結)
2026-08-12,73430,Ｇ－ブロードマインド,2027年３月期第１四半期決算短信〔日本基準〕（連結）
2026-08-12,73430,Ｇ－ブロードマインド,2027年３月期第１四半期決算説明資料
2026-08-12,73430,Ｇ－ブロードマインド,監査役の辞任に関するお知らせ
2026-08-12,73430,Ｇ－ブロードマインド,2027年３月期第１四半期決算説明資料 質疑応答集
2026-08-12,73590,Ｇ－東京通信Ｇ,2026年12月期 第２四半期（中間期）決算短信〔日本基準〕(連結)
2026-08-12,73590,Ｇ－東京通信Ｇ,2026年12月期 第２四半期（中間期）決算説明資料
2026-08-12,73590,Ｇ－東京通信Ｇ,「継続企業の前提に関する重要事象等」の記載解消に関するお知らせ
2026-08-12,73720,Ｇ－デコルテＨＤ,2026年９月期第３四半期決算短信〔IFRS〕（連結）
2026-08-12,73720,Ｇ－デコルテＨＤ,2026年9月期第3四半期決算説明資料
2026-08-12,73740,Ｇ－コンフィデンスＩ,2027年３月期 第１四半期決算短信〔日本基準〕（連結）
2026-08-12,73740,Ｇ－コンフィデンスＩ,2027年３月期 第１四半期決算説明資料
2026-08-12,73740,Ｇ－コンフィデンスＩ,報告セグメントの一部変更に関するお知らせ
2026-08-12,73760,Ｇ－ＢＣＣ,2026年９月期 第３四半期決算短信〔日本基準〕(連結)
2026-08-12,73760,Ｇ－ＢＣＣ,2026年９月期 第３四半期 決算説明資料
2026-08-12,74120,アトム,2027年３月期 第１四半期決算短信〔日本基準〕（非連結）(公認会計士等による期中レビューの完了)
2026-08-12,74120,アトム,譲渡制限付株式報酬としての自己株式処分の払込完了に関するお知らせ
2026-08-12,74210,カッパ・クリエイト,譲渡制限付株式報酬としての自己株式処分の払込完了に関するお知らせ
2026-08-12,74210,カッパ・クリエイト,2027年３月期 第１四半期決算短信〔日本基準〕（連結）（公認会計士等による期中レビューの完了）
2026-08-12,74330,伯東,2027年３月期 第１四半期決算短信〔日本基準〕（連結）
2026-08-12,74330,伯東,2027年3月期 第1四半期決算補足説明資料
2026-08-12,74330,伯東,令和８年熊本地震の影響に関するお知らせ
2026-08-12,75380,大水,譲渡制限付株式報酬としての自己株式の処分の払込完了に関するお知らせ
2026-08-12,75930,ＶＴＨＤ,自己株式立会外買付取引（ＴｏＳＴＮｅＴ－３）による自己株式の取得結果及び取得終了に関するお知らせ
2026-08-12,76020,レダックス,2027年３月期 第１四半期決算短信〔日本基準〕（連結）
2026-08-12,76040,梅の花グループ,社外取締役を除く取締役を対象とする譲渡制限付株式報酬としての自己株式の処分に関するお知らせ
2026-08-12,76160,コロワイド,2027年３月期 第１四半期決算短信〔ＩＦＲＳ〕（連結）
2026-08-12,76160,コロワイド,譲渡制限付株式報酬としての自己株式処分の払込完了に関するお知らせ
2026-08-12,76430,ダイイチ,2026年９月期第３四半期決算短信［日本基準］（非連結）
2026-08-12,77150,長野計器,2027年３月期 第１四半期決算短信〔日本基準〕（連結）
2026-08-12,77430,シード,2027年3月期 第1四半期決算短信〔日本基準〕（連結）
2026-08-12,78190,粧美堂,2026年9月期第3四半期決算短信〔日本基準〕(連結)
2026-08-12,78330,アイフィスジャパン,2026年12月期 第2四半期（中間期）決算短信〔日本基準〕（連結）
2026-08-12,78370,アールシーコア,2027年３月期 第１四半期決算短信〔日本基準〕（連結）
2026-08-12,79110,ＴＯＰＰＡＮ ＨＤ,2027年３月期 第１四半期決算短信〔日本基準〕（連結）
2026-08-12,79180,ヴィアＨＤ,2027年３月期 第１四半期決算短信〔日本基準〕（連結）
2026-08-12,79180,ヴィアＨＤ,特別損失の発生に関するお知らせ
2026-08-12,79180,ヴィアＨＤ,2027年３月期連結業績予想の上方修正に関するお知らせ
2026-08-12,79180,ヴィアＨＤ,2027年３月期 第１四半期決算説明資料
2026-08-12,80230,ＤＡＩＫＯＸＴ,自己株式立会外買付取引（ToSTNeT-3）による自己株式の取得結果及び取得終了に関するお知らせ
2026-08-12,81600,木曽路,2027年3月期 第1四半期決算短信〔日本基準〕（連結）
2026-08-12,82250,タカチホ,2027年3月期 第1四半期決算短信〔日本基準〕（連結）
2026-08-12,82280,マルイチ産商,2027年3月期 第1四半期決算短信〔日本基準〕（連結）
2026-08-12,82280,マルイチ産商,（変更）「従業員に対する譲渡制限付株式としての自己株式処分に関するお知らせ」の一部変更について
2026-08-12,82300,はせがわ,2027年３月期 第１四半期決算短信〔日本基準〕（連結）
2026-08-12,82530,クレセゾン,2027年３月期 第１四半期決算短信〔ＩＦＲＳ〕（連結）
2026-08-12,83360,武蔵野銀,2027年3月期 第1四半期末の自己資本比率について
2026-08-12,83540,ふくおか,2027年3月期 第1四半期末の自己資本比率について
2026-08-12,83670,南都銀,2027年３月期 第１四半期末の自己資本比率について
2026-08-12,83870,四国銀,譲渡制限付株式報酬としての自己株式の処分の払込完了に関するお知らせ
2026-08-12,85180,アジア投資,主要株主の異動についてのお知らせ
2026-08-12,87660,東京海上,2027年3月期 第1四半期決算短信〔ＩＦＲＳ〕（連結）
2026-08-12,87660,東京海上,2027年3月期 第1四半期決算参考資料
2026-08-12,87830,ａｂｃ,一時会計監査人の選任に関するお知らせ
2026-08-12,87830,ａｂｃ,代表取締役及び取締役の退任並びに経営体制の見直しに関するお知らせ
2026-08-12,87830,ａｂｃ,（開示事項の経過）暗号資産ディーリング事業の撤退に伴う保有暗号資産の売却について
2026-08-12,87890,フィンテック,2026年９月期第３四半期決算短信〔日本基準〕(連結)
2026-08-12,87890,フィンテック,自己株式取得に係る事項の決定に関するお知らせ
2026-08-12,87950,Ｔ＆ＤＨＤ,自己株式の取得状況に関するお知らせ（会社法第459条第１項の規定による定款の定めに基づく自己株式の取得）
2026-08-12,89280,穴吹興産,2026年６月期 期末配当予想の修正（増配）に関するお知らせ
2026-08-12,89280,穴吹興産,2026年６月期 決算短信〔日本基準〕（連結）
2026-08-12,90170,新潟交通,2027年３月期 第１四半期決算短信〔日本基準〕（連結）
2026-08-12,90250,鴻池運輸,2027年３月期 第１四半期決算短信〔日本基準〕（連結）
2026-08-12,90330,広電鉄,2027年３月期第１四半期決算短信〔日本基準〕(連結)
2026-08-12,90350,第一交通,2027年3月期 第1四半期決算短信〔日本基準〕（連結）
2026-08-12,90360,東部ネット,2027年３月期第１四半期決算短信〔日本基準〕(連結)
2026-08-12,90690,センコーグループＨＤ,2027年３月期 第１四半期決算短信〔日本基準〕（連結）
2026-08-12,90820,大和自交,2027年3月期第1四半期決算短信〔日本基準〕（連結）
2026-08-12,91460,Ｐ－五健堂ＨＤ,剰余金の配当（中間配当）に関するお知らせ
2026-08-12,91460,Ｐ－五健堂ＨＤ,2026年12月期 中間決算短信〔日本基準〕(連結)
2026-08-12,91930,東汽船,2027年３月期 第１四半期決算短信〔日本基準〕（連結）
2026-08-12,92140,Ｇ－リカバリー,2026年12月期 第２四半期（中間期）決算短信〔日本基準〕（連結）
2026-08-12,92140,Ｇ－リカバリー,2026年12月期 第２四半期 決算説明資料
2026-08-12,92210,フルハシＥＰＯ,2027年３月期第１四半期決算短信［日本基準］(連結)
2026-08-12,92210,フルハシＥＰＯ,株式の立会外分売に関するお知らせ
2026-08-12,92270,Ｇ－マイクロ波化学,2026年６月期 決算短信〔日本基準〕(非連結)
2026-08-12,92270,Ｇ－マイクロ波化学,2026年６月期 通期決算説明資料
2026-08-12,92270,Ｇ－マイクロ波化学,商号の変更及び定款の一部変更に関するお知らせ
2026-08-12,92290,サンウェルズ,2027年3月期 第１四半期決算短信〔日本基準〕（非連結）
2026-08-12,92290,サンウェルズ,2027年３月期 第１四半期 決算説明資料
2026-08-12,92470,ＴＲＥＨＤ,2027年3月期 第1四半期決算短信〔日本基準〕（連結）
2026-08-12,92470,ＴＲＥＨＤ,2027年3月期 第1四半期決算 補足説明資料
2026-08-12,92470,ＴＲＥＨＤ,業績予想の修正に関するお知らせ
2026-08-12,93470,日本管財ＨＤ,2027年3月期第1四半期決算短信〔日本基準〕（連結）（公認会計士等による期中レビューの完了）
2026-08-12,93800,東海運,自己株式の取得及び自己株式立会外買付取引（ToSTNeT-3）による自己株式の買付けに関するお知らせ
2026-08-12,93800,東海運,2027年3月期第１四半期決算短信〔日本基準〕（連結）
2026-08-12,94350,光通信,上場廃止となった子会社（株式会社エフティグループ）に関する決算開示について
2026-08-12,94660,アイドマＭＣ,2027年３月期 第１四半期決算短信[日本基準]（連結）
2026-08-12,94660,アイドマＭＣ,当社子会社の取締役に対する譲渡制限付株式報酬の交付に関するお知らせ
2026-08-12,94660,アイドマＭＣ,譲渡制限付株式報酬としての新株式発行に関するお知らせ
2026-08-12,95140,ＥＦ－ＯＮ,営業外収益（電力先物差益及びデリバティブ評価益）の計上に関するお知らせ
2026-08-12,95140,ＥＦ－ＯＮ,2026年６月期通期連結業績の予想値と実績の差異等に関するお知らせ
2026-08-12,95140,ＥＦ－ＯＮ,2026年６月期 決算短信〔日本基準〕（連結）
2026-08-12,95140,ＥＦ－ＯＮ,株主提案に対する当社取締役会の意見に関するお知らせ
2026-08-12,95640,ＦＣＥ,会社案内および2026年9月期第3四半期決算説明(要約版)
2026-08-12,96330,テアトル,株主優待制度の変更（拡充）に関するお知らせ
2026-08-12,96330,テアトル,2027年３月期 第１四半期決算短信〔日本基準〕（連結）
2026-08-12,97550,応用地質,2026年12月期第２四半期（中間期）決算短信〔日本基準〕(連結)
2026-08-12,97800,ハリマビステム,個人投資家向け説明会資料
2026-08-12,97800,ハリマビステム,2027年3月期 第1四半期決算短信〔日本基準〕（連結）
2026-08-12,97800,ハリマビステム,譲渡制限付株式報酬としての自己株式の処分の払込完了に関するお知らせ
2026-08-12,98500,グルメ杵屋,2027年３月期 第１四半期決算短信〔日本基準〕（連結）
2026-08-12,98500,グルメ杵屋,自己株式取得に係る事項の決定に関するお知らせ（会社法第165 条第2 項の規定による定款の定めに基づく自己株式の取得）
2026-08-12,98560,ケーユーＨＤ,2027年３月期 第１四半期決算短信〔日本基準〕（連結）
2026-08-12,99000,サガミＨＤ,2027年３月期第１四半期決算短信〔日本基準〕(連結)
2026-08-12,99410,太洋物産,2026年９月期 第３四半期決算短信〔日本基準〕（非連結）
2026-08-12,99560,バローＨＤ,(訂正)「2027年３月期第１四半期決算短信〔日本基準〕（連結）」の一部訂正について
2026-08-12,99960,サトー商会,2027年３月期 第１四半期決算短信〔日本基準〕（連結）
2026-08-13,13264,Ｅ－ワールド,SPDRゴールド・シェアに関する日々の開示事項
2026-08-13,13294,Ｅ－ブラックロック,上場ETF（管理会社：ブラックロック・ジャパン）に関する日々の開示事項
2026-08-13,13494,Ｅ－ＳＳＧＡ－ＳＩＮ,アジア国債・公債ＥＴＦ（正式名称：ＡＢＦ汎アジア債券インデックス・ファンド）に関する日々の開示事項
2026-08-13,13840,ホクリヨウ,2027年３月期 第１四半期決算短信〔日本基準〕（非連結）
2026-08-13,141A0,Ｇ－トライアル,通期連結業績予想と実績値との差異及び剰余金の配当(増配)に関するお知らせ
2026-08-13,141A0,Ｇ－トライアル,2026年6月期 決算短信〔日本基準〕（連結）
2026-08-13,141A0,Ｇ－トライアル,2026年6月期 決算説明資料
2026-08-13,14310,Ｇ－リブワーク,業績予想値と実績値との差異に関するお知らせ
2026-08-13,14310,Ｇ－リブワーク,2026年６月期決算短信〔日本基準〕(連結)
2026-08-13,14310,Ｇ－リブワーク,2026年６月期 通期決算説明資料
2026-08-13,14470,Ｇ－ＳＡＡＦＨＤ,2027年３月期第１四半期 決算説明会資料
2026-08-13,14470,Ｇ－ＳＡＡＦＨＤ,特別損失（投資有価証券評価損および特別調査費用）の計上に関するお知らせ
2026-08-13,14470,Ｇ－ＳＡＡＦＨＤ,2027年３月期 第１四半期決算短信〔日本基準〕（連結）
2026-08-13,14790,ｉＦＭＳＣＩ人材設備,「iFreeETF MSCI日本株人材設備投資指数」基準価額と市場価格の重要な乖離に関するお知らせ
2026-08-13,148A0,Ｇ－ハッチ・ワーク,2026年12月期第２四半期（中間期）決算短信〔日本基準〕(非連結)
2026-08-13,148A0,Ｇ－ハッチ・ワーク,2026年12月期 第２四半期決算説明資料
2026-08-13,149A0,Ｇ－シンカ,2026年12月期 第2四半期決算説明資料
2026-08-13,149A0,Ｇ－シンカ,2026年12月期 第２四半期（中間期）決算短信〔日本基準〕（非連結）
2026-08-13,150A0,Ｇ－ＪＳＨ,2027年３月期第１四半期決算短信〔日本基準〕(連結)
2026-08-13,150A0,Ｇ－ＪＳＨ,2027年３月期第１四半期決算説明資料
2026-08-13,150A0,Ｇ－ＪＳＨ,スマホ向け2027年３月期第１四半期決算説明資料抜粋
2026-08-13,150A0,Ｇ－ＪＳＨ,自己株式取得に係る事項の決定に関するお知らせ
2026-08-13,150A0,Ｇ－ＪＳＨ,2027年３月期の配当予想（初配）に関するお知らせ
2026-08-13,151A0,Ｇ－ダイブグループ,2026年６月期 決算短信〔日本基準〕（非連結）
2026-08-13,151A0,Ｇ－ダイブグループ,2026年６月期 通期決算説明資料（事業計画及び成長可能性に関する事項）
2026-08-13,151A0,Ｇ－ダイブグループ,「2026年６月期 通期決算説明資料」に関する動画書き起こし
2026-08-13,151A0,Ｇ－ダイブグループ,2026年６月期 通期決算において高い関心が予想される事項
2026-08-13,15574,Ｅ－ＳＳＧＡＴＣ,State Street SPDR S&P500 ETFに関する日々の開示事項
2026-08-13,155A0,Ｇ－情報戦略,2026年12月期 第２四半期決算短信〔日本基準〕（連結）
2026-08-13,155A0,Ｇ－情報戦略,株式の取得（子会社化）に関するお知らせ
2026-08-13,155A0,Ｇ－情報戦略,2026年12月期 第２四半期決算説明資料
2026-08-13,16714,Ｅ－シンプレクス,上場ＥＴＦ(管理会社：シンプレクス・アセット・マネジメント)に関する日々の開示事項
2026-08-13,16724,Ｅ－ＷｉｓｄｏｍＴｒ,上場ETF（管理会社：WisdomTree、外国投資法人：MSL）に関する日々の開示事項
2026-08-13,16724,Ｅ－ＷｉｓｄｏｍＴｒ,上場ETF（管理会社：WisdomTree、外国投資法人：CSL）に関する日々の開示事項
2026-08-13,17870,ナカボーテック,譲渡制限付株式報酬としての自己株式の処分の払込完了に関するお知らせ
2026-08-13,194A0,Ｇ－ＷＯＬＶＥＳ,2026年６月期決算短信〔日本基準〕（連結）
2026-08-13,194A0,Ｇ－ＷＯＬＶＥＳ,2026年６月期決算短信説明資料
2026-08-13,194A0,Ｇ－ＷＯＬＶＥＳ,配当方針の変更及び2027年６月期の配当予想（初配）に関するお知らせ
2026-08-13,195A0,Ｇ－ＭＵＳＣＡＴ Ｇ,2027年3月期 第１四半期決算短信〔日本基準〕(連結)
2026-08-13,195A0,Ｇ－ＭＵＳＣＡＴ Ｇ,2027年３月期 第１四半期 決算説明資料
2026-08-13,196A0,Ｇ－ＭＦＳ,2026年６月期決算短信〔日本基準〕(連結)
2026-08-13,196A0,Ｇ－ＭＦＳ,繰延税金資産の計上及び2026年６月期通期業績予想と実績値との差異並びに通期個別業績の前期実績値との差異に関するお知らせ
2026-08-13,196A0,Ｇ－ＭＦＳ,2026年６月期通期決算説明資料
2026-08-13,197A0,タウンズ,特別利益（補助金収入）計上のお知らせ
2026-08-13,197A0,タウンズ,2026年６月期 決算短信〔日本基準〕（非連結）
2026-08-13,197A0,タウンズ,2026年6月期 決算説明資料
2026-08-13,20704,Ｎ－三菱ＵＦＪ証ＨＤ,上場ETN（発行者：三菱UFJ証券ホールディングス株式会社）に関する日々の開示事項
2026-08-13,21800,サニーサイドアップ,2026年６月期 決算短信〔日本基準〕（連結）
2026-08-13,21800,サニーサイドアップ,特別損失計上に関するお知らせ
2026-08-13,21800,サニーサイドアップ,繰延税金資産の計上に関するお知らせ
2026-08-13,21800,サニーサイドアップ,業績予想と実績値との差異に関するお知らせ
2026-08-13,220A0,ファベル,2026年９月期 第３四半期決算短信〔日本基準〕（連結）
2026-08-13,220A0,ファベル,2026年９月期 第３四半期 決算説明資料
2026-08-13,22660,六甲バター,2026年12月期 第２四半期（中間期）決算短信〔日本基準〕（連結）
2026-08-13,22660,六甲バター,2026年12月期 通期連結業績予想の修正に関するお知らせ
2026-08-13,22940,柿安本店,2027年4月期7月度の売上高および第1四半期の売上高についてのお知らせ
2026-08-13,23230,ｆｏｎｆｕｎ,2027年3月期 第1四半期決算短信〔日本基準〕（連結）
2026-08-13,23230,ｆｏｎｆｕｎ,2027年3月期 第1四半期 決算補足説明資料
2026-08-13,23320,クエスト,2027年３月期 第１四半期決算短信〔日本基準〕(連結)
2026-08-13,23320,クエスト,2027年３月期 第１四半期決算補足説明資料
2026-08-13,23700,Ｇ－ＭＤＮＴ,営業外収益の計上に関するお知らせ
2026-08-13,23700,Ｇ－ＭＤＮＴ,2026年９月期 第３四半期（中間期）決算短信〔日本基準〕（非連結）
2026-08-13,23710,カカクコム,Kamgras １株式会社による株式会社カカクコム（証券コード：2371）の株券等に対する公開買付けの買付条件等の変更に関するお知らせ
2026-08-13,241A0,Ｇ－ＲＯＸＸ,（訂正）「2026年９月期 第３四半期決算説明資料」の一部訂正について
2026-08-13,241A0,Ｇ－ＲＯＸＸ,2026年９月期 第３四半期決算短信〔日本基準〕(非連結)
2026-08-13,241A0,Ｇ－ＲＯＸＸ,2026年９月期 第３四半期決算説明資料
2026-08-13,24360,共同ＰＲ,2026年12月期（第63期）第２四半期決算説明会資料
2026-08-13,24360,共同ＰＲ,2026年12月期（第63期）第２四半期 決算補足資料
2026-08-13,24360,共同ＰＲ,2026年12月期 第２四半期（中間期）決算短信〔日本基準〕（連結）
2026-08-13,24850,ティア,業績予想修正に関するお知らせ
2026-08-13,24850,ティア,2026年9月期 第3四半期決算短信〔日本基準〕(連結)
2026-08-13,25590,ＭＸＳ全世界株式,ＥＴＦの投資信託約款の変更に関するお知らせ
2026-08-13,25850,ライフドリンクＣ,2027年３月期 第１四半期決算短信 [日本基準] (連結)
2026-08-13,25850,ライフドリンクＣ,2027年３月期 第１四半期決算補足説明資料
2026-08-13,26540,アスモ,2026年7月度 月次実績のお知らせ
2026-08-13,26670,イメージワン,（訂正）「有償ストック・オプション（「第15回新株予約権」）の発行に関するお知らせ」 の一部訂正について
2026-08-13,269A0,Ｇ－Ｓａｐｅｅｔ,2026年9月期第3四半期決算短信〔日本基準〕(非連結)
2026-08-13,269A0,Ｇ－Ｓａｐｅｅｔ,業績予想の修正に関するお知らせ
2026-08-13,269A0,Ｇ－Ｓａｐｅｅｔ,2026年9月期第3四半期 決算説明資料
2026-08-13,27490,ＪＰＨＤ,2027年３月期第１四半期決算短信〔日本基準〕(連結)
2026-08-13,274A0,ガーデン,2027年２月期７月度 直営店売上速報についてのお知らせ
2026-08-13,27640,ひらまつ,2027年３月期 第１四半期決算説明資料
2026-08-13,27640,ひらまつ,ひらまつＩＲレポート（月次売上速報）
2026-08-13,27640,ひらまつ,2027年３月期 第１四半期決算短信〔日本基準〕（連結）
2026-08-13,27800,コメ兵ＨＤ,2027年３月期 第１四半期決算短信〔日本基準〕（連結）
2026-08-13,27800,コメ兵ＨＤ,2027年3月期 第1四半期 決算説明資料
2026-08-13,281A0,Ｇ－インフォメティス,2026年12月期第２四半期（中間期）決算短信〔日本基準〕(連結)
2026-08-13,281A0,Ｇ－インフォメティス,営業外収益の計上に関するお知らせ
2026-08-13,28310,はごろも,2027年３月期 第１四半期決算短信〔日本基準〕（連結）
2026-08-13,288A0,Ｇ－ラクサス,2027年３月期第１四半期決算短信〔日本基準〕（非連結）
2026-08-13,288A0,Ｇ－ラクサス,2027年３月期 第１四半期 決算説明資料
2026-08-13,291A0,Ｇ－リスキル,2027年3月期 第1四半期決算短信〔日本基準〕（非連結）
2026-08-13,291A0,Ｇ－リスキル,自己株式取得に係る事項の決定に関するお知らせ
2026-08-13,30100,ポラリスＨＤ,2027年3月期第1四半期決算短信〔日本基準〕(連結)
2026-08-13,30100,ポラリスＨＤ,2027年3月期第1四半期決算説明資料
2026-08-13,30320,ゴルフ・ドゥ,通期連結業績予想および配当予想の修正ならびに株主優待制度の変更に関するお知らせ
2026-08-13,30320,ゴルフ・ドゥ,2027年3月期第1四半期決算短信〔日本基準〕（連結）
2026-08-13,30320,ゴルフ・ドゥ,2027年3月期第1四半期決算説明資料
2026-08-13,30320,ゴルフ・ドゥ,法人税等調整額（損）の計上に関するお知らせ
2026-08-13,30660,ＪＢイレブン,2027年３月期 第１四半期決算短信〔日本基準〕（連結）
2026-08-13,307A0,Ｐ－ハウジング・Ｓ,営業外収益及び特別損失の計上ならびに通期業績予想の修正に関するお知らせ
2026-08-13,30990,ミツコシイセタン,2027年3月期 第1四半期決算短信〔日本基準〕（連結）
2026-08-13,30990,ミツコシイセタン,2027年3月期 第1四半期決算説明資料
2026-08-13,30990,ミツコシイセタン,2027年3月期 第1四半期決算説明会資料
2026-08-13,30990,ミツコシイセタン,株式分割、および株式分割に伴う自己株式取得に係る事項の一部変更、配当予想の修正、株主優待制度の変更に関するお知らせ
2026-08-13,31330,Ｇ－海帆,決算期（事業年度の末日）の変更及び定款一部変更に関するお知らせ
2026-08-13,31350,マーケットエンター,取締役候補者および監査役候補者の選任に関するお知らせ
2026-08-13,31380,富士山マガジン,第2四半期(中間期)業績予想と実績値との差異に関するお知らせ
2026-08-13,31380,富士山マガジン,2026年12月期第２四半期（中間期）決算短信〔日本基準〕(連結)
2026-08-13,31740,ハピネス＆Ｄ,（訂正・数値データ訂正）「2025年８月期 決算短信〔日本基準〕（連結）」の一部訂正について
2026-08-13,31820,オイシックス,2027年３月期第１四半期決算短信〔日本基準〕(連結)
2026-08-13,31820,オイシックス,2027年3月期 第1四半期決算説明資料
2026-08-13,31820,オイシックス,2027年3月期 第1四半期決算FAQ
2026-08-13,31970,すかいらーくＨＤ,2026年12月期 第2四半期（中間期）決算短信〔ＩＦＲＳ〕（連結）
2026-08-13,31970,すかいらーくＨＤ,2026年度第2四半期決算説明会資料
2026-08-13,31970,すかいらーくＨＤ,2026年12月期連結業績予想（IFRS）及び期末配当予想の修正に関するお知らせ
2026-08-13,320A0,Ｐ－Ｄ＆Ｉ,通期業績予想の修正に関するお知らせ
2026-08-13,32450,ディア・ライフ,2026年９月期 第３四半期決算短信〔日本基準〕（連結）
2026-08-13,32450,ディア・ライフ,2026年９月期 第３四半期 決算説明資料
2026-08-13,32520,地主,2026年12月期 第2四半期（中間期）決算短信〔日本基準〕（連結）
2026-08-13,32520,地主,2026年12月期 第2四半期決算説明資料
2026-08-13,33000,Ｇ－アンビションＤＸ,2026年６月期通期連結業績予想と実績値との差異に関するお知らせ
2026-08-13,33000,Ｇ－アンビションＤＸ,2026年６月期 決算短信〔日本基準〕(連結)
2026-08-13,33000,Ｇ－アンビションＤＸ,2026年６月期 通期決算説明資料
2026-08-13,33000,Ｇ－アンビションＤＸ,2027年６月期配当予想に関するお知らせ
2026-08-13,33000,Ｇ－アンビションＤＸ,剰余金の配当に関するお知らせ
2026-08-13,332A0,Ｇ－ミーク,自己株式立会外買付取引（ToSTNeT-3）による自己株式の買付結果
2026-08-13,33460,ヒロタグループＨＤ,2027年３月期 第１四半期決算短信〔日本基準〕(連結)
2026-08-13,33460,ヒロタグループＨＤ,（開示事項の経過）連結子会社における固定資産の譲渡及び特別利益の発生に関するお知らせ
2026-08-13,33500,メタプラネット,2026年12期第２四半期決算説明資料
2026-08-13,33500,メタプラネット,2026年12月期 第２四半期（中間期）決算短信〔日本基準〕（連結）
2026-08-13,33500,メタプラネット,営業外収益、営業外費用（ビットコイン評価損ほか）及び法人税等調整額の計上に関するお知らせ
2026-08-13,33580,Ｔｒａｉｌｈｅａｄ,株式会社Onono Corporation及び株式会社Onono Villageとの業務提携に関するお知らせ
2026-08-13,33580,Ｔｒａｉｌｈｅａｄ,台湾における合弁会社の設立及び事業の譲受けに関する基本合意書締結のお知らせ
2026-08-13,33580,Ｔｒａｉｌｈｅａｄ,スリランカ民主社会主義共和国における飲食店出店の検討開始に関するお知らせ
2026-08-13,33580,Ｔｒａｉｌｈｅａｄ,2027年3月期第1四半期決算短信〔日本基準〕（連結）
2026-08-13,33580,Ｔｒａｉｌｈｅａｄ,Trailhead_2027年3月期第1四半期_決算説明資料
2026-08-13,335A0,Ｇ－ミライロ,2026年９月期 第３四半期 決算補足資料
2026-08-13,335A0,Ｇ－ミライロ,2026年９月期 第３四半期決算短信〔日本基準〕（非連結）
2026-08-13,335A0,Ｇ－ミライロ,2026年９月期通期業績予想の修正に関するお知らせ
2026-08-13,33750,ＺＯＡ,2027年３月期 第１四半期決算短信〔日本基準〕（非連結）
2026-08-13,338A0,Ｇ－Ｚｅｎｍｕ,2026年12月期 第２四半期（中間期）決算短信〔日本基準〕（非連結）
2026-08-13,338A0,Ｇ－Ｚｅｎｍｕ,2026年12月期 第２四半期（中間期）の業績予想値と実績値の差異に関するお知らせ
2026-08-13,338A0,Ｇ－Ｚｅｎｍｕ,2026年12月期 第２四半期 決算説明資料
2026-08-13,340A0,Ｇ－ジグザグ,主要株主の異動に関するお知らせ
2026-08-13,343A0,ＩＡＣＥトラベル,2027年３月期 第１四半期決算短信〔日本基準〕（連結）
2026-08-13,343A0,ＩＡＣＥトラベル,2027年３月期 第１四半期決算補足説明資料
2026-08-13,34450,ＲＳＴＥＣＨ,2026年12月期 第２四半期（中間期）決算短信〔日本基準〕（連結）
2026-08-13,34450,ＲＳＴＥＣＨ,2026年12月期第2四半期 決算説明資料
2026-08-13,34650,ケイアイスター不動産,2027年３月期 第１四半期決算短信〔日本基準〕（連結）
2026-08-13,34650,ケイアイスター不動産,2027年３月期 第１四半期 決算説明資料
2026-08-13,34650,ケイアイスター不動産,業績予想及び配当予想の修正に関するお知らせ
2026-08-13,34740,Ｇ－Ｇ－ＦＡＣ,2026年12月期 第２四半期（中間期）決算短信〔日本基準〕（連結）
2026-08-13,34740,Ｇ－Ｇ－ＦＡＣ,2026年12月期第２四半期決算説明資料
2026-08-13,35380,ウイルプラスＨＤ,2026年６月期決算短信〔日本基準〕(連結)
2026-08-13,35380,ウイルプラスＨＤ,資本コストや株価を意識した経営の実現に向けた対応について（アップデート）
2026-08-13,35380,ウイルプラスＨＤ,2026年6月期 決算補足説明資料
2026-08-13,35590,ピーバンドットコム,2027年3月期第1四半期決算短信〔日本基準〕（非連結）
2026-08-13,35590,ピーバンドットコム,2027年3月期第1四半期決算補足資料
2026-08-13,35610,力の源ＨＤ,2027年3月期 第1四半期決算短信〔日本基準〕（連結）
2026-08-13,35610,力の源ＨＤ,2027年3月期 第1四半期決算補足説明資料
2026-08-13,35610,力の源ＨＤ,連結子会社からの配当金受領に関するお知らせ
2026-08-13,35610,力の源ＨＤ,（開示事項の経過）役員向け株式給付信託の終了に伴う自己株式の消却に関するお知らせ
2026-08-13,36230,Ｇ－ＢＳ,2026年12月期 第2四半期（中間期）決算短信[日本基準](連結)
2026-08-13,36230,Ｇ－ＢＳ,2026年12月期 第2四半期決算説明資料
2026-08-13,36330,ＧＭＯペパボ,2026年12月期 第2四半期（中間期） 決算短信〔日本基準〕(連結)
2026-08-13,36330,ＧＭＯペパボ,2026年12月期 第2四半期 決算説明会資料
2026-08-13,36330,ＧＭＯペパボ,法人税等調整額（益）の計上および通期連結業績予想の修正ならびに期末配当予想の修正（増配）に関するお知らせ
2026-08-13,36390,ボルテージ,2026年６月期 決算短信〔日本基準〕（連結）
2026-08-13,36390,ボルテージ,2026年６月期 決算説明会資料
2026-08-13,36390,ボルテージ,剰余金の配当（無配）に関するお知らせ
2026-08-13,36390,ボルテージ,当期実績(連結・個別)と前期実績の差異、および投資有価証券売却益の計上に関するお知らせ
2026-08-13,36400,電算,譲渡制限付株式報酬としての自己株式の処分の払込完了に関するお知らせ
2026-08-13,36490,ファインデックス,2026年12月期 第２四半期（中間期）決算短信〔日本基準〕（連結）
2026-08-13,36490,ファインデックス,2026年12月期 第2四半期 決算説明資料
2026-08-13,36590,ネクソン,2026年12月期第2四半期（中間期）決算短信〔ＩＦＲＳ〕（連結）
2026-08-13,36590,ネクソン,剰余金の中間配当に関するお知らせ
2026-08-13,36590,ネクソン,2026年12月期配当予想の修正に関するお知らせ
2026-08-13,36590,ネクソン,自己株式の消却に関するお知らせ
2026-08-13,36600,アイスタイル,2026年６月期決算短信〔日本基準〕(連結)
2026-08-13,36600,アイスタイル,第24回新株予約権の取得及び特別損失の計上見込に関するお知らせ
2026-08-13,36600,アイスタイル,自己株式取得に係る事項の決定に関するお知らせ
2026-08-13,36600,アイスタイル,連結子会社からの配当金受領に関するお知らせ
2026-08-13,36600,アイスタイル,剰余金の配当に関するお知らせ
2026-08-13,36600,アイスタイル,取締役候補者選任に関するお知らせ
2026-08-13,36600,アイスタイル,2026年6月期通期決算及び2027年6月期事業計画について
2026-08-13,36790,じげん,2027年３月期 第１四半期決算短信〔ＩＦＲＳ〕(連結)
2026-08-13,36790,じげん,2027年3月期 第１四半期 データブック
2026-08-13,36790,じげん,2027年3月期 第１四半期決算説明会資料
2026-08-13,36820,エンカレッジ,2027年３月期 第１四半期決算短信［日本基準］（非連結）
2026-08-13,36860,ＤＬＥ,2027年３月期 第１四半期決算短信〔日本基準〕（連結）
2026-08-13,36860,ＤＬＥ,2027年３月期 第１四半期 決算説明資料
2026-08-13,36860,ＤＬＥ,（開示事項の経過）特別利益の計上に関するお知らせ
2026-08-13,36860,ＤＬＥ,完全子会社の吸収合併に関するお知らせ
2026-08-13,36920,Ｇ－ＦＦＲＩ,令和９年３月期 第１四半期決算短信〔日本基準〕（連結）
2026-08-13,36920,Ｇ－ＦＦＲＩ,令和９年３月 第１四半期決算短信補足説明資料
2026-08-13,36960,セレス,2026年12月期 第２四半期（中間期）決算短信〔日本基準〕（連結）
2026-08-13,36960,セレス,2026年12月期 第２四半期決算説明資料
2026-08-13,37100,ジョルダン,令和８年９月期 第３四半期決算短信〔日本基準〕(連結)
2026-08-13,37100,ジョルダン,通期業績予想及び配当予想の修正に関するお知らせ
2026-08-13,37190,ＡＩストーム,第63期半期報告書の提出期限延長に係る承認申請書提出のお知らせ
2026-08-13,37270,Ｇ－ＡＰＬＩＸ,2026年12月期第2四半期（中間期）決算補足説明資料
2026-08-13,37270,Ｇ－ＡＰＬＩＸ,2026年12月期第２四半期（中間期）決算短信〔ＩＦＲＳ〕(連結)
2026-08-13,37880,ＧＭＯＧＳＨＤ,2026年12月期第２四半期（中間期）決算短信〔日本基準〕(連結)
2026-08-13,37880,ＧＭＯＧＳＨＤ,（開示事項の経過）連結子会社株式の譲渡に伴う特別利益の計上に関するお知らせ
2026-08-13,37880,ＧＭＯＧＳＨＤ,2026年12月期_第2四半期決算説明資料
2026-08-13,37990,キーウェア,2027年３月期 第１四半期決算短信〔日本基準〕(連結)
2026-08-13,38000,ユニリタ,自己株式立会外買付取引（ToSTNeT‐３）による自己株式の取得結果及び取得終了に関するお知らせ
2026-08-13,38030,Ｇ－イメージ情,特別利益及び特別損失の計上に関するお知らせ_20260813
2026-08-13,38030,Ｇ－イメージ情,2027年3月期第1四半期決算短信〔日本基準〕（連結）
2026-08-13,38030,Ｇ－イメージ情,2027年3月期第1四半期_決算説明資料
2026-08-13,38070,Ｇ－フィスコ,2026年12月期第２四半期（中間期）決算短信〔日本基準〕(非連結)
2026-08-13,38400,ＰＡＴＨ,2027年３月期 第１四半期決算短信〔日本基準〕（連結）
2026-08-13,38400,ＰＡＴＨ,営業外収益（暗号資産評価益）の計上に関するお知らせ
2026-08-13,386A0,みのや,特別損失の計上及び業績予想値と実績値との差異に関するお知らせ
2026-08-13,386A0,みのや,2026年６月期決算短信〔日本基準〕（非連結）
2026-08-13,386A0,みのや,2026年６月期決算説明資料
2026-08-13,386A0,みのや,2026年６月期決算について高い関心が予想される事項
2026-08-13,39130,ＧｒｅｅｎＢｅｅ,2026年12月期 第２四半期（中間期）決算短信〔日本基準〕(連結)
2026-08-13,39130,ＧｒｅｅｎＢｅｅ,2026年12月期 第２四半期決算説明資料
2026-08-13,39200,アイビーシー,2026年9月期 第3四半期決算短信〔日本基準〕（非連結）
2026-08-13,39200,アイビーシー,2026年9月期第3四半期決算説明資料
2026-08-13,39250,ダブルスタンダード,2027年３月期 第１四半期決算短信〔日本基準〕(連結)
2026-08-13,39250,ダブルスタンダード,2027年３月期第１四半期 決算説明資料
2026-08-13,39370,Ｕｂｉｃｏｍ,2027年３月期第１四半期決算短信〔日本基準〕(連結)
2026-08-13,39370,Ｕｂｉｃｏｍ,2027年３月期第１四半期決算説明資料
2026-08-13,393A0,Ｐ－ＲｉｔａＸ,2026年12月期中間決算短信〔日本基準〕（連結）
2026-08-13,39620,チェンジＨＤ,2027年3月期 第1四半期決算短信〔ＩＦＲＳ〕（連結）
2026-08-13,39620,チェンジＨＤ,2027年3月期第1四半期決算説明資料
2026-08-13,39680,セグエ,通期連結業績予想の修正(上方修正)に関するお知らせ
2026-08-13,39680,セグエ,2026年12月期 第２四半期（中間期）決算短信〔日本基準〕（連結）
2026-08-13,39680,セグエ,2026年12月期第２四半期決算説明資料
2026-08-13,39790,Ｇ－うるる,2027年3月期 第1四半期決算短信〔日本基準〕（連結）
2026-08-13,39790,Ｇ－うるる,2027年3月期 第1四半期 決算説明資料
2026-08-13,39790,Ｇ－うるる,2026年7月 月次IRレポート (NJSS月次情報含む)
2026-08-13,39790,Ｇ－うるる,2027年3月期 第1四半期 決算データシート（PDF）
2026-08-13,39930,ＰＫＳＨＡ,2026年９月期 第３四半期決算短信〔ＩＦＲＳ〕（連結）
2026-08-13,401A0,Ｒ－霞ヶ関ホテル,投資法人及び資産運用会社の本店移転に関するお知らせ
2026-08-13,401A0,Ｒ－霞ヶ関ホテル,2026年7月期（第2期）の運用状況及び分配金の予想の修正に関するお知らせ
2026-08-13,40400,南海化学,(訂正・数値データ訂正) 「2026年３月期 決算短信〔日本基準〕（連結）」の一部訂正について
2026-08-13,40400,南海化学,2027年３月期 第１四半期決算短信〔日本基準〕（連結）
2026-08-13,40510,ＧＭＯ－ＦＧ,2026年９月期 第３四半期 決算短信〔ＩＦＲＳ〕（連結）
2026-08-13,40510,ＧＭＯ－ＦＧ,2026年９月期 第３四半期決算説明会
2026-08-13,40530,サンアスタリスク,2026年12月期半期報告書の提出期限延長に関する承認申請書提出のお知らせ
2026-08-13,40540,Ｇ－日本情報Ｃ,2026年６月期 決算短信〔日本基準〕（非連結）
2026-08-13,40540,Ｇ－日本情報Ｃ,2026年６月期 通期 決算説明資料
2026-08-13,40540,Ｇ－日本情報Ｃ,次期配当予想に関するお知らせ
2026-08-13,40550,Ｇ－ティアンドエスＧ,2026年９月期 第３四半期決算短信〔日本基準〕（連結）
2026-08-13,40550,Ｇ－ティアンドエスＧ,2026年９月期 第３四半期決算補足説明資料
2026-08-13,40580,Ｇ－トヨクモ,2026年12月期 第２四半期決算短信〔日本基準〕（連結）
2026-08-13,40580,Ｇ－トヨクモ,2026年12月期 第２四半期 決算説明資料
2026-08-13,40580,Ｇ－トヨクモ,連結業績予想の修正に関するお知らせ
2026-08-13,40580,Ｇ－トヨクモ,2026年7月度 月次売上速報に関するお知らせ
2026-08-13,40600,Ｇ－ｒａｋｕｍｏ,2026年度中間期 決算説明資料
2026-08-13,40600,Ｇ－ｒａｋｕｍｏ,2026年12月期 第2四半期 （中間期）決算短信〔日本基準〕（連結）
2026-08-13,410A0,Ｇ－ＧＭＯコマース,2026年12月期 第２四半期（中間期）決算短信〔日本基準〕（非連結）
2026-08-13,410A0,Ｇ－ＧＭＯコマース,2026年12月期 第２四半期 決算説明資料
2026-08-13,41180,カネカ,2027年３月期 第１四半期決算短信〔日本基準〕(連結)
2026-08-13,41180,カネカ,2027年３月期 第１四半期決算説明資料
2026-08-13,415A0,Ｇ－ＧＭＯＴＥ－ＨＤ,2026年12月期 第２四半期（中間期）決算短信〔日本基準〕（連結）
2026-08-13,415A0,Ｇ－ＧＭＯＴＥ－ＨＤ,2026年12月期 第２四半期決算説明資料
2026-08-13,41650,Ｇ－プレイド,2026年12月期 第3四半期決算短信〔日本基準〕（連結）
2026-08-13,41650,Ｇ－プレイド,2026年12月期第3四半期決算説明資料
2026-08-13,41650,Ｇ－プレイド,業績予想の修正に関するお知らせ
2026-08-13,41650,Ｇ－プレイド,自己株式取得に係る事項の決定に関するお知らせ
2026-08-13,41650,Ｇ－プレイド,剰余金の処分に関するお知らせ
2026-08-13,41660,Ｇ－かっこ,投資有価証券評価損の計上に関するお知らせ
2026-08-13,41660,Ｇ－かっこ,2026年12月期 第２四半期（中間期）決算短信〔日本基準〕（連結）
2026-08-13,41660,Ｇ－かっこ,2026年12月期 第２四半期 決算説明資料
2026-08-13,41660,Ｇ－かっこ,2026年12月期通期個別業績予想の修正および連結業績予想の公表に関するお知らせ
2026-08-13,41680,Ｇ－ヤプリ,2026年12月期 第2四半期（中間期）決算短信〔日本基準〕(連結)
2026-08-13,41680,Ｇ－ヤプリ,剰余金の配当（中間配当）に関するお知らせ
2026-08-13,41680,Ｇ－ヤプリ,2026年12月期 第2四半期決算 決算説明資料
2026-08-13,41720,Ｈｉクラテス,主要株主の株式処分信託契約締結に関するお知らせ
2026-08-13,41800,Ａｐｐｉｅｒ,2026年12月期 第２四半期（中間期）決算短信〔ＩＦＲＳ〕（連結）
2026-08-13,41800,Ａｐｐｉｅｒ,通期連結業績予想の修正に関するお知らせ
2026-08-13,41800,Ａｐｐｉｅｒ,2026年12月期 第2四半期 決算説明資料
2026-08-13,41920,Ｇ－スパイダープラス,2026年12月期 第２四半期 決算説明資料スクリプト
2026-08-13,41920,Ｇ－スパイダープラス,【決算説明会】決算説明会質疑応答書き起こし
2026-08-13,41930,ファブリカＨＤ,2027年３月期 第１四半期決算説明資料
2026-08-13,41930,ファブリカＨＤ,配当予想の修正（増配）及び株主優待制度の一部変更に関するお知らせ
2026-08-13,41930,ファブリカＨＤ,2027年３月期 第１四半期 決算短信〔日本基準〕（連結）
2026-08-13,41960,ネオマーケ,2026年9月期第3四半期決算短信〔日本基準〕(連結)
2026-08-13,41960,ネオマーケ,2026年9月期第3四半期 決算説明資料
2026-08-13,42370,フジプレアム,令和9年3月期 第1四半期決算短信〔日本基準〕（連結）
2026-08-13,42580,Ｇ－網屋,自己株式立会外買付取引（ToSTNeT-3）による自己株式の取得結果及び取得終了に関するお知らせ
2026-08-13,42640,Ｇ－セキュア,2026年12月期第2四半期決算説明資料
2026-08-13,42640,Ｇ－セキュア,2026年12月期 第２四半期（中間期）決算短信〔日本基準〕（連結）
2026-08-13,42650,Ｇ－ＩＧＳ,2027年３月期 第１四半期決算短信〔日本基準〕（連結）
2026-08-13,42650,Ｇ－ＩＧＳ,営業外費用の計上に関するお知らせ
2026-08-13,42650,Ｇ－ＩＧＳ,2027年３月期 第１四半期決算説明資料
2026-08-13,43010,アミューズ,2027年３月期 第１四半期決算短信[日本基準]（連結）
2026-08-13,43010,アミューズ,2027年３月期 第１四半期決算短信 補足資料（連結）
2026-08-13,43160,Ｇ－ビーマップ,2027年３月期 第１四半期決算短信〔日本基準〕(連結)
2026-08-13,43230,日本システム技術,2027年３月期 第１四半期決算短信〔日本基準〕（連結）
2026-08-13,43230,日本システム技術,2027年３月期 第１四半期決算補足説明資料
2026-08-13,43310,Ｔ＆Ｇニーズ,2026年12月期 中間期 決算説明資料
2026-08-13,43310,Ｔ＆Ｇニーズ,中期経営計画EVOL2030FinalStageToward2035Vision
2026-08-13,43310,Ｔ＆Ｇニーズ,第2四半期（中間期）業績予想と実績値との差異 および通期業績予想の上方修正に関するお知らせ
2026-08-13,43310,Ｔ＆Ｇニーズ,2026年12月期第２四半期（中間期）決算短信〔日本基準〕(連結)
2026-08-13,43370,ぴあ,2027年３月期 第１四半期決算短信〔日本基準〕（連結）
2026-08-13,43740,Ｇ－ロボペイ,2026年7月度 月次売上高のお知らせ
2026-08-13,43770,Ｇ－ワンキャリア,2026年12月期 第２四半期（中間期）決算短信〔日本基準〕（連結）
2026-08-13,43770,Ｇ－ワンキャリア,2026年12月期 第２四半期決算説明資料
2026-08-13,43790,Ｇ－フォトシンス,(訂正・数値データ訂正)「2026年12月期 第１四半期決算短信〔日本基準〕（連結）」の一部訂正について
2026-08-13,43790,Ｇ－フォトシンス,関係会社株式評価損（個別）の計上に関するお知らせ
2026-08-13,43790,Ｇ－フォトシンス,2026年12月期第２四半期（中間期）決算短信〔日本基準〕(連結)
2026-08-13,43790,Ｇ－フォトシンス,2026年12月期 第2四半期 決算説明資料
2026-08-13,43900,ｉｐｓ,投資家の皆様よりいただいたご質問と回答
2026-08-13,43950,Ｇ－アクリート,剰余金の配当（中間配当）に関するお知らせ
2026-08-13,43950,Ｇ－アクリート,2026年12月期半期報告書の提出期限延長に関する承認申請書提出のお知らせ
2026-08-13,44140,Ｇ－フレクト,2027年３月期 第１四半期決算短信〔日本基準〕（非連結）
2026-08-13,44140,Ｇ－フレクト,2027年3月期 第1四半期決算説明資料
2026-08-13,44140,Ｇ－フレクト,2027年3月期第1四半期決算 高い関心が想定される事項
2026-08-13,44140,Ｇ－フレクト,株式報酬制度の改定に伴う株式取得等の決定に関するお知らせ
2026-08-13,44240,Ｇ－Ａｍａｚｉａ,2026年９月期第３四半期決算短信〔日本基準〕(連結)
2026-08-13,44240,Ｇ－Ａｍａｚｉａ,2026年９月期第３四半期 決算説明資料
2026-08-13,44250,Ｇ－Ｋｕｄａｎ,2027年３月期 第１四半期決算短信〔日本基準〕（連結）
2026-08-13,44250,Ｇ－Ｋｕｄａｎ,2027年３月期 第１四半期決算説明資料
2026-08-13,44250,Ｇ－Ｋｕｄａｎ,営業外収益及び特別損失の計上に関するお知らせ
2026-08-13,44380,Ｇ－Ｗｅｌｂｙ,2026年12月期第２四半期（中間期）決算短信〔日本基準〕(連結)
2026-08-13,44380,Ｇ－Ｗｅｌｂｙ,特別利益(新株予約権戻入益)の計上に関するお知らせ
2026-08-13,44780,Ｇ－フリー,2026年６月期決算短信〔日本基準〕(連結)
2026-08-13,44780,Ｇ－フリー,自己株式取得に係る事項の決定に関するお知らせ
2026-08-13,44780,Ｇ－フリー,株式給付信託（J-ESOP）への追加拠出に関するお知らせ
2026-08-13,44780,Ｇ－フリー,2026年６月期連結業績と前期実績値及び業績予想との差異に関するお知らせ
2026-08-13,44780,Ｇ－フリー,2026年６月期 決算説明資料
2026-08-13,44800,メドレー,2026年12月期 第2四半期（中間期）決算短信〔日本基準〕（連結）
2026-08-13,44800,メドレー,2026年12月期 第2四半期決算説明資料
2026-08-13,44800,メドレー,配当方針の変更及び配当予想の修正（初配）に関するお知らせ
2026-08-13,44800,メドレー,自己株式の消却に関するお知らせ
2026-08-13,44800,メドレー,完全子会社の吸収合併に伴う特別損失の計上に関するお知らせ
2026-08-13,44820,Ｇ－ウィルズ,特別損失（減損損失）及び法人税等調整額（益）の計上に関するお知らせ
2026-08-13,44820,Ｇ－ウィルズ,剰余金の配当（中間配当）に関するお知らせ
2026-08-13,44820,Ｇ－ウィルズ,2026年12月期 第２四半期（中間期）決算短信[日本基準]（非連結）
2026-08-13,44820,Ｇ－ウィルズ,2026年12月期第2四半期決算説明資料
2026-08-13,45740,大幸薬品,2026年12月期 第２四半期(中間期)決算短信〔日本基準〕(連結)
2026-08-13,45750,Ｇ－ＣＡＮＢＡＳ,（訂正）「事業計画及び成長可能性に関するご説明資料」の一部訂正について
2026-08-13,45760,Ｇ－ＤＷＴＩ,2026年12月期 第２四半期（中間期）決算短信〔日本基準〕（連結）
2026-08-13,45760,Ｇ－ＤＷＴＩ,2026年12月期 第２四半期決算説明資料
2026-08-13,45760,Ｇ－ＤＷＴＩ,営業外収益及び営業外費用の計上に関するお知らせ
2026-08-13,45780,大塚ＨＤ,ジパレルチニブと化学療法併用群、第III相REZILIENT3試験の中間解析で、主要評価項目である無増悪生存期間を達成
2026-08-13,45830,Ｇ－カイオム,2026年12月期 第2四半期（中間期）決算短信〔日本基準〕（非連結）
2026-08-13,45830,Ｇ－カイオム,決算補足資料 2026年12月期 第2四半期
2026-08-13,45830,Ｇ－カイオム,第23回新株予約権（行使価額修正条項付）の月間行使状況及び権利行使完了に関するお知らせ
2026-08-13,45840,Ｇ－キッズ・バイオ,2027年３月期 第１四半期決算短信〔日本基準〕（連結）
2026-08-13,45840,Ｇ－キッズ・バイオ,営業外費用の計上に関するお知らせ
2026-08-13,45840,Ｇ－キッズ・バイオ,2026年度 第１四半期 決算補足説明資料
2026-08-13,45910,Ｇ－リボミック,営業外損失（為替差損）の計上に関するお知らせ
2026-08-13,45910,Ｇ－リボミック,2027年3月期第1四半期決算短信〔日本基準〕（非連結）
2026-08-13,45970,Ｇ－ソレイジア,2026年12月期 第２四半期（中間期）決算短信〔ＩＦＲＳ〕（連結）
2026-08-13,45970,Ｇ－ソレイジア,製品開発品等の事業状況（2026年12月期第2四半期）
2026-08-13,45970,Ｇ－ソレイジア,2026年12月期第2四半期決算説明資料
2026-08-13,46640,アールエスシー,2027年3月期 第１四半期決算短信〔日本基準〕（連結）
2026-08-13,47040,トレンド,2026年12月期第２四半期（中間期）決算短信〔日本基準〕(連結) 2026年
2026-08-13,47070,キタック,名古屋証券取引所メイン市場への上場承認に関するお知らせ
2026-08-13,47250,ＣＡＣＨＤ,2026年12月期第２四半期（中間期）決算短信〔日本基準〕(連結)
2026-08-13,47250,ＣＡＣＨＤ,創業60周年記念株主優待の実施に関するお知らせ
2026-08-13,475A0,ギミック,（訂正）「2027年３月期第１四半期決算説明動画及び書き起こし記事公開に関するお知らせ」の一部訂正について
2026-08-13,475A0,ギミック,2027年３月期 第１四半期決算短信〔日本基準〕（非連結）
2026-08-13,475A0,ギミック,2027年３月期 第１四半期決算説明動画及び書き起こし記事公開に関するお知らせ
2026-08-13,47760,ＣＹＢＯＺＵ,2026年12月期 第２四半期（中間期）決算短信〔日本基準〕（連結）
2026-08-13,47760,ＣＹＢＯＺＵ,2026年12月期 第２四半期決算補足資料
2026-08-13,479A0,Ｇ－ＰＲＯＮＩ,2026年12月期第２四半期（中間期）決算短信〔日本基準〕（連結）
2026-08-13,479A0,Ｇ－ＰＲＯＮＩ,2026年12月期第２四半期決算説明資料
2026-08-13,479A0,Ｇ－ＰＲＯＮＩ,連結決算開始に伴う連結業績予想に関するお知らせ
2026-08-13,480A0,Ｇ－リブコンサル,2026年12月期 第２四半期決算短信〔日本基準〕(連結)
2026-08-13,480A0,Ｇ－リブコンサル,通期業績予想の修正に関するお知らせ
2026-08-13,480A0,Ｇ－リブコンサル,2026年12月期 第2四半期決算説明資料
2026-08-13,48190,デジタルガレージ,2027年３月期 第１四半期決算説明資料
2026-08-13,48190,デジタルガレージ,2027年３月期 第１四半期決算短信〔ＩＦＲＳ〕（連結）
2026-08-13,48190,デジタルガレージ,持分法適用会社（株式会社カカクコム）株式に関する公開買付けの条件の変更に関するお知らせ
2026-08-13,483A0,テラテクノロジー,2027年３月期 第１四半期決算説明資料
2026-08-13,483A0,テラテクノロジー,2027年３月期 第１四半期決算短信〔日本基準〕（連結）
2026-08-13,485A0,Ｇ－パワーエックス,上場調達資金使途変更に関するお知らせ
2026-08-13,485A0,Ｇ－パワーエックス,（開示事項の経過）北海道苫小牧市への新工場開設に関するお知らせ
2026-08-13,485A0,Ｇ－パワーエックス,（開示事項の経過）本社工場への大型蓄電システムの製造ライン増設に関するお知ら
2026-08-13,485A0,Ｇ－パワーエックス,2026年12月期 第2四半期(中間期)決算短信〔日本基準〕(連結)
2026-08-13,485A0,Ｇ－パワーエックス,2026年12月期 第2四半期 決算説明資料
2026-08-13,48820,Ｇ－ペルセウス,2027年３月期 第１四半期決算短信〔日本基準〕（非連結）
2026-08-13,48820,Ｇ－ペルセウス,営業外収益、営業外費用及び特別損失の計上に関するお知らせ
2026-08-13,48880,Ｇ－ステラファーマ,営業外収益（補助金収入）の計上に関するお知らせ
2026-08-13,48880,Ｇ－ステラファーマ,2027年３月期 第１四半期決算短信〔日本基準〕（非連結）
2026-08-13,48880,Ｇ－ステラファーマ,株式及び新株予約権発行プログラム設定契約に基づく第３回第三者割当による新株式及び新株予約権の発行に関するお知らせ
2026-08-13,48930,Ｇ－ノイルイミューン,2026年12月期 第２四半期（中間期）決算短信〔日本基準〕（非連結）
2026-08-13,48940,Ｇ－クオリプス,2027年３月期 第１四半期決算短信〔日本基準〕（連結）
2026-08-13,48940,Ｇ－クオリプス,2027年３月期 第１四半期決算説明資料
2026-08-13,48960,Ｇ－ケイファーマ,2026年12月期第２四半期（中間期）決算短信〔日本基準〕(非連結)
2026-08-13,49780,Ｇ－リプロセル,2027年３月期 第１四半期決算短信［日本基準］（連結）
2026-08-13,49780,Ｇ－リプロセル,営業外収益計上に関するお知らせ
2026-08-13,50340,Ｇ－ｕｎｅｒｒｙ,2026年６月期 決算短信〔日本基準〕(連結)
2026-08-13,50340,Ｇ－ｕｎｅｒｒｙ,2026年６月期通期 決算説明資料
2026-08-13,50340,Ｇ－ｕｎｅｒｒｙ,完全子会社の吸収合併に関する検討開始のお知らせ
2026-08-13,50350,Ｇ－ＨＯＵＳＥＩ,（訂正・数値データ訂正）「2026年12月期 第2四半期（中間期）決算短信〔日本基準〕(連結)」の一部訂正について
2026-08-13,50350,Ｇ－ＨＯＵＳＥＩ,2026年12月期 第2四半期（中間期）決算短信〔日本基準〕(連結)
2026-08-13,50350,Ｇ－ＨＯＵＳＥＩ,新会社（孫会社）設立に関するお知らせ
2026-08-13,50360,日本ビジネスシステム,2026年９月期 第３四半期決算短信〔日本基準〕（連結）
2026-08-13,509A0,Ｉ－Ｇライト・再エネ,太陽光発電所月次発電電力量実績及び出力制御に関するお知らせ（2026年7月）
2026-08-13,51030,昭和ＨＤ,2027年3月期第1四半期決算短信の開示が四半期末後45日を超えることに関するお知らせ
2026-08-13,51370,Ｇ－スマートドライブ,2026年９月期第３四半期決算短信〔日本基準〕(連結)
2026-08-13,51370,Ｇ－スマートドライブ,2026年9月期第3四半期 決算説明資料
2026-08-13,51380,Ｇ－Ｒｅｂａｓｅ,2027年3月期 第1四半期決算短信〔日本基準〕(非連結)
2026-08-13,51380,Ｇ－Ｒｅｂａｓｅ,2027年3月期 第1四半期 決算説明資料
2026-08-13,52440,Ｇ－ｊｉｇ．ｊｐ,2027年３月期 第１四半期決算短信〔日本基準〕（連結）
2026-08-13,52440,Ｇ－ｊｉｇ．ｊｐ,2027年３月期第１四半期 決算説明資料
2026-08-13,52440,Ｇ－ｊｉｇ．ｊｐ,株主還元方針の変更（総還元性向の引き上げ）に関するお知らせ
2026-08-13,52730,三谷セキサン,2027年３月期第１四半期決算短信〔日本基準〕(連結)
2026-08-13,53680,日本インシュレ,2027年３月期第１四半期決算短信〔日本基準〕(連結)
2026-08-13,53680,日本インシュレ,株主優待制度に関するお知らせ
2026-08-13,55370,Ｇ－ＡｌｂａＬｉｎｋ,2026年12月期 第２四半期（中間期）決算短信〔日本基準〕（非連結）
2026-08-13,55370,Ｇ－ＡｌｂａＬｉｎｋ,2026年12月期 第２四半期決算 補足説明資料
2026-08-13,55370,Ｇ－ＡｌｂａＬｉｎｋ,通期業績予想の修正に関するお知らせ
2026-08-13,55370,Ｇ－ＡｌｂａＬｉｎｋ,自己株式の取得状況及び取得終了に関するお知らせ
2026-08-13,55860,Ｇ－ＬａｂｏｒｏＡＩ,2026年９月期 第３四半期決算短信〔日本基準〕(連結)
2026-08-13,55860,Ｇ－ＬａｂｏｒｏＡＩ,2026年９月期 第３四半期 決算説明資料
2026-08-13,55860,Ｇ－ＬａｂｏｒｏＡＩ,通期業績予想の修正に関するお知らせ
2026-08-13,55860,Ｇ－ＬａｂｏｒｏＡＩ,代表取締役の異動（辞任）に関するお知らせ
2026-08-13,558A0,Ｇ－ＳＱＵＥＥＺＥ,2026年12月期第２四半期（中間期）決算短信〔日本基準〕(連結)
2026-08-13,558A0,Ｇ－ＳＱＵＥＥＺＥ,2026年12月期 第２四半期決算説明資料
2026-08-13,558A0,Ｇ－ＳＱＵＥＥＺＥ,RS Investment Management株式会社との包括業務提携契約締結に関するお知らせ
2026-08-13,55900,Ｇ－ネットスターズ,2026年12月期 第２四半期（中間期）決算短信〔日本基準〕（連結）
2026-08-13,55900,Ｇ－ネットスターズ,2026年12月期 第2四半期決算説明資料
2026-08-13,55900,Ｇ－ネットスターズ,株主優待制度の新設に関するお知らせ
2026-08-13,56180,Ｇ－ナイル,2026年12月期 第2四半期（中間期）決算短信〔日本基準〕（連結）
2026-08-13,56180,Ｇ－ナイル,2026年12月期 第2四半期決算説明資料
2026-08-13,56980,エンビプロＨＤ,2026年６月期決算短信〔日本基準〕(連結)
2026-08-13,56980,エンビプロＨＤ,2026年６月期 決算説明資料
2026-08-13,57040,ＪＭＣ,2026年12月期 第２四半期（中間期）決算短信〔日本基準〕(非連結)
2026-08-13,57150,古河機金,2027年3月期 第1四半期決算短信〔日本基準〕（連結）
2026-08-13,57150,古河機金,業績予想の修正に関するお知らせ
2026-08-13,58450,全保連,2027年3月期 第1四半期決算短信〔日本基準〕(非連結)
2026-08-13,58450,全保連,2027年3月期 第1四半期決算説明資料
2026-08-13,58450,全保連,本社移転に関するお知らせ
2026-08-13,585A4,Ｅ－ＪＡＭＰＦＭ,上場ETF（管理会社：JAMPファンド・マネジメント）に関する日々の開示事項
2026-08-13,587A4,Ｅ－インベスコＱＱＱ,インベスコQQQトラスト シリーズ1 に関する日々の開示事項
2026-08-13,58840,Ｇ－クラダシ,2026年６月期 決算短信〔日本基準〕（連結）
2026-08-13,58840,Ｇ－クラダシ,2026年６月期 決算説明資料
2026-08-13,58840,Ｇ－クラダシ,2026年６月期 決算補足資料（データシート）
2026-08-13,58840,Ｇ－クラダシ,2026年6月期業績予想と実績との差異に関するお知らせ
2026-08-13,58920,Ｇ－ｙｕｔｏｒｉ,2027年３月期 第１四半期決算短信〔日本基準〕(連結)
2026-08-13,58920,Ｇ－ｙｕｔｏｒｉ,2027年３月期 第１四半期 決算説明資料
2026-08-13,58920,Ｇ－ｙｕｔｏｒｉ,2027年３月期 第１四半期 決算説明資料 スマホ向けサマリ版
2026-08-13,59740,中国工,2027年３月期第１四半期決算短信〔日本基準〕(連結)
2026-08-13,59830,イワブチ,2027年3月期第1四半期決算短信(日本基準)(連結)
2026-08-13,598A0,Ｇ－チャットプラス,資本金の減少（減資）に関するお知らせ
2026-08-13,598A0,Ｇ－チャットプラス,親会社以外の支配株主の異動に関するお知らせ
2026-08-13,598A0,Ｇ－チャットプラス,2026年６月期決算短信〔日本基準〕（非連結）
2026-08-13,598A0,Ｇ－チャットプラス,2026年６月期決算説明資料
2026-08-13,602A0,Ｐ－レックス,2026年12月期 中間決算短信〔日本基準〕（非連結）
2026-08-13,602A0,Ｐ－レックス,法人税等調整額（益）の計上に関するお知らせ
2026-08-13,60300,Ｇ－アドベンチャー,2026年６月期決算短信〔ＩＦＲＳ〕(連結)
2026-08-13,60300,Ｇ－アドベンチャー,2026年6月期第4四半期 決算説明資料
2026-08-13,60300,Ｇ－アドベンチャー,連結業績予想と実績との差異、減損損失計上に関するお知らせ
2026-08-13,60300,Ｇ－アドベンチャー,剰余金の配当に関するお知らせ
2026-08-13,60300,Ｇ－アドベンチャー,募集新株予約権（有償ストック・オプション）の発行内容確定に関するお知らせ
2026-08-13,60630,ＥＡＪ,2026年12月期 第２四半期（中間期）決算短信〔日本基準〕（連結）
2026-08-13,60630,ＥＡＪ,2026年12月期 第２四半期（中間期）決算説明資料
2026-08-13,60780,バリューＨＲ,剰余金の配当（中間配当）に関するお知らせ
2026-08-13,60780,バリューＨＲ,2026年12月期 第２四半期（中間期）決算短信〔日本基準〕(連結)
2026-08-13,60780,バリューＨＲ,2026年12月期第2四半期決算説明資料
2026-08-13,61770,Ｇ－ＡｐｐＢａｎｋ,減損損失（連結決算）及び子会社株式評価損（個別決算）の計上に関するお知らせ
2026-08-13,61770,Ｇ－ＡｐｐＢａｎｋ,2026年12月期第2四半期（中間期）決算短信（日本基準）（連結）
2026-08-13,61770,Ｇ－ＡｐｐＢａｎｋ,2026年12月期第2四半期決算説明資料
2026-08-13,61770,Ｇ－ＡｐｐＢａｎｋ,2026年12月期第2四半期決算説明資料（スマートフォン版）
2026-08-13,61800,Ｇ－ＧＭＯメディア,2026年12月期第２四半期（中間期）決算短信〔日本基準〕(連結)
2026-08-13,61800,Ｇ－ＧＭＯメディア,2026年12月期 第2四半期決算補足説明資料
2026-08-13,61930,Ｇ－バーチャレクス,2027年３月期第１四半期決算短信〔日本基準〕（連結）
2026-08-13,61930,Ｇ－バーチャレクス,2027年３月期第１四半期決算説明資料
2026-08-13,62980,ワイエイシイＨＤ,2027年３月期 第１四半期決算短信〔日本基準〕(連結)
2026-08-13,62980,ワイエイシイＨＤ,2027年３月期 第１四半期決算補足資料
2026-08-13,63400,渋谷工,2026年6月期 決算短信〔日本基準〕(連結)
2026-08-13,63400,渋谷工,剰余金の配当に関するお知らせ
2026-08-13,64970,ハマイ,2026年12月期半期報告書の提出期限延長申請の検討に関するお知らせ
2026-08-13,65130,オリジン,2027年３月期 第１四半期決算短信〔日本基準〕（連結）
2026-08-13,65220,Ｇ－アスタリスク,第三者割当による第９回新株予約権の行使完了に関するお知らせ
2026-08-13,65470,グリーンズ,2026年６月期 決算短信〔日本基準〕（連結）
2026-08-13,65470,グリーンズ,取締役候補者の選任に関するお知らせ
2026-08-13,65480,Ｇ－旅工房,2026年６月期決算短信〔日本基準〕(連結)
2026-08-13,65480,Ｇ－旅工房,2026年６月期_決算説明資料
2026-08-13,65600,ＬＴＳ,2026年12月期 第2四半期（中間期）決算短信〔日本基準〕（連結）
2026-08-13,65600,ＬＴＳ,2026年12月期 第2四半期（中間期）決算説明資料
2026-08-13,65600,ＬＴＳ,自己株式の取得に係る事項の決定に関するお知らせ（会社法第165条第2項の規定による定款の定めに基づく自己株式の取得）
2026-08-13,65600,ＬＴＳ,東京証券取引所スタンダード市場への市場区分変更申請に向けた準備に関するお知らせ
2026-08-13,65710,キュービーネットＨＤ,2026年６月期 決算短信〔ＩＦＲＳ〕(連結)
2026-08-13,65710,キュービーネットＨＤ,2026年6月期連結業績予想値と決算値との差異に関するお知らせ
2026-08-13,65710,キュービーネットＨＤ,2026年６月期 決算説明資料
2026-08-13,65740,Ｇ－コンヴァノ,保有する暗号資産の売却完了に関するお知らせ
2026-08-13,65790,Ｇ－ログリー,2027年３月期 第１四半期決算短信〔日本基準〕（連結）
2026-08-13,65790,Ｇ－ログリー,2027年３月期 第１四半期決算説明資料
2026-08-13,65990,エブレン,2027年３月期 第１四半期決算短信〔日本基準〕（連結）
2026-08-13,66250,ＪＡＬＣＯ ＨＤ,2027年３月期 第１四半期決算短信〔日本基準〕(連結)
2026-08-13,66350,大日光,2026年12月期第２四半期（中間期）連結業績予想と実績値との差異に関するお知らせ
2026-08-13,66350,大日光,2026年12月期 第2四半期（中間期）決算短信〔日本基準〕(連結)
2026-08-13,66940,ズーム,2026年12月期第２四半期（中間期）決算短信〔日本基準〕(連結)
2026-08-13,66940,ズーム,2026年12月期 第２四半期（中間期）決算説明会資料
2026-08-13,66940,ズーム,特別利益の計上及び連結業績予想の修正に関するお知らせ
2026-08-13,67070,サンケン電,2027年３月期 第１四半期決算補足資料（データ）
2026-08-13,67070,サンケン電,2027年３月期 第１四半期決算補足資料（市場環境）
2026-08-13,67070,サンケン電,2027年３月期 第１四半期決算短信〔日本基準〕（連結）
2026-08-13,67500,エレコム,2027年3月期 第1四半期決算短信〔日本基準〕（連結）
2026-08-13,68900,フェローテック,リストリクテッド・ストック・ユニット（RSU）としての自己株式の処分の払込完了に関するお知らせ
2026-08-13,69040,原田工業,2027年3月期第1四半期決算短信〔日本基準〕（連結）
2026-08-13,69180,アバール,業績予想の修正に関するお知らせ
2026-08-13,69180,アバール,2027年３月期 第１四半期決算短信〔日本基準〕(非連結)
2026-08-13,69180,アバール,自己株式の消却に関するお知らせ
2026-08-13,69770,日抵抗器,業績予想の修正に関するお知らせ
2026-08-13,70360,Ｇ－イーエムネットＪ,（訂正）「2026年12月期 第２四半期決算説明資料」の一部訂正について
2026-08-13,70420,アクセスグループ,アスリート学生向け就職支援サービス「スポキャリ事業」に関する株式会社スポキャリとの業務提携契約についてのお知らせ
2026-08-13,70630,Ｇ－Ｂｉｒｄｍａｎ,(開示事項の経過)学生ランウェイエリアイベント「GAKUSEI RUNWAY 2026 WINTER in YOKOHAMA」開催決定に関するお知らせ
2026-08-13,70690,Ｇ－サイバー・バズ,2026年９月期 第３四半期決算短信〔日本基準〕〈連結〉
2026-08-13,70690,Ｇ－サイバー・バズ,2026年9月期 第3四半期決算説明資料
2026-08-13,70690,Ｇ－サイバー・バズ,連結子会社の異動（株式譲渡）及び特別利益の計上に関するお知らせ
2026-08-13,70780,Ｇ－ＩＮＣ ＨＤ,2027年5月期第1四半期決算短信〔日本基準〕（連結）
2026-08-13,70780,Ｇ－ＩＮＣ ＨＤ,2027年5月期第1四半期決算補足資料
2026-08-13,70780,Ｇ－ＩＮＣ ＨＤ,決算期の変更に伴う通期連結業績予想の修正に関するお知らせ
2026-08-13,71140,Ｇ－フーディソン,2027年３月期 第１四半期決算短信〔日本基準〕（連結）
2026-08-13,71140,Ｇ－フーディソン,2027年3月期 第1四半期 決算説明資料
2026-08-13,71180,伸和ホールディングス,2027年３月期 第１四半期決算短信〔日本基準〕（連結）
2026-08-13,71270,一家ホールディングス,2027年３月期 第１四半期決算短信〔日本基準〕（連結）
2026-08-13,71270,一家ホールディングス,2027年３月期第１四半期決算補足資料
2026-08-13,71380,Ｇ－ＴＯＲＩＣＯ,2027年３月期 第１四半期決算短信〔日本基準〕(連結)
2026-08-13,71380,Ｇ－ＴＯＲＩＣＯ,2027年３月期 第１四半期決算説明資料
2026-08-13,71380,Ｇ－ＴＯＲＩＣＯ,ETH建てヘッジファンドへの出資に関するお知らせ
2026-08-13,71380,Ｇ－ＴＯＲＩＣＯ,営業外費用（暗号資産評価損）の計上に関するお知らせ
2026-08-13,73470,マーキュリアＨＤ,2026年12月期 第2四半期（中間期）決算短信〔日本基準〕（連結）
2026-08-13,73470,マーキュリアＨＤ,2026年12月期 第2四半期 決算ハイライト
2026-08-13,73560,Ｇ－Ｒｅｔｔｙ,2026年９月期第３四半期決算短信〔日本基準〕(非連結)
2026-08-13,73560,Ｇ－Ｒｅｔｔｙ,2026年9月期第３四半期決算説明資料
2026-08-13,73560,Ｇ－Ｒｅｔｔｙ,通期業績予想の修正に関するお知らせ
2026-08-13,73670,セルム,自己株式の消却に関するお知らせ
2026-08-13,73670,セルム,2027年3月期第１四半期決算説明資料
2026-08-13,73670,セルム,2027年３月期第１四半期決算短信〔日本基準〕(連結)
2026-08-13,73690,Ｇ－メイホーＨＤ,2026年6月期決算短信〔日本基準〕(連結)
2026-08-13,73690,Ｇ－メイホーＨＤ,2026年6月期決算説明資料
2026-08-13,74090,Ｇ－ＡｅｒｏＥｄｇｅ,2026年6月期 決算短信〔日本基準〕(連結)
2026-08-13,74090,Ｇ－ＡｅｒｏＥｄｇｅ,2026年6月期 決算補足資料
2026-08-13,74620,ＣＡＰＩＴＡ,株式会社桃の木による当社株式に対する公開買付けに関する意見表明のお知らせ
2026-08-13,74620,ＣＡＰＩＴＡ,株式会社桃の木による株式会社ＣＡＰＩＴＡ（証券コード：7462）の株券等に対する公開買付けの開始に関するお知らせ
2026-08-13,74620,ＣＡＰＩＴＡ,2027年３月期 第１四半期決算短信〔日本基準〕（連結）
2026-08-13,74620,ＣＡＰＩＴＡ,株式会社ＣＡＰＩＴＡ2027年3月期第1四半期決算短信補足資料
2026-08-13,75620,安楽亭,2027年3月期第1四半期決算短信〔日本基準〕（連結）
2026-08-13,75850,かんなん,2026年６月期 決算短信〔日本基準〕（非連結）
2026-08-13,75850,かんなん,特別損失の計上及び通期業績予想と実績値との差異に関するお知らせ
2026-08-13,75850,かんなん,剰余金の配当（無配）に関するお知らせ
2026-08-13,75850,かんなん,2027年６月期 月次売上状況について（７月度）
2026-08-13,76980,アイスコ,2027年３月期第１四半期決算短信〔日本基準〕(非連結)
2026-08-13,77350,スクリン,2027年3月期 第1四半期決算短信〔日本基準〕（連結）（公認会計士等による期中レビューの完了）
2026-08-13,77760,Ｇ－セルシード,2026年12月期 第２四半期（中間期）決算短信〔日本基準〕（非連結）
2026-08-13,77760,Ｇ－セルシード,営業外損益及び特別損失の計上に関するお知らせ
2026-08-13,77760,Ｇ－セルシード,2026年12月期 第２四半期（中間期）業績予想値と実績値との差異に関するお知らせ
2026-08-13,77790,Ｇ－サイバダイン－議,2027年３月期 第１四半期決算短信〔ＩＦＲＳ〕（連結）
2026-08-13,77940,Ｇ－イーディーピー,2027年３月期 第１四半期決算短信〔日本基準〕（連結）
2026-08-13,78030,Ｇ－ブシロード,2026年６月期 決算短信〔日本基準〕（連結）
2026-08-13,78030,Ｇ－ブシロード,2026年6月期 通期決算説明資料
2026-08-13,78030,Ｇ－ブシロード,連結子会社からの配当金受領に関するお知らせ
2026-08-13,78140,日本創発Ｇ,2026年12月期 第２四半期（中間期）決算短信〔日本基準〕（連結）
2026-08-13,78510,カワセコンピュ,令和９年３月期 第１四半期決算短信〔日本基準〕（非連結）
2026-08-13,78860,ヤマトモビＭｆｇ,2027年３月期 第１四半期決算短信〔日本基準〕（連結）
2026-08-13,78860,ヤマトモビＭｆｇ,2027年３月期 第１四半期決算短信補足資料
2026-08-13,79150,ＮＩＳＳＨＡ,2026年12月期半期報告書の提出期限延長に関する承認申請書提出のお知らせ
2026-08-13,79570,フジコピアン,第三者割当による第２回新株予約権（行使価額修正条項付）の大量行使に関するお知らせ
2026-08-13,80390,築地魚,2027年3月期 第1四半期決算短信〔日本基準〕（連結）
2026-08-13,80430,スターゼン,2027年３月期 第１四半期決算短信〔日本基準〕(連結)
2026-08-13,80430,スターゼン,配当予想の修正（増配）に関するお知らせ
2026-08-13,80430,スターゼン,2027年3月期 第1四半期 決算補足資料
2026-08-13,80660,三谷商,自己株式取得に係る事項の決定に関するお知らせ
2026-08-13,80660,三谷商,自己株式立会外買付取引（ＴｏＳＴＮｅＴ－３）による自己株式の買付けに関するお知らせ
2026-08-13,80660,三谷商,2027年３月期 第１四半期決算短信〔日本基準〕(連結)
2026-08-13,81450,中部水,2027年３月期 第１四半期決算短信〔日本基準〕（非連結）
2026-08-13,81540,加賀電子,2027年３月期 第１四半期決算短信〔日本基準〕（連結）
2026-08-13,81540,加賀電子,2027年３月期 通期業績予想の修正（上方修正）に関するお知らせ
2026-08-13,81540,加賀電子,2027年３月期（第59期）第１四半期 決算説明資料
2026-08-13,83090,三井住友トラストＧ,2027年3月期第1四半期 自己資本比率について
2026-08-13,85080,Ｊトラスト,自己株式取得に係る事項の変更（取得枠の拡大）に関するお知らせ
2026-08-13,85700,イオンＦＳ,主要株主の異動に関するお知らせ
2026-08-13,87370,あかつき本社,2027年３月期第１四半期決算短信〔日本基準〕（連結）
2026-08-13,87370,あかつき本社,連結子会社（あかつき証券株式会社）の2027年３月期第１四半期決算について
2026-08-13,87460,ｕｎｂａｎｋｅｄ,2027年３月期第１四半期業績見通しに関するお知らせ
2026-08-13,87980,アドバンスクリエイト,再発防止策（骨子）の策定に関するお知らせ
2026-08-13,87980,アドバンスクリエイト,2026年9月期第3四半期決算短信の開示が四半期末後45日を超えることに関するお知らせ
2026-08-13,89120,エリアクエスト,2026年6月期 決算短信〔日本基準〕（連結）
2026-08-13,89460,エイシアンスター,2026年12月期 第2四半期（中間期）決算短信〔日本基準〕（連結）
2026-08-13,89520,Ｒ－ジャパン,借入金の期限前弁済に関するお知らせ
2026-08-13,89540,Ｒ－オリックスＦ,資金の借入及び借入金の期限前弁済に関するお知らせ
2026-08-13,89540,Ｒ－オリックスＦ,（変更）国内不動産信託受益権の取得（天神ノースフロントビル）に関するお知らせ
2026-08-13,90730,京極運輸,2027年3月期 第1四半期決算短信〔日本基準〕(連結)
2026-08-13,91730,東海船,2026年12月期 第２四半期（中間期）決算短信[日本基準]（連結）
2026-08-13,91730,東海船,法人税等調整額（益）の計上に関するお知らせ
2026-08-13,91730,東海船,取締役の辞任に関するお知らせについて
2026-08-13,92710,Ｇ－和心,2026年12月期 第２四半期（中間期）決算短信［日本基準］（連結）
2026-08-13,92710,Ｇ－和心,2026年12月期 第２四半期 決算説明資料
2026-08-13,93220,川西倉庫,2027年３月期 第１四半期決算短信〔日本基準〕（連結）
2026-08-13,93460,Ｇ－ココルポート,2026年６月期 決算短信〔日本基準〕(非連結)
2026-08-13,93460,Ｇ－ココルポート,2026年６月期 決算説明資料
2026-08-13,93460,Ｇ－ココルポート,剰余金の配当（増配）及び配当政策の基本方針の変更 （配当性向の変更・中間配当の実施）に関するお知らせ
2026-08-13,93630,大運,2027年3月期 第1四半期決算短信〔日本基準〕（非連結）
2026-08-13,93640,上組,2027年3月期 第1四半期決算短信〔日本基準〕（連結）
2026-08-13,93650,トレーディア,2027年３月期第１四半期決算短信〔日本基準〕（連結）
2026-08-13,93800,東海運,自己株式立会外買付取引(ToSTNeT-3)による自己株式の取得結果および取得終了に関するお知らせ
2026-08-13,93990,ビート,2026年12月期 第2四半期（中間期）決算短信〔日本基準〕（連結）
2026-08-13,93990,ビート,営業外収益及び営業外費用の計上に関するお知らせ
2026-08-13,94190,ワイヤレスゲート,2026年12月期 第2四半期（中間期）決算短信〔日本基準〕（連結）
2026-08-13,94190,ワイヤレスゲート,2026年12月期 第2四半期 決算説明資料
2026-08-13,94350,光通信,2027年３月期 第１四半期決算短信〔IFRS〕（連結）
2026-08-13,94350,光通信,2027年３月期 第１四半期決算説明資料
2026-08-13,94350,光通信,剰余金の配当および配当予想の修正に関するお知らせ
2026-08-13,94680,ＫＡＤＯＫＡＷＡ,2027年3月期 第1四半期決算短信〔日本基準〕（連結）
2026-08-13,94680,ＫＡＤＯＫＡＷＡ,業績予想の修正に関するお知らせ
2026-08-13,95010,東電力ＨＤ,2027年３月期 第１四半期決算短信〔日本基準〕(連結)(公認会計士等による期中レビューの完了)
2026-08-13,96210,建設技研,2026年12月期第２四半期（中間期）決算短信〔日本基準〕(連結)
2026-08-13,96210,建設技研,第64期(2026年) 第２四半期 決算報告
2026-08-13,96250,セレスポ,2027年3月期 第1四半期決算短信〔日本基準〕（非連結）
2026-08-13,96580,ビジ太田昭和,業績予想の修正に関するお知らせ
2026-08-13,96580,ビジ太田昭和,2027年３月期 第１四半期決算短信〔ＩＦＲＳ〕（連結）
2026-08-13,96580,ビジ太田昭和,2027年3月期 第1四半期 決算説明資料
2026-08-13,97040,アゴーラＨＧ,営業外収益および営業外費用の計上に関するお知らせ
2026-08-13,97040,アゴーラＨＧ,第２四半期（中間）業績予想と実績値との差異に関するお知らせ
2026-08-13,97040,アゴーラＨＧ,2026年12月期 第２四半期（中間期）決算短信〔日本基準〕（連結）
2026-08-13,97310,白洋舎,2026年12月期 第２四半期（中間期）決算短信〔日本基準〕（連結）
2026-08-13,97310,白洋舎,2026年12月期 第２四半期決算説明資料
2026-08-13,97400,ＣＳＰ,和解による損害賠償請求訴訟の解決に関するお知らせ
2026-08-13,97690,学究社,2027年３月期 第１四半期決算短信〔日本基準〕(連結)
2026-08-13,99360,王将フード,オーストラリア子会社設立登記完了に関するお知らせ
2026-08-13,99940,やまや,2027年３月期 第１四半期決算短信〔日本基準〕（連結）
2026-08-14,13264,Ｅ－ワールド,SPDRゴールド・シェアに関する日々の開示事項
2026-08-14,13294,Ｅ－ブラックロック,上場ETF（管理会社：ブラックロック・ジャパン）に関する日々の開示事項
2026-08-14,13494,Ｅ－ＳＳＧＡ－ＳＩＮ,アジア国債・公債ＥＴＦ（正式名称：ＡＢＦ汎アジア債券インデックス・ファンド）に関する日々の開示事項
2026-08-14,134A0,Ｐ－アプライズ,2026年12月期 中間決算短信〔日本基準〕（非連結）
2026-08-14,13800,秋川牧園,2027年３月期 第１四半期決算短信〔日本基準〕（連結）
2026-08-14,14430,技研ホールディングス,2027年３月期 第１四半期決算短信〔日本基準〕(連結)
2026-08-14,145A0,Ｇ－エルイズビー,2026年12月期 第２四半期（中間期）決算短信〔日本基準〕(連結)
2026-08-14,145A0,Ｇ－エルイズビー,2026年12月期 第２四半期 決算説明資料
2026-08-14,14910,中外鉱,2027年３月期 第１四半期決算短信〔日本基準〕（連結）
2026-08-14,14910,中外鉱,2027年３月期第２四半期（中間期）業績予想の修正に関するお知らせ
2026-08-14,153A0,Ｇ－カウリス,通期業績予想の修正に関するお知らせ
2026-08-14,153A0,Ｇ－カウリス,2026年12月期 第２四半期決算短信〔日本基準〕（非連結）
2026-08-14,153A0,Ｇ－カウリス,2026年12月期 第２四半期決算説明資料
2026-08-14,153A0,Ｇ－カウリス,（訂正）「2026年12月期第１四半期決算説明資料」の一部訂正について
2026-08-14,154A0,Ｐ－ＧＡＩＡ,2026年12月期 中間決算短信〔日本基準〕（非連結）
2026-08-14,15510,スタンダドＴＯＰ２０,2026年7月期（2025年7月9日～2026年7月8日）決算短信
2026-08-14,15574,Ｅ－ＳＳＧＡＴＣ,State Street SPDR S&P500 ETFに関する日々の開示事項
2026-08-14,15630,東証グロース・コア,2026年7月期（2025年7月9日～2026年7月8日）決算短信
2026-08-14,157A0,Ｇ－Ｇモンスター,2026年６月期決算短信〔日本基準〕(連結)
2026-08-14,157A0,Ｇ－Ｇモンスター,2026年6月期通期決算説明資料
2026-08-14,157A0,Ｇ－Ｇモンスター,2026年6月期通期業績予想と実績値との差異、固定資産の減損損失の計上及び2027年6月期の業績予想に関するお知らせ
2026-08-14,157A0,Ｇ－Ｇモンスター,定款一部変更に関するお知らせ
2026-08-14,158A0,Ｐ－エクセリ,2026年12月期 中間決算短信〔日本基準〕（非連結）
2026-08-14,158A0,Ｐ－エクセリ,TOKYO PRO Marketへの上場目的の開示について
2026-08-14,160A0,アズパートナーズ,2027年３月期 第１四半期決算短信〔日本基準〕（非連結）
2026-08-14,160A0,アズパートナーズ,2027年3月期第1四半期決算説明資料
2026-08-14,16714,Ｅ－シンプレクス,上場ＥＴＦ(管理会社：シンプレクス・アセット・マネジメント)に関する日々の開示事項
2026-08-14,16724,Ｅ－ＷｉｓｄｏｍＴｒ,上場ETF（管理会社：WisdomTree、外国投資法人：MSL）に関する日々の開示事項
2026-08-14,16724,Ｅ－ＷｉｓｄｏｍＴｒ,上場ETF（管理会社：WisdomTree、外国投資法人：CSL）に関する日々の開示事項
2026-08-14,17110,ＳＤＳＨＤ,2027年３月期 第１四半期決算短信〔日本基準〕（連結）
2026-08-14,17160,第一カッター,2026年6月期 決算短信〔日本基準〕(連結)
2026-08-14,17160,第一カッター,自己株式取得に係る事項の決定に関するお知らせ
2026-08-14,17160,第一カッター,2026年６月期 配当予想の修正に関するお知らせ
2026-08-14,171A0,Ｐ－ゼロジャパン,2026年６月期 決算短信〔日本基準〕（連結）
2026-08-14,17210,コムシスＨＤ,2027年3月期 第1四半期決算短信〔日本基準〕（連結）（公認会計士等による期中レビューの完了）
2026-08-14,173A0,Ｇ－ハンモック,2027年３月期第１四半期決算短信〔日本基準〕（非連結）
2026-08-14,173A0,Ｇ－ハンモック,2027年３月期第１四半期決算説明資料
2026-08-14,173A0,Ｇ－ハンモック,配当方針の変更（配当性向の目標の設定とDOE指標の新設、中間配当の導入）及び配当予想の修正（増配）に関するお知らせ
2026-08-14,175A0,Ｇ－ウィルスマート,2026年12月期 第２四半期（中間期）決算短信〔日本基準〕（非連結）
2026-08-14,175A0,Ｇ－ウィルスマート,2026年12月期 第２四半期決算説明資料
2026-08-14,175A0,Ｇ－ウィルスマート,「継続企業の前提に関する注記」の記載解消に関するお知らせ
2026-08-14,175A0,Ｇ－ウィルスマート,固定資産の取得に関するお知らせ
2026-08-14,177A0,Ｇ－コージンバイオ,2027年３月期第１四半期決算短信〔日本基準〕(連結)
2026-08-14,17830,ｆａｎｔａｓｉｓｔａ,株主優待制度の内容変更（拡充）に関するお知らせ
2026-08-14,17830,ｆａｎｔａｓｉｓｔａ,2026年９月期第３四半期決算短信〔日本基準〕(連結)
2026-08-14,17880,三東工業,令和８年６月期 決算短信〔日本基準〕（連結）
2026-08-14,17880,三東工業,剰余金の配当に関するお知らせ
2026-08-14,196A0,Ｇ－ＭＦＳ,決算説明会および質疑応答書き起こしのお知らせ
2026-08-14,196A0,Ｇ－ＭＦＳ,Transcript of the Financial Results Briefing and Q&A Session
2026-08-14,19810,協和日成,譲渡制限付株式報酬としての自己株式の処分の払込完了に関するお知らせ
2026-08-14,206A0,Ｇ－ＰＲＩＳＭＢｉｏ,2026年９月期第３四半期決算短信〔日本基準〕(非連結)
2026-08-14,20704,Ｎ－三菱ＵＦＪ証ＨＤ,上場ETN（発行者：三菱UFJ証券ホールディングス株式会社）に関する日々の開示事項
2026-08-14,208A0,構造計画ＨＤ,自己株式立会外買付取引（ＴｏＳＴＮｅＴ－３）による自己株式の買付けに関するお知らせ
2026-08-14,21340,キタハマキャピタル,2027年３月期第１四半期決算短信〔日本基準〕（連結）
2026-08-14,21340,キタハマキャピタル,株式会社ファーニスジャパンの転換社債型新株予約権付社債の引受に関するお知らせ
2026-08-14,21340,キタハマキャピタル,営業外損益及び特別利益の計上に関するお知らせ
2026-08-14,21370,Ａ－Ｈヴェラス,2027年３月期 第１四半期決算短信〔日本基準〕（非連結）
2026-08-14,21580,Ｇ－ＦＲＯＮＴＥＯ,2027年３月期 第１四半期決算短信〔日本基準〕（連結）
2026-08-14,21600,Ｇ－ＧＮＩ,2026年12月期 第２四半期（中間期）決算短信〔ＩＦＲＳ〕（連結）
2026-08-14,21600,Ｇ－ＧＮＩ,通期業績予想の修正に関するお知らせ
2026-08-14,216A0,Ｐ－ライフクリエイト,2026年12月期 中間決算短信〔日本基準〕（連結）
2026-08-14,21730,Ｇ－博展,2026年12月期 第2四半期（中間期）決算短信〔日本基準〕（連結）
2026-08-14,21730,Ｇ－博展,2026年12月期 第2四半期 決算説明資料
2026-08-14,21730,Ｇ－博展,剰余金の配当（中間配当）に関するお知らせ
2026-08-14,21830,リニカル,2027年３月期 第１四半期決算短信〔日本基準〕（連結）
2026-08-14,21830,リニカル,2027年3月期 第1四半期決算 補足説明資料
2026-08-14,219A0,Ｇ－ハートシード,2026年12月期 第２四半期（中間期）決算短信〔日本基準〕（非連結）
2026-08-14,219A0,Ｇ－ハートシード,営業外収益の計上に関するお知らせ
2026-08-14,219A0,Ｇ－ハートシード,特殊当座借越契約の締結に関する知らせ
2026-08-14,22150,第一パン,2026年12月期 第２四半期（中間期）決算短信〔日本基準〕(連結)
2026-08-14,226A0,Ｐ－勝美ジャパン,上場目的の開示に関するお知らせ
2026-08-14,227A0,Ｐ－インサイトラボ,2026年12月期 中間決算短信〔日本基準〕（非連結）
2026-08-14,23070,クロスキャット,譲渡制限付株式報酬としての自己株式の処分の払込完了に関するお知らせ
2026-08-14,23290,東北新社,2027年３月期 第１四半期決算短信〔日本基準〕（連結）
2026-08-14,23300,フォーサイド,2026年12月期 第２四半期（中間期）決算短信〔日本基準〕（連結）
2026-08-14,23340,Ｇ－イオレ,2027年3月期 第1四半期決算短信（連結・日本基準）
2026-08-14,23340,Ｇ－イオレ,2027年3月期1Q決算補足資料
2026-08-14,23340,Ｇ－イオレ,CRO就任に関するお知らせ
2026-08-14,23340,Ｇ－イオレ,営業外費用（暗号資産評価損）の計上に関するお知らせ
2026-08-14,23400,極楽湯ＨＤ,2027年３月期第１四半期決算短信〔日本基準〕(連結)
2026-08-14,23510,ＡＳＪ,2027年3月期第1四半期決算短信〔IFRS〕（連結）
2026-08-14,23710,カカクコム,（変更）「Kamgras １株式会社による当社株券等に対する公開買付けに関する賛同の意見表明及び応募推奨のお知らせ」の一部変更に関するお知らせ
2026-08-14,23880,Ｇ－ウェッジＨＤ,営業外収益の増加、営業外費用の増加、特別損失の計上及び法人税等調整額（益）の計上に関するお知らせ
2026-08-14,23880,Ｇ－ウェッジＨＤ,特別損失（貸倒引当金繰入額）の計上及び関係会社株式（持分法適用関連会社株式）の評価減に関するお知らせ
2026-08-14,23880,Ｇ－ウェッジＨＤ,令和８年９月期 第３四半期決算短信〔日本基準〕(連結)
2026-08-14,241A0,Ｇ－ＲＯＸＸ,2026年９月期第３四半期 決算説明会 Transcriptの公開に関するお知らせ
2026-08-14,241A0,Ｇ－ＲＯＸＸ,2026年９月期第３四半期 決算説明会 Q&Aの公開に関するお知らせ
2026-08-14,242A0,Ｑ－リプライオリティ,2026年９月期第３四半期決算短信〔日本基準〕(連結)
2026-08-14,242A0,Ｑ－リプライオリティ,2026年９月期第３四半期 決算ハイライト
2026-08-14,24350,シダー,2027年３月期 第１四半期決算短信〔日本基準〕（連結）
2026-08-14,24670,ＶＬＣセキュリティ,2027年３月期 第１四半期決算短信〔日本基準〕（連結）
2026-08-14,24670,ＶＬＣセキュリティ,2027年３月期 第１四半期決算説明資料
2026-08-14,24670,ＶＬＣセキュリティ,2027年３月期 第１四半期末その他有価証券評価差額金の増加及び繰延税金負債計上に関するお知らせ
2026-08-14,247A0,Ｇ－Ａｉロボティクス,2027年３月期 第１四半期決算短信〔日本基準〕（連結）
2026-08-14,247A0,Ｇ－Ａｉロボティクス,2027年３月期 第１四半期決算説明資料
2026-08-14,24980,オリコンＨＤ,2026年９月期 第３四半期決算短信〔日本基準〕（連結）
2026-08-14,24990,日本和装,2026年12月期 第２四半期（中間期）決算短信〔日本基準〕（連結）
2026-08-14,24990,日本和装,2026年12月期 第２四半期決算補足資料
2026-08-14,25020,アサヒ,2026年12月期 第１四半期決算短信〔ＩＦＲＳ〕（連結）
2026-08-14,25020,アサヒ,2026年12月期 第１四半期決算補足資料
2026-08-14,25020,アサヒ,2026年12月期 第２四半期（中間期）決算短信〔ＩＦＲＳ〕（連結）
2026-08-14,25020,アサヒ,2026年12月期 第２四半期（中間期）決算補足資料
2026-08-14,25160,東証グロース２５０,2026年7月期（2025年7月9日～2026年7月8日）決算短信
2026-08-14,252A0,Ｐ－ウェッジ,TOKYO PRO Marketへの上場目的の開示について
2026-08-14,252A0,Ｐ－ウェッジ,2026年12月期 中間決算短信〔日本基準〕(連結)
2026-08-14,254A0,ＡＩフュージョンＣＧ,2027年３月期 第１四半期決算短信〔ＩＦＲＳ〕（連結）
2026-08-14,254A0,ＡＩフュージョンＣＧ,(訂正・数値データ訂正)「2026年３月期決算短信〔ＩＦＲＳ〕（連結）」の一部訂正について
2026-08-14,25860,Ｇ－フルッタフルッタ,2027年3月期 第1四半期決算短信〔日本基準〕（非連結）
2026-08-14,25860,Ｇ－フルッタフルッタ,2027年3月期 第1四半期決算補足説明資料
2026-08-14,25970,ユニカフェ,業績予想の修正に関するお知らせ
2026-08-14,25970,ユニカフェ,2026年12月期 第2四半期(中間期)決算短信〔日本基準〕（連結）
2026-08-14,261A0,日水コン,剰余金の配当（中間配当）に関するお知らせ
2026-08-14,261A0,日水コン,2026年12月期第2四半期決算説明資料
2026-08-14,261A0,日水コン,2026年12月期 第２四半期（中間期）決算短信〔日本基準〕（連結）
2026-08-14,264A0,Ｇ－Ｓｃｈｏｏ,2026年９月期 第３四半期決算短信〔日本基準〕（非連結）
2026-08-14,264A0,Ｇ－Ｓｃｈｏｏ,2026年９月期 第３四半期決算説明資料
2026-08-14,264A0,Ｇ－Ｓｃｈｏｏ,株主優待制度の新設に関するお知らせ
2026-08-14,26520,まんだらけ,2026年９月期 第３四半期決算短信〔日本基準〕（非連結）
2026-08-14,26540,アスモ,2027年３月期第１四半期決算短信〔日本基準〕(連結)
2026-08-14,26560,ベクターＨＤ,2027年３月期 第１四半期決算短信〔日本基準〕(連結)
2026-08-14,265A0,Ｇ－エイチエムコム,2026年12月期 第２四半期（中間期）決算短信〔日本基準〕(連結)
2026-08-14,265A0,Ｇ－エイチエムコム,連結決算開始に伴う連結業績予想に関するお知らせ
2026-08-14,265A0,Ｇ－エイチエムコム,AIプラットフォーム企業への事業転換に向けた「Voice AI Agent Platform」戦略の策定について
2026-08-14,265A0,Ｇ－エイチエムコム,「Voice AI Agent Platform」エコシステム構築に向けた戦略投資方針について
2026-08-14,265A0,Ｇ－エイチエムコム,2026年12月期 第２四半期決算説明資料
2026-08-14,26660,オートウェーブ,2027年３月期 第１四半期決算短信〔日本基準〕（非連結）
2026-08-14,26670,イメージワン,募集新株予約権（有償ストック・オプション）の払込完了に関するお知らせ
2026-08-14,26730,夢みつけ隊,営業外収益（持分法による投資利益）の計上に関するお知らせ
2026-08-14,26730,夢みつけ隊,令和9年3月期 第1四半期決算短信〔日本基準〕(連結)
2026-08-14,27080,久世,2027年３月期 第１四半期決算短信［日本基準］（連結）
2026-08-14,27210,ＪＨＤ,2026年12月期 第２四半期（中間期）決算短信〔日本基準〕（連結）
2026-08-14,27500,石光商事,2026年７月度 月次売上高（速報）に関するお知らせ
2026-08-14,27500,石光商事,2027年３月期 第１四半期決算短信〔日本基準〕（連結）
2026-08-14,27500,石光商事,連結子会社における固定資産の譲渡及び特別利益の計上に関するお知らせ
2026-08-14,27620,ＳＡＮＫＯ ＭＦ,2026年６月期 決算短信〔日本基準〕（連結）
2026-08-14,27620,ＳＡＮＫＯ ＭＦ,代表取締役の異動に関するお知らせ
2026-08-14,27620,ＳＡＮＫＯ ＭＦ,特別利益の計上に関するお知らせ
2026-08-14,27620,ＳＡＮＫＯ ＭＦ,特別損失の計上に関するお知らせ
2026-08-14,286A0,Ｇ－ユカリア,2026年12月期 第2四半期（中間期）決算短信〔日本基準〕(連結)
2026-08-14,286A0,Ｇ－ユカリア,2026年12月期 第2四半期決算説明資料
2026-08-14,28740,ヨコレイ,2026年９月期 第３四半期決算短信〔日本基準〕（連結）
2026-08-14,28740,ヨコレイ,2026年9月期通期業績予想の修正に関するお知らせ
2026-08-14,28760,デルソーレ,2027年３月期 第１四半期決算短信〔日本基準〕（非連結）
2026-08-14,290A0,Ｇ－Ｓｙｎｓ,2026年12月期第２四半期（中間期）決算短信〔日本基準〕(連結)
2026-08-14,290A0,Ｇ－Ｓｙｎｓ,2026年12月期第２四半期決算説明資料
2026-08-14,290A0,Ｇ－Ｓｙｎｓ,本店移転日の決定及びヤマトテクノロジーセンター増床に関するお知らせ
2026-08-14,29100,ロックフィルド,譲渡制限付株式報酬としての自己株式の処分完了に関するお知らせ
2026-08-14,29260,篠崎屋,創業40周年特別配当（配当予想の修正）に関するお知らせ
2026-08-14,29280,Ａ－ＲＩＺＡＰ Ｇ,2027年３月期 第１四半期決算短信〔ＩＦＲＳ〕（連結）
2026-08-14,292A0,Ｐ－エスアイイー,2026年12月期 中間決算短信〔日本基準〕(非連結)
2026-08-14,29620,テクニスコ,連結業績予想と実績値との差異に関するお知らせ
2026-08-14,29620,テクニスコ,2026年６月期 決算短信〔日本基準〕（連結）
2026-08-14,298A0,Ｇ－ＧＶＡＴＥＣＨ,2026年12月期 第２四半期（中間期）決算短信〔日本基準〕（非連結）
2026-08-14,298A0,Ｇ－ＧＶＡＴＥＣＨ,2026年12月期 第２四半期決算説明会資料
2026-08-14,29940,Ｐ－アンサーＨＤ,2026年6月期 決算短信〔日本基準〕（連結）
2026-08-14,29980,Ｇ－クリアル,2027年３月期第１四半期決算短信〔日本基準〕(連結)
2026-08-14,29980,Ｇ－クリアル,2027年3月期第1四半期 決算説明資料
2026-08-14,29980,Ｇ－クリアル,シンガポールの不動産共同投資プラットフォーム「RealVantage」と戦略的業務提携に関する基本合意書締結のお知らせ
2026-08-14,29980,Ｇ－クリアル,シンガポールの不動産共同投資プラットフォーム「RealVantage」と戦略的業務提携に関する基本合意書締結のお知らせ（補足説明資料）
2026-08-14,302A0,Ｇ－ビースタイルＨＤ,2027年３月期第１四半期決算短信〔日本基準〕(連結)
2026-08-14,302A0,Ｇ－ビースタイルＨＤ,2027年３月期第１四半期 決算説明資料
2026-08-14,30410,ビューティカダンＨＤ,2026年６月期決算短信〔日本基準〕(連結)
2026-08-14,30410,ビューティカダンＨＤ,役員報酬の減額に関するお知らせ
2026-08-14,30410,ビューティカダンＨＤ,定款一部変更に関するお知らせ
2026-08-14,30420,セキュアヴェイル,2027年３月期 第１四半期決算短信〔日本基準〕（連結）
2026-08-14,30420,セキュアヴェイル,自己株式の取得に係る事項の決定に関するお知らせ
2026-08-14,30420,セキュアヴェイル,2027年3月期 第1四半期 決算説明サマリー
2026-08-14,30530,ペッパー,2026年12月期 中間期業績予想値と実績値との差異及び通期業績予想値の修正に関するお知らせ
2026-08-14,30530,ペッパー,中期経営計画の進捗及び見直しに関するお知らせ
2026-08-14,30530,ペッパー,2026年12月期 第２四半期（中間期）決算短信〔日本基準〕（非連結）
2026-08-14,305A0,Ｐ－ダブルツリー,2026年12月期 中間決算短信〔日本基準〕（連結）
2026-08-14,30670,東京一番フーズ,令和８年９月期 第３四半期決算短信〔日本基準〕(連結)
2026-08-14,30770,ホリイフード,2026年11月期 月次売上速報（7月度）のお知らせ
2026-08-14,307A0,Ｐ－ハウジング・Ｓ,2026年６月期 決算短信〔日本基準〕（非連結）
2026-08-14,308A0,Ｐ－ぽすとめいとＨＤ,2026年６月期 決算短信〔日本基準〕（連結）
2026-08-14,310A0,Ｐ－サーティーフォー,2026年12月期 中間決算短信〔日本基準〕（連結）
2026-08-14,31130,ＵＮＩＶＡ・Ｏａｋ,2027年3月期 第1四半期決算短信〔日本基準〕（連結）
2026-08-14,31130,ＵＮＩＶＡ・Ｏａｋ,2027年3月期第1四半期決算説明資料
2026-08-14,31130,ＵＮＩＶＡ・Ｏａｋ,2027年3月期通期連結業績予想の修正に関するお知らせ
2026-08-14,31130,ＵＮＩＶＡ・Ｏａｋ,営業外収益、営業外費用及び特別利益の計上に関するお知らせ
2026-08-14,31330,Ｇ－海帆,2027年３月期第１四半期決算短信〔日本基準〕（連結）
2026-08-14,31330,Ｇ－海帆,営業外収益及び営業外費用並びに特別利益及び特別損失の計上に関するお知らせ
2026-08-14,31330,Ｇ－海帆,2027年3月期第1四半期決算短信のレビュー結論不表明に関するお知らせ
2026-08-14,31330,Ｇ－海帆,株主優待券のご利用に関するお知らせ
2026-08-14,31330,Ｇ－海帆,（開示事項の経過）連結子会社におけるネパール水力発電事業の進捗状況および収益化予定時期の変更に関するお知らせ
2026-08-14,31350,マーケットエンター,通期業績予想と実績との差異についてのお知らせ
2026-08-14,31350,マーケットエンター,2026年６月期決算短信〔日本基準〕(連結)
2026-08-14,31350,マーケットエンター,2026年６月期通期決算説明資料
2026-08-14,31350,マーケットエンター,月次売上高（速報）の開示の変更に関するお知らせ
2026-08-14,31400,Ｇ－ＢＲＵＮＯ,繰延税金資産の計上及び通期業績予想値と実績値との差異に関するお知らせ
2026-08-14,31400,Ｇ－ＢＲＵＮＯ,剰余金の配当（増配）に関するお知らせ
2026-08-14,31400,Ｇ－ＢＲＵＮＯ,2026年6月期通期 決算説明資料
2026-08-14,31400,Ｇ－ＢＲＵＮＯ,2026年６月期決算短信〔日本基準〕（連結）
2026-08-14,31740,ハピネス＆Ｄ,第三者割当により発行された第14回新株予約権（行使価額修正条項付）の大量行使に関するお知らせ
2026-08-14,31750,ＡＰＨＤ,2027年３月期第１四半期決算短信〔日本基準〕(連結)
2026-08-14,31750,ＡＰＨＤ,譲渡制限付株式報酬としての自己株式処分に関するお知らせ
2026-08-14,31750,ＡＰＨＤ,当社代表取締役の保有株式を用いたインセンティブプラン導入に関するお知らせ
2026-08-14,31750,ＡＰＨＤ,月次営業レポート（2026年７月度）
2026-08-14,31750,ＡＰＨＤ,2027年3月期 第1四半期 決算報告
2026-08-14,31850,Ｇ－夢展望,2027年３月期 第１四半期決算短信〔ＩＦＲＳ〕（連結)
2026-08-14,31960,ホットランドＨＤ,2026年12月期 第２四半期（中間期）決算短信〔日本基準〕（連結）
2026-08-14,319A0,Ｇ－技術承継機構,2026年12月期 第２四半期（中間期）決算短信〔日本基準〕(連結)
2026-08-14,319A0,Ｇ－技術承継機構,2026年12月期第2四半期決算説明資料
2026-08-14,320A0,Ｐ－Ｄ＆Ｉ,2026年６月期 決算短信〔日本基準〕（非連結）
2026-08-14,320A0,Ｐ－Ｄ＆Ｉ,法人税等調整額（損）の計上に関するお知らせ
2026-08-14,32240,Ｇ－Ｇオイスター,2027年３月期第１四半期決算短信〔日本基準〕(連結)
2026-08-14,32240,Ｇ－Ｇオイスター,2027年３月期 第１四半期決算説明資料
2026-08-14,32320,三重交通ＧＨＤ,譲渡制限付株式報酬としての自己株式の処分の払込完了に関するお知らせ
2026-08-14,326A0,Ｐ－エアロラボ,2027年３月期 第１四半期決算短信〔日本基準〕（連結）
2026-08-14,32810,Ｒ－ＧＬＰ,資産運用会社における重要な使用人の異動に関するお知らせ
2026-08-14,32820,Ｒ－コンフォリア,第三者割当による新投資口発行における発行口数の確定に関するお知らせ
2026-08-14,32880,オープンハウスＧ,自己株式の取得状況及び取得終了に関するお知らせ
2026-08-14,33230,レカム,子会社の半期決算情報に関するお知らせ
2026-08-14,33290,東和フード,譲渡制限付株式報酬としての自己株式処分の払込完了に関するお知らせ
2026-08-14,33970,トリドールＨＤ,2027年３月期 第１四半期決算短信〔ＩＦＲＳ〕（連結）
2026-08-14,34090,北紡,2027年3月期 第１四半期決算短信〔日本基準〕(連結)
2026-08-14,34160,ピクスタ,投資有価証券売却による特別利益計上（見込み）についてのお知らせ
2026-08-14,34170,大木ヘルスケア,主要株主の異動に関するお知らせ
2026-08-14,34520,ビーロット,2026年12月期 第２四半期 決算説明資料
2026-08-14,34520,ビーロット,2026年12月期 第２四半期（中間期）決算短信〔日本基準〕(連結)
2026-08-14,34570,Ａｎｄ Ｄｏ ＨＬＤ,2026年６月期 決算説明資料
2026-08-14,34570,Ａｎｄ Ｄｏ ＨＬＤ,2026年６月期 決算短信〔日本基準〕（連結）
2026-08-14,34620,Ｒ－ＮＭＦ,資金の借入れ（グリーンローン等）及び期限前弁済に関するお知らせ
2026-08-14,34680,Ｒ－スターアジア,資金の借入れ（借換え）に関するお知らせ
2026-08-14,34690,デュアルタップ,2026年6月期 決算短信〔日本基準〕（連結）
2026-08-14,34690,デュアルタップ,2026年6月期 決算補足説明会資料
2026-08-14,34890,フェイスネットワーク,2027年３月期第１四半期決算短信〔日本基準〕(連結)
2026-08-14,34890,フェイスネットワーク,2027年３月期第１四半期決算説明資料
2026-08-14,34890,フェイスネットワーク,自己株式取得に係る事項の決定に関するお知らせ
2026-08-14,36240,Ｇ－アクセルＭ,2026年９月期 第３四半期決算短信〔日本基準〕（連結）
2026-08-14,36240,Ｇ－アクセルＭ,営業外費用および特別損失の計上に関するお知らせ
2026-08-14,36240,Ｇ－アクセルＭ,「継続企業の前提に関する注記」の解消に関するお知らせ
2026-08-14,36240,Ｇ－アクセルＭ,2026年９月期 第３四半期決算説明会資料
2026-08-14,36250,Ｇ－テックファーム,2026年６月期 決算短信〔日本基準〕（連結）
2026-08-14,36250,Ｇ－テックファーム,2026年６月期（通期）決算説明資料
2026-08-14,36250,Ｇ－テックファーム,業績予想値と実績値との差異に関するお知らせ
2026-08-14,36610,エムアップＨＤ,2027年３月期 第１四半期決算短信〔日本基準〕（連結）
2026-08-14,36630,セルシス,自己株式の消却に関するお知らせ
2026-08-14,36640,Ｇ－ＷＩＺＥ,第23期（2026年12月期）第2四半期決算説明資料
2026-08-14,36640,Ｇ－ＷＩＺＥ,2026年12月期 第２四半期（中間期）決算短信〔日本基準〕(連結)
2026-08-14,36640,Ｇ－ＷＩＺＥ,2026年12月期通期連結業績予想の公表に関するお知らせ
2026-08-14,36640,Ｇ－ＷＩＺＥ,営業外費用の計上（連結決算及び個別決算）に関するお知らせ
2026-08-14,36670,ｅｎｉｓｈ,2026年12月期第２四半期（中間期）決算短信〔日本基準〕（非連結）
2026-08-14,36670,ｅｎｉｓｈ,2026年12月期第２四半期決算説明資料
2026-08-14,366A0,Ｇ－ウェルネスＣ,2027年３月期第１四半期決算説明資料
2026-08-14,366A0,Ｇ－ウェルネスＣ,2027年３月期第１四半期決算短信〔日本基準〕(連結)
2026-08-14,36740,Ｇ－オークファン,2026年９月期第３四半期決算短信〔日本基準〕(連結)
2026-08-14,36740,Ｇ－オークファン,2026年９月期 第３四半期決算 補足説明資料
2026-08-14,36910,Ｇ－デジタルプラス,2026年９月期 第３四半期決算短信〔ＩＦＲＳ〕(連結)
2026-08-14,36910,Ｇ－デジタルプラス,2026年９月期第３四半期 決算説明資料
2026-08-14,36940,オプティム,2027年3月期第1四半期決算短信〔日本基準〕(連結)
2026-08-14,36940,オプティム,2027年3月期 第1四半期決算短信 補足説明資料
2026-08-14,36940,オプティム,通期連結業績予想の公表に関するお知らせ
2026-08-14,370A0,Ｐ－リバイブル,2026年６月期決算短信〔日本基準〕(連結)
2026-08-14,37190,ＡＩストーム,第63期半期報告書の提出期限延長申請に係る承認のお知らせ
2026-08-14,37260,フォーシーズＨＤ,2026年９月期第３四半期決算説明資料
2026-08-14,37260,フォーシーズＨＤ,2026年9月期通期連結業績予想の修正に関するお知らせ
2026-08-14,37260,フォーシーズＨＤ,2026年９月期第３四半期決算短信〔日本基準〕(連結)
2026-08-14,37500,ＡＤＲバイオメディカ,2027年3月期 第1四半期決算短信[日本基準](連結)
2026-08-14,37580,アエリア,2026年12月期第２四半期（中間期）決算短信〔日本基準〕(連結)
2026-08-14,375A0,Ｐ－ＹＡＫＨＤ,2026年12月期 中間決算短信〔日本基準〕（連結）
2026-08-14,37630,プロシップ,2027年３月期 第１四半期決算短信〔日本基準〕（連結）
2026-08-14,37690,ＧＭＯＰＧ,2026年９月期 第３四半期決算説明会
2026-08-14,37690,ＧＭＯＰＧ,2026年９月期第３四半期決算短信〔ＩＦＲＳ〕（連結）
2026-08-14,37730,Ｇ－ＡＭＩ,2027年３月期第１四半期決算短信〔ＩＦＲＳ〕（連結）
2026-08-14,37750,ガイアックス,2026年12月期 第2四半期決算説明資料
2026-08-14,37750,ガイアックス,2026年12月期 第２四半期（中間期）決算短信〔日本基準〕(連結)
2026-08-14,37770,Ｇ－環境フレンドリー,2026年12月期第2四半期（中間期）決算短信〔日本基準〕（連結）
2026-08-14,377A0,エージェントＩＧＨＤ,2026年12月期 第２四半期決算短信〔日本基準〕(連結)
2026-08-14,377A0,エージェントＩＧＨＤ,2026年12月期 第２四半期決算説明資料
2026-08-14,377A0,エージェントＩＧＨＤ,2026年12月期 第２四半期決算説明資料（スクリプト付き）
2026-08-14,378A0,Ｇ－ヒット,2026年６月期決算短信〔日本基準〕(連結)
2026-08-14,378A0,Ｇ－ヒット,2026年6月期 決算説明資料
2026-08-14,38080,オーケーウェブ,2026年６月期決算短信〔日本基準〕(連結)
2026-08-14,38080,オーケーウェブ,株式会社オーケーウェブ2026年６月期決算補足資料
2026-08-14,38080,オーケーウェブ,特別損失の計上及び連結・個別業績と前期実績値との差異に関するお知らせ
2026-08-14,38250,ＲＥＭＩＸ,2027年３月期 第１四半期決算短信［日本基準］（連結）
2026-08-14,38250,ＲＥＭＩＸ,2027年３月期 第１四半期 決算補足説明資料
2026-08-14,38250,ＲＥＭＩＸ,子会社の異動（株式譲渡）に関する基本合意書締結に関するお知らせ
2026-08-14,38250,ＲＥＭＩＸ,株式会社光通信との資本業務提携に係る基本合意書締結に関するお知らせ
2026-08-14,38440,コムチュア,2027年３月期 第１四半期決算短信〔日本基準〕（連結）
2026-08-14,38440,コムチュア,コムチュアグループ中期経営計画（2027年３月期～2029年３月期）の策定に関するお知らせ
2026-08-14,38440,コムチュア,特別損失（減損損失）の計上および2027年３月期通期連結業績予想の修正に関するお知らせ
2026-08-14,38440,コムチュア,2027年3月期第1四半期 決算説明資料
2026-08-14,38450,アイフリーク,2027年３月期 第１四半期決算短信〔日本基準〕（非連結）
2026-08-14,38450,アイフリーク,2027年３月期 第１四半期決算補足説明資料
2026-08-14,38480,データアプリ,譲渡制限付株式報酬としての自己株式の処分の払込完了に関するお知らせ
2026-08-14,38490,Ａ－ＮＴＬ,2027年３月期 第１四半期決算短信〔日本基準〕（非連結）
2026-08-14,38530,アステリア,2027年３月期 第１四半期決算短信〔ＩＦＲＳ〕（連結）
2026-08-14,38530,アステリア,業績予想の修正（営業利益の上方修正）に関するお知らせ
2026-08-14,38530,アステリア,2027年3月期第1四半期 決算説明会資料
2026-08-14,38560,Ａｂａｌａｎｃｅ,自己株式の取得状況に関するお知らせ
2026-08-14,38580,ユビキタスＡＩ,2027年3月期第1四半期決算短信〔日本基準〕（連結）
2026-08-14,39000,Ｇ－クラウドワークス,2026年９月期 第３四半期決算短信〔日本基準〕（連結）
2026-08-14,39000,Ｇ－クラウドワークス,2026年９月期第３四半期 決算説明資料
2026-08-14,39000,Ｇ－クラウドワークス,（開示事項の経過）当社株主との秘密保持契約の有効期間延長及び友好的なエンゲージメントの継続に関するお知らせ
2026-08-14,39040,Ｇ－カヤック,配当予想の修正に関するお知らせ
2026-08-14,39040,Ｇ－カヤック,2026年12月期 第２四半期決算説明会資料
2026-08-14,39040,Ｇ－カヤック,2026年12月期 第２四半期（中間期）決算短信〔日本基準〕（連結）
2026-08-14,39050,Ｇ－データセクション,2027年３月期 第１四半期決算短信〔日本基準〕（連結）
2026-08-14,39050,Ｇ－データセクション,（開示事項の経過）大口受注に関するお知らせ
2026-08-14,39090,ショーケース,2027年3月期 第1四半期決算短信〔日本基準〕（連結）
2026-08-14,39230,ラクス,2027年３月期 第１四半期決算短信〔日本基準〕（連結）
2026-08-14,39230,ラクス,2027年3月期第1四半期決算説明資料
2026-08-14,39230,ラクス,2027年3月期月次売上高（７月度）のお知らせ
2026-08-14,39270,フーバーブレイン,2027年３月期 第１四半期決算短信〔日本基準〕（連結）
2026-08-14,39270,フーバーブレイン,2027年３月期 第１四半期決算説明資料
2026-08-14,39280,マイネット,2026年12月期 第２四半期（中間期）決算短信〔日本基準〕（連結）
2026-08-14,39280,マイネット,2026年12月期 第２四半期 決算説明会資料
2026-08-14,39290,Ｇ－ソーシャルワイヤ,2027年３月期 第１四半期決算短信〔日本基準〕（連結）
2026-08-14,39290,Ｇ－ソーシャルワイヤ,2027年３月期 第１四半期業績概要（決算説明資料）
2026-08-14,39330,チエル,2027年３月期第１四半期決算短信〔日本基準〕(連結)
2026-08-14,39360,Ｇ－グローバルウェイ,2027年3月期 第1四半期決算短信〔日本基準〕(連結)
2026-08-14,39360,Ｇ－グローバルウェイ,2027年3月期 第1四半期 決算説明資料
2026-08-14,39360,Ｇ－グローバルウェイ,事業セグメント変更に関するお知らせ
2026-08-14,39630,シンクロ・フード,2027年３月期 第１四半期決算短信〔日本基準〕(連結)
2026-08-14,39630,シンクロ・フード,2027年３月期 第１四半期 決算説明資料
2026-08-14,39700,イノベーション,2027年３月期第１四半期決算短信〔日本基準〕(連結)
2026-08-14,39700,イノベーション,2027年３月期通期連結業績予想の修正に関するお知らせ
2026-08-14,39700,イノベーション,2027年３月期第１四半期 決算補足資料
2026-08-14,39700,イノベーション,2027年３月期第１四半期 決算補足資料（スマートフォン版サマリ）
2026-08-14,39700,イノベーション,2027年３月期第１四半期 決算補足資料（テキスト詳細版）
2026-08-14,39760,Ｇ－シャノン,2026年12月期 第２四半期（中間期）決算短信〔日本基準〕（連結）
2026-08-14,39760,Ｇ－シャノン,2026年12月期 第2四半期決算補足説明資料
2026-08-14,39760,Ｇ－シャノン,繰延税金資産の計上及び通期業績予想（上方修正）の修正に関するお知らせ
2026-08-14,39810,ビーグリー,2026年12月期 第２四半期（中間期）決算短信〔日本基準〕(連結)
2026-08-14,39810,ビーグリー,2026年12月期 第２四半期決算説明会資料
2026-08-14,39810,ビーグリー,通期連結業績予想の修正に関するお知らせ
2026-08-14,39830,オロ,2026年12月期 第2四半期（中間期）決算短信〔IFRS〕（連結）
2026-08-14,39830,オロ,2026年12月期 第2四半期決算説明資料
2026-08-14,39830,オロ,2026年12月期 月次情報のお知らせ（7月度）
2026-08-14,39890,Ｇ－シェアリングＴ,2026年9月期 第3四半期決算短信〔ＩＦＲＳ〕（連結）
2026-08-14,39890,Ｇ－シェアリングＴ,2026年9月期 第3四半期決算説明資料
2026-08-14,40110,Ｇ－ヘッドウォーター,2026年12月期 第２四半期決算短信補足説明資料
2026-08-14,40110,Ｇ－ヘッドウォーター,営業外費用及び特別損失の計上に関するお知らせ
2026-08-14,40110,Ｇ－ヘッドウォーター,2026年12月期 第２四半期決算短信〔日本基準〕（連結）
2026-08-14,40110,Ｇ－ヘッドウォーター,第22期（2026年12月期）半期報告書の提出に関するお知らせ
2026-08-14,40180,Ｑ－ジオロケ,2026年６月期 決算短信〔日本基準〕（非連結）
2026-08-14,40180,Ｑ－ジオロケ,2026年６月期 決算説明資料
2026-08-14,40180,Ｑ－ジオロケ,剰余金の配当に関するお知らせ
2026-08-14,40180,Ｑ－ジオロケ,第27回定時株主総会の付議議案に関するお知らせ
2026-08-14,40190,Ｇ－スタメン,2026年12月期中間連結会計期間の業績予想と実績との差異に関するお知らせ
2026-08-14,40190,Ｇ－スタメン,通期連結業績予想及び配当予想の修正に関するお知らせ
2026-08-14,40190,Ｇ－スタメン,2026年12月期 第２四半期（中間期）決算短信〔日本基準〕(連結)
2026-08-14,40190,Ｇ－スタメン,2026年12月期 第2四半期（中間期）決算説明資料
2026-08-14,40200,Ｇ－ビートレンド,2026年12月期 第２四半期（中間期）決算短信〔日本基準〕（非連結）
2026-08-14,40200,Ｇ－ビートレンド,2026年12月期 第２四半期（中間期）決算説明資料
2026-08-14,40200,Ｇ－ビートレンド,株主優待制度の変更に関するお知らせ
2026-08-14,40520,Ｇ－フィーチャ,2026年6月期 決算短信〔日本基準〕（非連結）
2026-08-14,40520,Ｇ－フィーチャ,2026年6月期通期決算説明資料
2026-08-14,40530,サンアスタリスク,2026年12月期半期報告書の提出期限延長申請に係る承認のお知らせ
2026-08-14,40590,まぐまぐ,2026年９月期 第３四半期決算短信〔日本基準〕（非連結）
2026-08-14,40680,Ｇ－ベイシス,2026年６月期 決算短信〔日本基準〕（連結）
2026-08-14,40680,Ｇ－ベイシス,2026年6月期 決算説明資料（事業計画および成長可能性に関する事項）
2026-08-14,40680,Ｇ－ベイシス,中期経営計画2030の策定に関するお知らせ
2026-08-14,40730,Ｇ－ジィ・シィ企画,繰延税金資産の計上及び通期業績予想と実績値との差異に関するお知らせ
2026-08-14,40730,Ｇ－ジィ・シィ企画,2026年6月期決算短信 [日本基準] (非連結)
2026-08-14,40730,Ｇ－ジィ・シィ企画,2026年6月期通期決算説明資料
2026-08-14,40730,Ｇ－ジィ・シィ企画,資本金及び資本準備金の額の減少並びに剰余金の処分に関するお知らせ
2026-08-14,40730,Ｇ－ジィ・シィ企画,株式の立会外分売に関するお知らせ
2026-08-14,41670,Ｇ－ココペリ,2027年３月期 第１四半期決算短信〔日本基準〕（連結）
2026-08-14,41670,Ｇ－ココペリ,2027年３月期 第１四半期決算説明資料
2026-08-14,41700,Ｇ－ＫａｉｚｅｎＰＦ,2026年12月期 第２四半期（中間期）決算短信〔日本基準〕（連結）
2026-08-14,41700,Ｇ－ＫａｉｚｅｎＰＦ,2026年12月期第２四半期決算説明資料
2026-08-14,41770,Ｇ－ｉ－ｐｌｕｇ,2027年３月期 第１四半期決算説明資料
2026-08-14,41770,Ｇ－ｉ－ｐｌｕｇ,2027年３月期 第１四半期決算短信〔日本基準〕（連結）
2026-08-14,41780,Ｇ－Ｓイノベーション,2026年12月期 第2四半期(中間期)決算短信(日本基準)(連結)
2026-08-14,41780,Ｇ－Ｓイノベーション,2026年12月期 第2四半期 決算補足説明資料
2026-08-14,41790,Ｇ－ジーネクスト,2027年3月期第1四半期決算説明資料
2026-08-14,41790,Ｇ－ジーネクスト,2027年３月期 第１四半期決算短信〔日本基準〕(連結)
2026-08-14,42350,ＵＦＨＤ,2026年12月期 第２四半期（中間期）決算短信〔ＩＦＲＳ〕（連結）
2026-08-14,42510,恵和,2026年12月期 第２四半期（中間期）決算短信〔日本基準〕（連結）
2026-08-14,42510,恵和,通期連結業績予想の修正に関するお知らせ
2026-08-14,42510,恵和,自己株式取得に係る事項および自己株式の消却の決定に関するお知らせ
2026-08-14,42560,Ｇ－サインド,2027年３月期 第１四半期決算短信〔日本基準〕（連結）
2026-08-14,42560,Ｇ－サインド,2027年３月期 第１四半期決算説明資料
2026-08-14,42600,Ｇ－ハイブリッドテク,2026年９月期第３四半期決算短信〔ＩＦＲＳ〕（連結）
2026-08-14,42600,Ｇ－ハイブリッドテク,2026年９月期第３四半期決算説明資料
2026-08-14,42600,Ｇ－ハイブリッドテク,2026年９月期業績予想の修正に関するお知らせ
2026-08-14,42600,Ｇ－ハイブリッドテク,会社分割（簡易新設分割）による持株会社体制への移行、及び定款の一部変更に関するお知らせ
2026-08-14,42600,Ｇ－ハイブリッドテク,株式会社ShuHaRiの設立に関する補足資料
2026-08-14,42600,Ｇ－ハイブリッドテク,株式会社ハイブリッドワンの設立に関する補足資料
2026-08-14,42610,Ｇ－アジアクエスト,2026年12月期 第２四半期（中間期）決算短信〔日本基準〕(連結)
2026-08-14,42610,Ｇ－アジアクエスト,通期連結業績予想の修正に関するお知らせ
2026-08-14,42610,Ｇ－アジアクエスト,2026年12月期 第２四半期決算説明資料
2026-08-14,42610,Ｇ－アジアクエスト,新製品の企業化に関するお知らせ
2026-08-14,42620,Ｇ－ニフティライフ,（開示事項の経過）レプリス株式会社の株式取得完了に関するお知らせ
2026-08-14,42620,Ｇ－ニフティライフ,譲渡制限付株式報酬としての自己株式処分の払込完了に関するお知らせ
2026-08-14,42880,アズジェント,2027年３月期第１四半期決算短信[日本基準]（非連結）
2026-08-14,42990,ハイマックス,2027年３月期 第１四半期決算短信〔日本基準〕（連結）
2026-08-14,42990,ハイマックス,2027年３月期 第１四半期決算説明会資料
2026-08-14,430A0,Ｐ－ネクストハンズ,営業外収益及び法人税等調整額（損）の計上に関するお知らせ
2026-08-14,430A0,Ｐ－ネクストハンズ,2026年12月期 中間決算短信〔日本基準〕(非連結）
2026-08-14,43240,電通グループ,2026年12月期第２四半期（中間期）決算短信〔ＩＦＲＳ〕(連結)
2026-08-14,43240,電通グループ,2026年度第2四半期 決算説明会資料
2026-08-14,43460,ＮＥＸＹＺ．Ｇ,業績予想および配当予想の修正（増配）に関するお知らせ
2026-08-14,43460,ＮＥＸＹＺ．Ｇ,2026年９月期 第３四半期決算短信〔日本基準〕（連結）
2026-08-14,43460,ＮＥＸＹＺ．Ｇ,2026年９月期第３四半期 決算説明資料
2026-08-14,43680,扶桑化学,譲渡制限付株式報酬としての自己株式の処分の割当完了に関するお知らせ
2026-08-14,43710,Ｇ－ＣＣＴ,2026年12月期 第2四半期（中間期）決算短信〔日本基準〕(連結)
2026-08-14,43710,Ｇ－ＣＣＴ,2026年12月期 第2四半期決算説明資料
2026-08-14,43720,Ｇ－ユミルリンク,2026年12月期 第２四半期（中間期）決算短信〔日本基準〕（連結）
2026-08-14,43720,Ｇ－ユミルリンク,2026年12月期第2四半期決算説明資料
2026-08-14,43740,Ｇ－ロボペイ,当社の成長ストーリーを加速させるラクス社との資本業務提携
2026-08-14,43760,Ｇ－くふうカンパニー,2026年９月期 第３四半期決算短信〔日本基準〕(連結)
2026-08-14,43760,Ｇ－くふうカンパニー,2026年９月期 第３四半期決算説明資料
2026-08-14,43760,Ｇ－くふうカンパニー,株主優待制度の拡充に関するお知らせ
2026-08-14,43810,Ｇ－ビープラッツ,第三者割当により発行された第７回新株予約権（行使価額修正条項付）の大量行使に関するお知らせ
2026-08-14,43930,Ｇ－バンクオブイノベ,2026年９月期 第３四半期決算短信〔日本基準〕(連結)
2026-08-14,43930,Ｇ－バンクオブイノベ,2026年９月期 第３四半期決算説明資料
2026-08-14,43950,Ｇ－アクリート,2026年12月期半期報告書の提出期限延長に係る承認のお知らせ
2026-08-14,44180,Ｇ－ＪＤＳＣ,2026年6月期 決算短信〔日本基準〕（連結）
2026-08-14,44180,Ｇ－ＪＤＳＣ,連結子会社の異動（株式譲渡）に関するお知らせ
2026-08-14,44180,Ｇ－ＪＤＳＣ,通期連結業績予想と実績との差異に関するお知らせ
2026-08-14,44180,Ｇ－ＪＤＳＣ,2026年6月期 通期決算説明資料
2026-08-14,44180,Ｇ－ＪＤＳＣ,2026年6月期 通期決算FAQ
2026-08-14,44210,ＤＩシステム,2026年９月期 第３四半期決算短信〔日本基準〕（連結）
2026-08-14,44210,ＤＩシステム,2026年９月期 第３四半期決算説明資料
2026-08-14,44260,Ｐ－パスロジ,剰余金の配当に関するお知らせ
2026-08-14,44260,Ｐ－パスロジ,2026年６月期 決算短信〔日本基準〕（非連結）
2026-08-14,44270,Ｇ－ＥｄｕＬａｂ,2026年９月期第３四半期決算短信〔日本基準〕（連結）
2026-08-14,44270,Ｇ－ＥｄｕＬａｂ,2026年９月期第３四半期決算説明資料
2026-08-14,44280,Ｇ－シノプス,2026年12月期 第２四半期（中間期）決算短信〔日本基準〕（非連結）
2026-08-14,44280,Ｇ－シノプス,2026年12月期第2四半期決算説明資料
2026-08-14,44360,Ｇ－ミンカブ,2027年３月期 第１四半期 決算説明資料
2026-08-14,44360,Ｇ－ミンカブ,2027年３月期 第１四半期 決算短信〔日本基準〕（連結）
2026-08-14,44360,Ｇ－ミンカブ,2027年３月期 第１四半期 決算短信補足説明資料
2026-08-14,44370,Ｇ－ＧＤＨ,2027年3月期第1四半期決算短信[日本基準]（連結）
2026-08-14,44370,Ｇ－ＧＤＨ,2027年３月期第１四半期決算説明資料
2026-08-14,44440,Ｇ－インフォネット,2027年３月期第１四半期決算短信〔日本基準〕（連結）
2026-08-14,44440,Ｇ－インフォネット,2027年3月期第1四半期決算説明
2026-08-14,44450,Ｇ－リビンＴ,報告セグメント変更に関するお知らせ
2026-08-14,44450,Ｇ－リビンＴ,2026年９月期 第３四半期決算説明資料
2026-08-14,44450,Ｇ－リビンＴ,2026年９月期 第３四半期決算短信〔日本基準〕（連結）
2026-08-14,44480,Ｇ－ｋｕｂｅｌｌ,2026年12月期連結業績予想に関するお知らせ
2026-08-14,44480,Ｇ－ｋｕｂｅｌｌ,2026年12月期 第2四半期(中間期)決算短信〔日本基準〕(連結)
2026-08-14,44480,Ｇ－ｋｕｂｅｌｌ,2026年12月期第2四半期 決算説明資料
2026-08-14,44500,Ｇ－ＰＳＯＬ,2026年12月期第２四半期（中間期）決算短信〔日本基準〕(連結)
2026-08-14,44500,Ｇ－ＰＳＯＬ,2026年12月期 第2四半期決算説明資料
2026-08-14,44760,Ｇ－ＡＩ ＣＲＯＳＳ,2026年12月期 第２四半期決算短信〔日本基準〕（連結）
2026-08-14,44760,Ｇ－ＡＩ ＣＲＯＳＳ,2026年12月期 第２四半期決算説明資料
2026-08-14,44810,ベース,2026年12月期 第２四半期（中間期）決算短信〔日本基準〕（連結）
2026-08-14,44810,ベース,剰余金の配当 （創立30周年記念配当を含む中間配当）に関するお知らせ
2026-08-14,44840,Ｇ－ランサーズ,2027年３月期 第１四半期決算短信〔日本基準〕(連結)
2026-08-14,44840,Ｇ－ランサーズ,2027年３月期 第１四半期決算説明資料
2026-08-14,44860,Ｇ－ユナイト＆グロウ,2026年12月期 第2四半期（中間期）決算短信〔日本基準〕（非連結）
2026-08-14,44860,Ｇ－ユナイト＆グロウ,2026年12月期 第2四半期決算説明資料
2026-08-14,44870,Ｇ－スペースマーケッ,2026年9月期第2四半期決算短信〔日本基準〕(連結)
2026-08-14,44870,Ｇ－スペースマーケッ,2026年9月期第2四半期決算説明資料
2026-08-14,44880,Ｇ－ＡＩｉｎｓｉｄｅ,譲渡制限付株式報酬としての自己株式の処分の払込完了及び一部失権に関するお知らせ
2026-08-14,44930,Ｇ－サイバーセキュリ,2026年12月期 第2四半期（中間期）決算短信〔日本基準〕（連結）
2026-08-14,44930,Ｇ－サイバーセキュリ,2026年12月期 第2四半期 決算説明資料
2026-08-14,44960,Ｇ－コマースワン,2027年３月期 第１四半期決算短信〔日本基準〕（連結）
2026-08-14,44960,Ｇ－コマースワン,2027年３月期 第１四半期決算説明資料
2026-08-14,44960,Ｇ－コマースワン,自己株式取得に係る事項の決定に関するお知らせ
2026-08-14,44990,Ｓｐｅｅｅ,通期業績予想の修正に関するお知らせ
2026-08-14,44990,Ｓｐｅｅｅ,2026年９月期 第３四半期決算短信〔日本基準〕（連結）
2026-08-14,44990,Ｓｐｅｅｅ,2026年９月期 第３四半期決算説明資料
2026-08-14,452A0,ｉＳＳＰカバコ,ＥＴＦの収益分配金見込額のお知らせ
2026-08-14,453A0,ｉＳ米債カバコ,ＥＴＦの収益分配金見込額のお知らせ
2026-08-14,45630,Ｇ－アンジェス,営業外収益、営業外費用、特別利益、特別損失及び法人税等調整額の計上に関するお知らせ
2026-08-14,45630,Ｇ－アンジェス,新株予約権(46)の取得消却、第２回社債の償還と第三者割当新株予約権(47行使価額修正、48)、第２回新株予約権付社債の発行、GP社との事業提携契約
2026-08-14,45630,Ｇ－アンジェス,2026年12月期第２四半期（中間期）決算短信〔日本基準〕（連結）
2026-08-14,45790,Ｇ－ラクオリア創薬,2026年12月期 第２四半期（中間期）決算短信〔日本基準〕（連結）
2026-08-14,45790,Ｇ－ラクオリア創薬,2026年12月期 (第19期） 第２四半期（中間期）決算説明会資料
2026-08-14,45860,Ｇ－メドレック,第三者割当により発行された第35回新株予約権（行使価額修正条項付）の大量行使に関するお知らせ
2026-08-14,45940,Ｇ－ブライトパス,2027年３月期 第１四半期決算短信〔日本基準〕（非連結）
2026-08-14,45940,Ｇ－ブライトパス,営業外収益及び特別利益の計上に関するお知らせ
2026-08-14,45960,Ｇ－窪田製薬ＨＤ,2026年12月期 第２四半期（中間期）決算短信〔ＩＦＲＳ〕（連結）
2026-08-14,46500,ＳＤエンター,2027年３月期 第１四半期決算短信〔日本基準〕（連結）
2026-08-14,46570,環境管理,2026年６月期決算短信〔日本基準〕(連結)
2026-08-14,46570,環境管理,アグリ事業における新拠点建設に関するお知らせ
2026-08-14,46910,ワシントンホテル,2027年３月期第１四半期決算短信〔日本基準〕(非連結)
2026-08-14,472A0,Ｇ－ミラティブ,2026年12月期 第２四半期（中間期）決算短信［日本基準］（連結）
2026-08-14,472A0,Ｇ－ミラティブ,2026年12月期第2四半期決算説明資料
2026-08-14,47660,ピーエイ,令和8年12月期第2四半期（中間期）決算短信〔日本基準〕（連結）
2026-08-14,47660,ピーエイ,株主優待制度の一部変更（拡充）に関するお知らせ
2026-08-14,476A0,辻・本郷ＩＴコンサル,2026年９月期 第３四半期 決算短信〔日本基準〕（連結）
2026-08-14,476A0,辻・本郷ＩＴコンサル,2026年９月期 第３四半期 決算補足説明資料
2026-08-14,47770,ガーラ,連結決算における特別損失（減損損失）、特別利益（持分変動利益）、 営業外収益（為替差益）及び法人税等調整額の計上に関するお知らせ
2026-08-14,47770,ガーラ,2026年12月期 第2四半期（中間期）決算短信〔日本基準〕（連結）
2026-08-14,477A0,Ｇ－スタートライン,2027年3月期 第1四半期決算短信〔日本基準〕（非連結）
2026-08-14,477A0,Ｇ－スタートライン,2027年3月期 第1四半期 決算説明資料
2026-08-14,47840,ＧＭＯインターネット,2026年12月期第２四半期（中間期）決算短信〔日本基準〕（連結）
2026-08-14,47840,ＧＭＯインターネット,剰余金の配当（第2四半期配当・配当性向100％）に関するお知らせ
2026-08-14,47840,ＧＭＯインターネット,2026年12月期 第2四半期決算説明資料
2026-08-14,478A0,Ｇ－フツパー,2026年12月期 第２四半期決算内容に関する質疑応答
2026-08-14,48110,Ｇ－ドリーム・アーツ,2026年12月期 第2四半期（中間期）決算短信〔日本基準〕(連結)
2026-08-14,48110,Ｇ－ドリーム・アーツ,2026年12月期 第2四半期決算説明資料
2026-08-14,48110,Ｇ－ドリーム・アーツ,株式報酬制度における株式取得に係る事項の決定に関するお知らせ
2026-08-14,48110,Ｇ－ドリーム・アーツ,株式報酬制度の導入に伴う自己株式の処分に関するお知らせ
2026-08-14,48140,ネクストウェア,2027年３月期 第１四半期決算短信〔日本基準〕(連結)
2026-08-14,481A0,Ｐ－Ｊセキュリティ,2026年12月期 中間決算短信〔日本基準〕（連結）
2026-08-14,481A0,Ｐ－Ｊセキュリティ,連結決算への移行に伴う連結業績予想の公表に関するお知らせ
2026-08-14,48330,Ｇ－Ｄｅｆコンサル,2027年3月期 第1四半期決算短信〔日本基準〕（非連結）
2026-08-14,48330,Ｇ－Ｄｅｆコンサル,2027年3月期 第1四半期決算説明資料
2026-08-14,48450,スカラ,2026年６月期 決算説明資料
2026-08-14,48450,スカラ,2026年６月期決算短信［IFRS］(連結)
2026-08-14,48450,スカラ,資本準備金及び利益準備金の額の減少に関するお知らせ
2026-08-14,48750,メディシノバ,2026年12月期 第2四半期（中間期）決算短信〔米国基準〕（連結）
2026-08-14,48810,Ｇ－ファンペップ,2026年12月期 第２四半期（中間期）決算短信〔日本基準〕（連結）
2026-08-14,48810,Ｇ－ファンペップ,特別損失（投資有価証券評価損）の計上に関するお知らせ
2026-08-14,48830,Ｇ－モダリス,（訂正・数値データ訂正）「2026年12月期 第2四半期（中間期）決算短信〔日本基準〕(連結)」の一部訂正について
2026-08-14,48830,Ｇ－モダリス,（再訂正）2026年12月期第２四半期決算説明資料の訂正に関するお知らせ
2026-08-14,48890,Ｇ－レナサイエンス,2027年３月期第１四半期決算短信〔日本基準〕(非連結)
2026-08-14,48910,Ｇ－ティムス,2026年12月期第２四半期（中間期）決算短信〔日本基準〕（非連結）
2026-08-14,48910,Ｇ－ティムス,2026年12月期第２四半期（中間期）決算説明資料
2026-08-14,48920,Ｇ－サイフューズ,2026年12月期第２四半期（中間期）決算短信〔日本基準〕(非連結)
2026-08-14,48920,Ｇ－サイフューズ,2026年12月期 第２四半期 決算説明資料（概要版）
2026-08-14,49250,ＨＡＢＡ,2027年３月期 第１四半期決算短信〔日本基準〕（連結）
2026-08-14,49320,アルマード,2027年３月期 第１四半期決算短信〔日本基準〕（非連結）
2026-08-14,49320,アルマード,2027年３月期 第１四半期決算説明資料
2026-08-14,49320,アルマード,通期業績予想の公表に関するお知らせ
2026-08-14,49900,昭和化,業績予想の修正に関するお知らせ
2026-08-14,49900,昭和化,2027年３月期第１四半期決算短信〔日本基準〕（連結）
2026-08-14,50100,日精蝋,2026年12月期 第2四半期（中間期）決算短信〔日本基準〕（連結）
2026-08-14,50100,日精蝋,減損損失の計上に関するお知らせ
2026-08-14,50100,日精蝋,2026年12月期通期業績予想の修正に関するお知らせ
2026-08-14,50100,日精蝋,2026年12月期 第2四半期決算説明資料
2026-08-14,50100,日精蝋,中期経営計画の公表時期変更に関するお知らせ
2026-08-14,50190,出光興産,2027年３月期第１四半期決算短信〔IFRS〕(連結）（監査法人による期中レビューの完了）
2026-08-14,50270,Ｇ－ＡｎｙＭｉｎｄ,2026年12月期第２四半期（中間期）決算短信〔ＩＦＲＳ〕（連結）
2026-08-14,50270,Ｇ－ＡｎｙＭｉｎｄ,2026年12月期 第2四半期決算説明資料
2026-08-14,50270,Ｇ－ＡｎｙＭｉｎｄ,2026年12月期第2四半期決算において想定されるご質問への回答
2026-08-14,50280,Ｇ－セカンドサイト,2026年12月期 第２四半期（中間期）決算短信〔日本基準〕(連結)
2026-08-14,50280,Ｇ－セカンドサイト,2026年12月期 第2四半期決算説明資料
2026-08-14,50280,Ｇ－セカンドサイト,（訂正）「2025年12月期 通期決算説明資料」及び「2026年12月期 第１四半期決算説明資料」の一部訂正について
2026-08-14,50330,Ｇ－ヌーラボ,2027年3月期 第１四半期決算短信〔日本基準〕（連結）
2026-08-14,50330,Ｇ－ヌーラボ,2027年3月期 第１四半期決算説明資料
2026-08-14,50330,Ｇ－ヌーラボ,譲渡制限付株式報酬としての自己株式処分の割当完了に関するお知らせ
2026-08-14,50340,Ｇ－ｕｎｅｒｒｙ,2026年6月期 通期 決算説明会 質疑応答（要旨）
2026-08-14,50380,Ｇ－ｅＷｅＬＬ,2026年12月期 第２四半期（中間期）決算短信〔日本基準〕（非連結）
2026-08-14,50380,Ｇ－ｅＷｅＬＬ,2026年12月期 第２四半期決算説明会資料
2026-08-14,50390,Ａ－キットアライブ,2026年12月期 第２四半期（中間期）決算短信〔日本基準〕（非連結）
2026-08-14,506A0,Ｐ－シンカナース,2026年12月期中間決算短信〔日本基準〕(非連結)
2026-08-14,506A0,Ｐ－シンカナース,剰余金の配当（中間配当無配）に関するお知らせ
2026-08-14,50740,テスホールディングス,2026年６月期 決算短信〔日本基準〕（連結）
2026-08-14,50740,テスホールディングス,2026年６月期決算説明資料
2026-08-14,50740,テスホールディングス,中期経営計画における費用計上区分の組替についての補足資料に関するお知らせ
2026-08-14,50740,テスホールディングス,配当予想の修正に関するお知らせ
2026-08-14,50740,テスホールディングス,（開示事項の中止）子会社による大口受注の解約に関するお知らせ
2026-08-14,51250,Ｇ－ファインズ,2026年６月期通期 決算短信〔日本基準〕（連結）
2026-08-14,51250,Ｇ－ファインズ,2026年６月期通期_決算説明資料
2026-08-14,51330,テリロジーＨＤ,2027年３月期 第１四半期決算短信〔日本基準〕（連結）
2026-08-14,51330,テリロジーＨＤ,2027年３月期 第１四半期決算補足説明資料
2026-08-14,51350,Ｐ－ＡＩＲ－Ｕ,2026年12月期 中間決算短信〔日本基準〕(非連結)
2026-08-14,52400,Ｇ－ｍｏｎｏＡＩ,2026年12月期 第２四半期（中間期）決算短信〔日本基準〕（連結）
2026-08-14,52400,Ｇ－ｍｏｎｏＡＩ,新たな事業（フィジカルAI 事業）の開始に関するお知らせ
2026-08-14,52400,Ｇ－ｍｏｎｏＡＩ,営業外収益（補助金収入）の計上に関するお知らせ
2026-08-14,52400,Ｇ－ｍｏｎｏＡＩ,固定資産の減損損失の計上に関するお知らせ
2026-08-14,52400,Ｇ－ｍｏｎｏＡＩ,2026年12月期第２四半期決算説明資料
2026-08-14,52410,日本オーエー研究所,剰余金の配当（中間配当）に関するお知らせ
2026-08-14,52410,日本オーエー研究所,2026年12月期第２四半期（中間期）決算短信〔日本基準〕(非連結)
2026-08-14,52420,Ｇ－アイズ,2026年12月期 第２四半期（中間期）決算短信〔日本基準〕（非連結）
2026-08-14,52420,Ｇ－アイズ,2026年12月期 第２四半期（中間期）決算説明資料
2026-08-14,52430,Ｇ－ｎｏｔｅ,投資家の皆さまから多く寄せられた質問と回答（2026年11月期第2四半期決算）
2026-08-14,52440,Ｇ－ｊｉｇ．ｊｐ,譲渡制限付株式報酬としての自己株式の処分の払込完了に関するお知らせ
2026-08-14,52470,Ｇ－ＢＴＭ,2027年３月期 第１四半期決算説明資料
2026-08-14,52470,Ｇ－ＢＴＭ,2027年３月期 第１四半期決算短信〔日本基準〕（連結）
2026-08-14,52510,Ｐ－ウイズ・ワン,2026年12月期 中間決算短信 [日本基準] (非連結)
2026-08-14,52510,Ｐ－ウイズ・ワン,中間決算説明資料の開示に関するお知らせ
2026-08-14,52520,Ｇ－日本ナレッジ,2027年３月期 第１四半期決算短信〔日本基準〕（連結）
2026-08-14,52550,Ｇ－モンスターラボ,2026年12月期 第２四半期決算短信〔ＩＦＲＳ〕（連結）
2026-08-14,52550,Ｇ－モンスターラボ,2026年12月期通期業績予想の修正に関するお知らせ
2026-08-14,52550,Ｇ－モンスターラボ,「金融収益（為替差益）」計上に関するお知らせ
2026-08-14,52550,Ｇ－モンスターラボ,「その他の収益」計上に関するお知らせ
2026-08-14,52550,Ｇ－モンスターラボ,2026年12月期 第2四半期決算説明資料
2026-08-14,52580,Ｇ－ＴＭＮ,2027年３月期第１四半期決算短信[日本基準]（連結）
2026-08-14,52580,Ｇ－ＴＭＮ,2027年３月期第１四半期決算説明資料
2026-08-14,52580,Ｇ－ＴＭＮ,2027年３月期 第１四半期スマホ向けサマリ版決算説明資料
2026-08-14,52580,Ｇ－ＴＭＮ,譲渡制限付株式報酬としての自己株式の処分の払込完了に関するお知らせ
2026-08-14,526A0,スタートアップ１００,2026年7月期（2026年3月10日～2026年7月8日）決算短信
2026-08-14,527A0,Ｐ－ＮＯＳＥＳＨＯＰ,2026年６月期 決算短信〔日本基準〕（非連結）
2026-08-14,527A0,Ｐ－ＮＯＳＥＳＨＯＰ,通期業績予想値と決算値との差異及び剰余金の配当に関するお知らせ
2026-08-14,551A0,Ｐ－ＩＺＵＭＩ,2026年６月期 決算短信〔日本基準〕（連結）
2026-08-14,55250,Ｐ－フロンティアＨＤ,2026年12月期 中間決算短信〔日本基準〕(連結)
2026-08-14,55280,Ｐ－フロンティアＨＳ,2026年６月期 決算短信〔日本基準〕(連結)
2026-08-14,554A0,Ｇ－バトンズ,2027年3月期 第1四半期決算短信〔日本基準〕(非連結)
2026-08-14,55710,エキサイトＨＤ,2027年３月期 第１四半期決算短信〔日本基準〕(連結)
2026-08-14,55710,エキサイトＨＤ,2027年３月期 第１四半期決算説明資料
2026-08-14,55790,ＧＳＩ,2027年３月期 第１四半期決算短信〔日本基準〕（連結）
2026-08-14,55820,Ｇ－グリッド,2026年６月期 決算短信〔日本基準〕（非連結）
2026-08-14,55820,Ｇ－グリッド,2026年６月期 決算説明資料
2026-08-14,55870,Ｇ－インバウンドＰＦ,2026年９月期第３四半期決算短信〔日本基準〕(連結)
2026-08-14,55870,Ｇ－インバウンドＰＦ,2026年９月期第３四半期決算説明資料
2026-08-14,55880,Ｇ－ファーストＡ,2026年12月期 第2四半期（中間期）決算短信（日本基準）（連結）
2026-08-14,55880,Ｇ－ファーストＡ,2026年12月期 第2四半期決算説明資料
2026-08-14,55910,Ｇ－ＡＶＩＬＥＮ,2026年12月期 第２四半期（中間期）決算短信〔日本基準〕（連結）
2026-08-14,55910,Ｇ－ＡＶＩＬＥＮ,2026年12月期 第２四半期決算説明資料
2026-08-14,55920,Ｇ－くすりの窓口,2027年3月期第1四半期決算説明資料
2026-08-14,55920,Ｇ－くすりの窓口,2027年３月期第１四半期決算短信〔日本基準〕(連結)
2026-08-14,56160,Ｇ－雨風太陽,２０２６年１２月期 第２四半期（中間期）決算短信〔日本基準〕(非連結)
2026-08-14,56160,Ｇ－雨風太陽,２０２６年１２月期 第２四半期決算説明資料
2026-08-14,56190,Ｇ－マーソ,2026年12月期 第２四半期（中間期）決算短信〔日本基準〕(連結)
2026-08-14,56190,Ｇ－マーソ,2026年12月期 第２四半期決算説明資料
2026-08-14,56210,Ｇ－ヒューマンＴ,2027年３月期 第１四半期決算補足説明資料
2026-08-14,56210,Ｇ－ヒューマンＴ,2027年３月期 第１四半期決算短信〔日本基準〕（連結）
2026-08-14,57070,東邦鉛,2027年３月期第１四半期決算短信〔日本基準〕(連結)
2026-08-14,57070,東邦鉛,2027年3月期（FY2026）第1四半期 決算説明資料
2026-08-14,57210,エスクリプトエナジー,2027年3月期第1四半期決算短信〔日本基準〕(非連結)
2026-08-14,57210,エスクリプトエナジー,営業外費用の計上に関するお知らせ
2026-08-14,583A0,Ｐ－不動産流通ＳＹＳ,2026年12月期 中間決算短信〔日本基準〕(非連結）
2026-08-14,584A0,Ｇ－ＬｉＮＫＸ,2026年６月期 決算短信〔日本基準〕（非連結）
2026-08-14,584A0,Ｇ－ＬｉＮＫＸ,2026年６月期通期 決算説明資料
2026-08-14,585A4,Ｅ－ＪＡＭＰＦＭ,上場ETF（管理会社：JAMPファンド・マネジメント）に関する日々の開示事項
2026-08-14,58680,ロココ,（訂正）中間配当の実施に関するお知らせ
2026-08-14,58680,ロココ,2026年12月期 第２四半期（中間期）決算短信〔日本基準〕（連結）
2026-08-14,58680,ロココ,2026年12月期 第２四半期 決算短信補足説明資料
2026-08-14,58680,ロココ,中間配当の実施に関するお知らせ
2026-08-14,58680,ロココ,株主優待制度の導入に関するお知らせ
2026-08-14,587A4,Ｅ－インベスコＱＱＱ,インベスコQQQトラスト シリーズ1 に関する日々の開示事項
2026-08-14,590A0,ギフティグループ,上場廃止となった子会社（株式会社ギフティ）に関する決算開示について
2026-08-14,590A0,ギフティグループ,2026年12月期第２四半期決算説明資料 〔株式会社ギフティ分〕
2026-08-14,590A0,ギフティグループ,2026年12月期連結業績予想及び配当予想に関するお知らせ
2026-08-14,590A0,ギフティグループ,株式会社DIRIGIOの連結子会社化及び簡易株式交換による完全子会社化に関するお知らせ
2026-08-14,590A0,ギフティグループ,自己株式取得に係る事項の決定に関するお知らせ
2026-08-14,590A0,ギフティグループ,完全子会社との会社分割（簡易吸収分割・略式吸収分割）に関するお知らせ
2026-08-14,593A0,Ｇ－ティアフォー,営業外費用（持分法による投資損失）の計上に関するお知らせ
2026-08-14,593A0,Ｇ－ティアフォー,2026年９月期 第３四半期決算短信〔日本基準〕(連結)
2026-08-14,593A0,Ｇ－ティアフォー,2026年９月期 第３四半期決算説明資料
2026-08-14,59870,オーネックス,2026年６月期決算短信〔日本基準〕(連結)
2026-08-14,599A0,Ｐ－元気な介護,2026年６月期 決算短信〔日本基準〕（連結）
2026-08-14,599A0,Ｐ－元気な介護,業績予想と実績値との差異に関するお知らせ
2026-08-14,601A0,Ｐ－ラックス建設,2026年12月期 中間決算短信〔日本基準〕（非連結）
2026-08-14,60330,Ｇ－エクストリーム,報告セグメントの一部変更に関するお知らせ
2026-08-14,60330,Ｇ－エクストリーム,2027年３月期 第１四半期決算短信〔日本基準〕（連結）
2026-08-14,60330,Ｇ－エクストリーム,2027年３月期 第１四半期 決算説明資料
2026-08-14,60330,Ｇ－エクストリーム,中期経営計画策定に関するお知らせ
2026-08-14,60330,Ｇ－エクストリーム,事業計画及び成長可能性に関する事項_中期経営計画公表に伴う更新
2026-08-14,60330,Ｇ－エクストリーム,福岡オフィス開設に関するお知らせ
2026-08-14,60330,Ｇ－エクストリーム,株主優待制度導入に関するお知らせ
2026-08-14,60340,Ｇ－ＭＲＴ,2026年12月期 第２四半期期（中間期）決算短信〔IFRS〕（連結）
2026-08-14,60340,Ｇ－ＭＲＴ,2026年12月期 第２四半期 決算補足説明資料
2026-08-14,60340,Ｇ－ＭＲＴ,上場維持基準への適合に向けた計画(改善期間入り)に基づく進捗について
2026-08-14,60340,Ｇ－ＭＲＴ,事業計画及び成長可能性に関する事項（中期経営計画を踏まえた更新）
2026-08-14,60360,ＫｅｅＰｅｒ技研,2026年6月期 決算短信〔日本基準〕(非連結)
2026-08-14,60360,ＫｅｅＰｅｒ技研,2026年6月期決算説明資料
2026-08-14,60380,Ｇ－イード,2026年６月期 決算補足説明資料
2026-08-14,60380,Ｇ－イード,2026年６月期決算短信〔日本基準〕(連結)
2026-08-14,60380,Ｇ－イード,連結子会社の異動（株式譲渡）及び特別利益発生のお知らせ
2026-08-14,60390,Ｇ－日本動物高度医療,2027年３月期 第１四半期決算短信〔日本基準〕（連結）
2026-08-14,60390,Ｇ－日本動物高度医療,2027年3月期 第１四半期 決算説明資料
2026-08-14,603A0,Ｇ－アイ・グリッド,2026年６月期 決算短信〔日本基準〕（非連結）
2026-08-14,603A0,Ｇ－アイ・グリッド,2026年6月期 決算説明資料
2026-08-14,60450,Ｇ－レントラックス,2027年3月期 第1四半期決算短信〔日本基準〕（連結）
2026-08-14,60460,リンクバル,2026年９月期 第３四半期決算短信〔日本基準〕（連結）
2026-08-14,60460,リンクバル,2026年９月期第３四半期 決算補足説明資料
2026-08-14,60460,リンクバル,システムの不具合による個人情報の表示に関するお詫びとお知らせ
2026-08-14,60470,Ｇｕｎｏｓｙ,有償ストック・オプション（新株予約権）の発行に関するお知らせ
2026-08-14,60540,リブセンス,2026年12月期 第2四半期（中間期）決算短信〔日本基準〕（連結）
2026-08-14,60540,リブセンス,2026年12月期第2四半期決算補足説明資料
2026-08-14,60540,リブセンス,2026年12月期第2四半期連結業績予想と実績値との差異に関するお知らせ
2026-08-14,60540,リブセンス,中期経営計画の取り下げおよび役員報酬の減額に関するお知らせ
2026-08-14,60610,ユニバ園芸,令和８年６月期決算短信〔日本基準〕（連結)
2026-08-14,60610,ユニバ園芸,特別損失（減損損失および貸倒引当金繰入額）の計上ならびに通期業績予想と実績値との差異に関するお知らせ
2026-08-14,60610,ユニバ園芸,剰余金の配当に関するお知らせ
2026-08-14,60610,ユニバ園芸,代表取締役会長の異動（内定）に関するお知らせ
2026-08-14,60690,Ｇ－Ｔｒｅｎｄｓ,2027年３月期 第１四半期決算短信〔日本基準〕（連結）
2026-08-14,60690,Ｇ－Ｔｒｅｎｄｓ,2027年３月期 第１四半期決算における想定質問と回答
2026-08-14,60690,Ｇ－Ｔｒｅｎｄｓ,2027年３月期 第１四半期決算説明資料
2026-08-14,60700,キャリアリンク,2027年３月期 第１四半期決算短信〔日本基準〕(連結)
2026-08-14,60710,ＩＢＪ,（訂正・数値データ訂正）「2026年12月期 第２四半期（中間期）決算短信[日本基準](連結)」の一部訂正に関するお知らせ
2026-08-14,60710,ＩＢＪ,2026年12月期 2Q 決算説明資料
2026-08-14,60710,ＩＢＪ,業績予想と実績の差異及び通期連結業績予想の上方修正に関するお知らせ
2026-08-14,60710,ＩＢＪ,配当予想の修正（増配）及び配当方針の決定（累進配当の導入）に関するお知らせ
2026-08-14,60710,ＩＢＪ,2026年12月期 第２四半期（中間期）決算短信〔日本基準〕(連結)
2026-08-14,60810,Ｇ－アライドアーキ,2026年12月期第２四半期決算説明資料
2026-08-14,60810,Ｇ－アライドアーキ,2026年12月期第2四半期（中間期）決算短信〔日本基準〕（連結）
2026-08-14,60820,ライドオンＥＸＨＤ,2027年３月期第１四半期決算短信〔日本基準〕(連結)
2026-08-14,60820,ライドオンＥＸＨＤ,2027年３月期第１四半期決算補足説明資料
2026-08-14,60820,ライドオンＥＸＨＤ,2027年３月期 通期連結業績予想に関するお知らせ
2026-08-14,60820,ライドオンＥＸＨＤ,譲渡制限付株式報酬としての新株式の発行の払込完了に関するお知らせ
2026-08-14,60820,ライドオンＥＸＨＤ,自己株式取得に係る事項の決定に関するお知らせ
2026-08-14,60850,Ｇ－アーキテクツＳＪ,資金の借入に関するお知らせ
2026-08-14,60920,エンバイオＨＤ,2027年3月期 第1四半期決算短信〔日本基準〕（連結）
2026-08-14,60920,エンバイオＨＤ,2027年3月期 第1四半期決算説明資料
2026-08-14,60940,Ｇ－フリークアウト,2026年9月期 第3四半期決算説明資料
2026-08-14,60940,Ｇ－フリークアウト,2026年9月期 第3四半期決算短信［日本基準］（連結）
2026-08-14,61030,オークマ,譲渡制限付株式報酬としての自己株式の処分の払込完了に関するお知らせ
2026-08-14,61760,ブランジスタ,2026年９月期 第３四半期決算短信〔日本基準〕（連結）
2026-08-14,61900,Ｇ－ＰＸＢ,2027年３月期 第１四半期決算短信［日本基準］（連結）
2026-08-14,61900,Ｇ－ＰＸＢ,連結子会社の解散及び清算に関するお知らせ
2026-08-14,61910,エアトリ,2026年9月期第3四半期決算説明資料
2026-08-14,61910,エアトリ,2026年９月期 第３四半期決算短信〔ＩＦＲＳ〕(連結)
2026-08-14,61980,Ｇ－キャリア,業績予想の修正に関するお知らせ
2026-08-14,61980,Ｇ－キャリア,2026年9月期 第3四半期決算短信〔日本基準〕(連結)
2026-08-14,62280,ジェイ・イー・ティ,2026年12月期第２四半期（中間期）決算短信〔日本基準〕(連結)
2026-08-14,62280,ジェイ・イー・ティ,2026年12月期第１四半期決算短信〔日本基準〕(連結)
2026-08-14,62290,オーケーエム,2027年３月期 第１四半期決算短信〔日本基準〕(連結)
2026-08-14,62290,オーケーエム,2027年３月期第１四半期決算説明資料
2026-08-14,62320,Ｇ－ＡＣＳＬ,2026年12月期第２四半期（中間期）決算短信〔日本基準〕(連結)
2026-08-14,62320,Ｇ－ＡＣＳＬ,2026年12月期 第2四半期決算説明資料
2026-08-14,62320,Ｇ－ＡＣＳＬ,2026年12月期 連結業績予想の修正に関するお知らせ
2026-08-14,62680,ナブテスコ,（訂正・数値データ訂正）「2026年12月期 第２四半期（中間期）決算短信〔ＩＦＲＳ〕（連結）」 の一部訂正について
2026-08-14,62760,シリウスＶ,2026年12月期 第２四半期（中間期）決算短信〔日本基準〕（連結）
2026-08-14,63430,フリージアマク,令和９年３月期 第１四半期決算短信〔日本基準〕(連結)
2026-08-14,63610,荏原製,2026年12月期 第2四半期 決算説明会資料
2026-08-14,63610,荏原製,2026年12月期 第2四半期（中間期）決算短信〔IFRS〕(連結)
2026-08-14,63760,日機装,2026年12月期 第２四半期（中間期）決算短信〔ＩＦＲＳ〕（連結）
2026-08-14,63760,日機装,2026年12月期中間期業績予想と実績値との差異および通期業績予想の修正に関するお知らせ
2026-08-14,63760,日機装,剰余金の配当（中間配当）および期末配当予想の修正（ともに増配）に関するお知らせ
2026-08-14,64940,ＮＦＫ－ＨＤ,2027年３月期 第１四半期決算短信〔日本基準〕（連結）
2026-08-14,64970,ハマイ,2026年12月期半期報告書の提出期限延長に係る承認のお知らせ
2026-08-14,64970,ハマイ,2026年12月期半期報告書の提出期限延長に関する承認申請書提出のお知らせ
2026-08-14,64970,ハマイ,2026年12月期第2四半期決算短信の開示延期に関するお知らせ
2026-08-14,65330,オーケストラＨＤ,2026年12月期 第2四半期（中間期）決算短信〔IFRS〕（連結）
2026-08-14,65330,オーケストラＨＤ,2026年12月期 第2四半期 決算説明資料
2026-08-14,65380,ディスラプターズ,2027年３月期 第１四半期決算短信〔日本基準〕（連結）
2026-08-14,65380,ディスラプターズ,2027年３月期 第１四半期決算説明資料
2026-08-14,65380,ディスラプターズ,自己株式取得に係る事項の決定に関するお知らせ
2026-08-14,65450,Ｇ－ＩＩＦ,2027年３月期 第１四半期決算短信〔日本基準〕（連結）
2026-08-14,65450,Ｇ－ＩＩＦ,2027年３月期第１四半期決算補足説明資料
2026-08-14,65610,Ｇ－ＨＡＮＡＴＯＵＲ,2026年12月期 第２四半期（中間期）決算短信〔日本基準〕(連結)
2026-08-14,65610,Ｇ－ＨＡＮＡＴＯＵＲ,2026年12月期 第2四半期決算補足説明資料
2026-08-14,65620,Ｇ－ジーニー,2027年３月期第１四半期決算短信〔ＩＦＲＳ〕(連結)
2026-08-14,65620,Ｇ－ジーニー,不正アクセス関連損失および貸倒引当金繰入額（その他の費用）の計上に関するお知らせ
2026-08-14,65630,Ｇ－みらいワークス,2026年９月期 第３四半期決算短信〔日本基準〕(連結)
2026-08-14,65630,Ｇ－みらいワークス,2026年９月期第３四半期 決算説明資料
2026-08-14,65630,Ｇ－みらいワークス,特別損失の計上に関するお知らせ
2026-08-14,65630,Ｇ－みらいワークス,連結業績予想の修正に関するお知らせ
2026-08-14,65730,Ｇ－ＣＲＡＶＩＡ,2026年12月期第２四半期（中間期）決算短信〔日本基準〕(連結)
2026-08-14,65730,Ｇ－ＣＲＡＶＩＡ,2026年12月期第２四半期（中間期）連結業績予想と実績値との差異に関するお知らせ
2026-08-14,65740,Ｇ－コンヴァノ,2027年３月期 第１四半期決算短信〔ＩＦＲＳ〕（連結）
2026-08-14,65780,コレックＨＤ,資金の借入に関するお知らせ
2026-08-14,65780,コレックＨＤ,2027年２月期 第１四半期決算発表における質疑応答（要旨）について
2026-08-14,65920,マブチモーター,2026年12月期第2四半期（中間期）決算短信〔日本基準〕（連結）
2026-08-14,65920,マブチモーター,基本となる配当金額算定基準の変更に関するお知らせ
2026-08-14,65920,マブチモーター,剰余金の配当（中間配当）の決定及び期末配当予想の修正に関するお知らせ
2026-08-14,65920,マブチモーター,業績予想値と決算値の差異に関するお知らせ
2026-08-14,65970,Ｇ－ＨＰＣシステムズ,2026年6月期決算短信[日本基準]（連結）
2026-08-14,66270,テラプローブ,2026年12月期第２四半期（中間期）決算短信〔日本基準〕(連結)
2026-08-14,66270,テラプローブ,株式分割及び株式分割に伴う定款の一部変更に関するお知らせ
2026-08-14,66300,ヤーマン,2026年12月期 第２四半期（中間期）決算短信〔日本基準〕(連結)
2026-08-14,67210,ウインテスト,棚卸資産評価損、営業外収益及び特別損失の計上に関するお知らせ
2026-08-14,67210,ウインテスト,2026年12月期 第２四半期(中間期)決算短信〔日本基準〕（連結）
2026-08-14,67280,アルバック,2026年6月期 決算短信〔日本基準〕（連結）
2026-08-14,67280,アルバック,2026年6月期 剰余金の配当に関するお知らせ
2026-08-14,67280,アルバック,役員報酬制度の改定に関するお知らせ（事後交付型株式報酬制度（RSU・PSU）の導入）
2026-08-14,67300,アクセル,譲渡制限付株式報酬としての自己株式の処分の払込完了に関するお知らせ
2026-08-14,67310,ピクセラ,2026年9月期第3四半期決算短信〔日本基準〕(連結)
2026-08-14,67310,ピクセラ,営業外収益の計上に関するお知らせ
2026-08-14,67310,ピクセラ,営業外費用の計上に関するお知らせ
2026-08-14,67310,ピクセラ,特別損失の計上に関するお知らせ
2026-08-14,68190,伊豆シャボテンＲ,2027年３月期 第１四半期決算短信〔日本基準〕（連結）
2026-08-14,68200,アイコム,2027年３月期第１四半期決算短信〔日本基準〕（連結）
2026-08-14,68230,リオン,譲渡制限付株式報酬としての新株発行の払込完了に関するお知らせ
2026-08-14,68350,アライドＨＤ,2026年12月期第２四半期決算短信［日本基準］（連結）
2026-08-14,68350,アライドＨＤ,特別利益の計上および通期連結業績予想の修正に関するお知らせ
2026-08-14,68350,アライドＨＤ,剰余金の配当（中間配当）に関するお知らせ
2026-08-14,68900,フェローテック,2026年12月期 第1四半期決算短信〔日本基準〕（連結）
2026-08-14,68900,フェローテック,2026年12月期通期連結業績予想の修正に関するお知らせ
2026-08-14,68900,フェローテック,（開示事項の経過）決算説明資料および中期経営計画（ローリングプラン）資料の開示について
2026-08-14,69420,ソフィアＨＤ,2027年３月期 第１四半期決算短信［IFRS］（連結）
2026-08-14,69510,日電子,2027年３月期 第１四半期決算短信〔日本基準〕（連結）
2026-08-14,69770,日抵抗器,令和８年12月期 第２四半期（中間期）決算短信[日本基準]（連結）
2026-08-14,70310,Ｇ－インバウンド,2027年3月期 第1四半期決算短信〔日本基準〕（連結）
2026-08-14,70310,Ｇ－インバウンド,株価コミットメント型募集新株予約権（有償ストック・オプション） の発行に関するお知らせ
2026-08-14,70310,Ｇ－インバウンド,税制適格ストック・オプション（新株予約権）の発行に関するお知らせ
2026-08-14,70330,ＭＳＯＬ,2026年12月期 第２四半期（中間期）決算短信〔日本基準〕（連結）
2026-08-14,70330,ＭＳＯＬ,2026年12月期 第２四半期 決算説明資料
2026-08-14,70330,ＭＳＯＬ,子会社設立及び会社分割（簡易吸収分割）に向けた準備開始のお知らせ
2026-08-14,70380,フロンティアＭ,2026年12月期第２四半期（中間期）決算短信〔日本基準〕（連結）
2026-08-14,70380,フロンティアＭ,2026年12月期 第2四半期決算説明資料
2026-08-14,70390,Ｇ－ブリッジグループ,2026年12月期 第2四半期決算短信〔日本基準〕(連結)
2026-08-14,70390,Ｇ－ブリッジグループ,2026年12月期通期連結業績予想及び剰余金の配当(中間配当)及び配当予想の修正に関するお知らせ
2026-08-14,70390,Ｇ－ブリッジグループ,2026年12月期 第２四半期決算説明資料
2026-08-14,70410,Ｇ－ＣＲＧＨＤ,2026年９月期第３四半期決算短信〔日本基準〕(連結)
2026-08-14,70410,Ｇ－ＣＲＧＨＤ,2026年９月期第３四半期決算説明会資料
2026-08-14,70420,アクセスグループ,2027年３月期 第１四半期決算短信〔日本基準〕（連結）
2026-08-14,70440,ピアラ,2026年12月期 第２四半期（中間期）決算短信〔日本基準〕（連結）
2026-08-14,70440,ピアラ,2026年12月期第２四半期（連結・個別）業績予想と実績値との差異に関するお知らせ
2026-08-14,70440,ピアラ,2026年12月期第２四半期（中間期）決算補足資料
2026-08-14,70480,Ｇ－ベルトラ,2026年12月期 第２四半期（中間期）決算短信〔日本基準〕（連結）
2026-08-14,70480,Ｇ－ベルトラ,2026年12月期 第2四半期 決算説明資料
2026-08-14,70570,エヌ・シー・エヌ,2027年3月期 第1四半期 決算短信[日本基準]（連結）
2026-08-14,70570,エヌ・シー・エヌ,2027年3月期第1四半期 決算説明資料
2026-08-14,70570,エヌ・シー・エヌ,2027年3月期第1四半期 決算説明会のお知らせ
2026-08-14,70610,Ｇ－日本ホスピス,2026年12月期 第２四半期決算説明資料
2026-08-14,70610,Ｇ－日本ホスピス,2026年12月期 第２四半期決算FAQ
2026-08-14,70610,Ｇ－日本ホスピス,連結業績予想及び配当予想の取り下げに関するお知らせ
2026-08-14,70610,Ｇ－日本ホスピス,当社グループの運営する２施設の事業譲渡に関するお知らせ
2026-08-14,70610,Ｇ－日本ホスピス,2026年12月期 第２四半期（中間期）決算短信〔日本基準〕(連結)
2026-08-14,70620,Ｇ－フレアス,2027年３月期第１四半期決算短信〔日本基準〕(連結)
2026-08-14,70620,Ｇ－フレアス,2027年３月期第1四半期決算説明資料
2026-08-14,70630,Ｇ－Ｂｉｒｄｍａｎ,2026年６月期 決算短信〔日本基準〕（連結）
2026-08-14,70630,Ｇ－Ｂｉｒｄｍａｎ,営業損失、営業外収益、営業外費用及び特別損失の計上に関するお知らせ
2026-08-14,70630,Ｇ－Ｂｉｒｄｍａｎ,2026年６月期通期連結業績予想と実績値との差異に関するお知らせ
2026-08-14,70630,Ｇ－Ｂｉｒｄｍａｎ,訴訟の判決に関するお知らせ
2026-08-14,70630,Ｇ－Ｂｉｒｄｍａｎ,通期業績予想に関するお知らせ
2026-08-14,70660,Ｇ－ピアズ,2026年９月期 第３四半期決算短信〔日本基準〕（連結）
2026-08-14,70660,Ｇ－ピアズ,2026年９月期 第３四半期 決算補足説明資料
2026-08-14,70660,Ｇ－ピアズ,連結子会社間の吸収合併及び特定子会社の異動並びに子会社の商号の変更に関するお知らせ
2026-08-14,70710,アンビス,2026年９月期第３四半期決算短信〔日本基準〕(連結)
2026-08-14,70710,アンビス,2026年９月期第３四半期決算説明資料
2026-08-14,70720,Ｇ－インテＭ,2026年９月期 第３四半期（中間期）決算短信〔日本基準〕（連結）
2026-08-14,70720,Ｇ－インテＭ,2026年９月期 第３四半期決算説明資料
2026-08-14,70820,Ｇ－ジモティー,2026年12月期 第２四半期（中間期）決算短信〔日本基準〕（非連結）
2026-08-14,70840,Ｇ－ＳｍｉｌｅＨＤ,2027年３月期 第１四半期決算短信〔日本基準〕(連結)
2026-08-14,70840,Ｇ－ＳｍｉｌｅＨＤ,2027年３月期 第１四半期決算説明会資料
2026-08-14,70840,Ｇ－ＳｍｉｌｅＨＤ,臨時株主総会招集及び基準日設定並びに付議議案の基本方針（資本金及び資本準備金の額の減少）に関するお知らせ
2026-08-14,70910,Ｇ－ＬＰＦ,2027年3月期第1四半期決算短信〔日本基準〕（連結）
2026-08-14,70910,Ｇ－ＬＰＦ,2027年3月期第1四半期決算説明資料
2026-08-14,70930,Ｇ－アディッシュ,2026年12月期 第２四半期（中間期）決算短信〔日本基準〕（連結）
2026-08-14,70930,Ｇ－アディッシュ,2026年12月期 中間期決算説明資料
2026-08-14,71120,Ｇ－キューブ,2026年12月期 第2四半期（中間期）決算短信[日本基準](非連結)
2026-08-14,71120,Ｇ－キューブ,2026年12月期 第2四半期決算説明会資料
2026-08-14,71120,Ｇ－キューブ,（開示事項の変更）東南アジアにおける事業展開のための合弁会社設立に関する契約の解除、ならびに、東南アジアにおける総代理店契約締結のお知らせ
2026-08-14,71200,ＳＨＩＮＫＯ,2027年3月期 第1四半期決算短信〔日本基準〕（非連結）
2026-08-14,71200,ＳＨＩＮＫＯ,2027年3月期 第1四半期 決算説明資料
2026-08-14,71610,じもとＨＤ,2027年3月期 第1四半期末の自己資本比率について
2026-08-14,71850,ヒロセ通商,2026年７月度 月次概況（速報）に関するお知らせ
2026-08-14,71860,横浜ＦＧ,２０２７年３月期第１四半期末の自己資本比率について
2026-08-14,71910,イントラスト,株式報酬型ストック・オプション（新株予約権）の発行内容確定に関するお知らせ
2026-08-14,72560,河西工,2027年３月期 第１四半期決算短信〔日本基準〕（連結）
2026-08-14,72560,河西工,(訂正・数値データ訂正)「2025年３月期 第３四半期決算短信〔日本基準〕(連結)」の一部訂正に関するお知らせ
2026-08-14,72560,河西工,(訂正・数値データ訂正)「2025年３月期 決算短信〔日本基準〕(連結)」の一部訂正に関するお知らせ
2026-08-14,72560,河西工,(訂正・数値データ訂正)「2026年３月期 第１四半期決算短信〔日本基準〕(連結)」の一部訂正に関するお知らせ
2026-08-14,72560,河西工,(訂正・数値データ訂正)「2026年３月期 第２四半期(中間期)決算短信〔日本基準〕(連結)」の一部訂正に関するお知らせ
2026-08-14,72560,河西工,(訂正・数値データ訂正)「2026年３月期 第３四半期決算短信〔日本基準〕(連結)」の一部訂正に関するお知らせ
2026-08-14,72560,河西工,(訂正・数値データ訂正)「2026年３月期 決算短信〔日本基準〕(連結)」 の一部訂正に関するお知らせ
2026-08-14,72730,イクヨ,2027年３月期 第１四半期決算短信 [日本基準]（連結）
2026-08-14,73200,Ｇ－Ｓｏｌｖｖｙ,2026年６月期 決算短信［日本基準］（連結）
2026-08-14,73200,Ｇ－Ｓｏｌｖｖｙ,2026年６月期 決算説明資料
2026-08-14,73250,Ｇ－アイリック,2026年6月期 決算短信〔日本基準〕（連結）
2026-08-14,73250,Ｇ－アイリック,2026年6月期 決算説明資料
2026-08-14,73450,Ｇ－アイパートナーズ,2027年３月期第１四半期決算短信〔日本基準〕(連結)
2026-08-14,73450,Ｇ－アイパートナーズ,2027年３月期第１四半期 決算説明資料
2026-08-14,73500,おきなわＦＧ,2027年３月期第１四半期決算短信〔日本基準〕（連結）
2026-08-14,73510,Ｇ－グッドパッチ,自己株式取得に係る事項の決定に関するお知らせ
2026-08-14,73530,Ｇ－ＫＩＹＯ,2026年12月期 第２四半期（中間期）決算短信〔日本基準〕（非連結）
2026-08-14,73530,Ｇ－ＫＩＹＯ,第２四半期（中間期）業績予想と実績値との差異に関するお知らせ
2026-08-14,73530,Ｇ－ＫＩＹＯ,2026年12月期決算 第２四半期（中間期）決算説明資料
2026-08-14,73540,ＤｍＭｉＸ,2026年12月期 第２四半期（中間期）決算短信〔ＩＦＲＳ〕（連結）
2026-08-14,73540,ＤｍＭｉＸ,2026年12月期第2四半期決算説明資料
2026-08-14,73620,Ｇ－Ｔ．Ｓ．Ｉ,2026年12月期第2四半期（中間期）決算短信〔日本基準〕（連結）
2026-08-14,73620,Ｇ－Ｔ．Ｓ．Ｉ,2026年12月期第2四半期決算説明資料
2026-08-14,73630,Ｇ－ベビーカレンダー,2026年12月期第２四半期（中間期）決算短信〔日本基準〕(非連結)
2026-08-14,73700,Ｇ－Ｅｎｊｉｎ,（訂正・数値データ訂正）「2026年５月期 決算短信〔日本基準〕(連結)」の一部訂正について
2026-08-14,73710,Ｇ－Ｚｅｎｋｅｎ,2026年６月期 決算短信〔日本基準〕(連結)
2026-08-14,73710,Ｇ－Ｚｅｎｋｅｎ,2026年６月期通期連結業績予想と実績値との差異（上方修正）及び剰余金の配当（増配）に関するお知らせ
2026-08-14,73710,Ｇ－Ｚｅｎｋｅｎ,2026年６月期 決算説明資料
2026-08-14,73710,Ｇ－Ｚｅｎｋｅｎ,譲渡制限付株式報酬制度の導入に関するお知らせ
2026-08-14,73750,Ｇ－リファインバスＧ,2026年６月期 決算短信〔日本基準〕（連結）
2026-08-14,73750,Ｇ－リファインバスＧ,特別損失の計上に関するお知らせ
2026-08-14,73830,ネットプロＨＤ,[本編書き起こし]2027年３月期 第１四半期 決算説明会
2026-08-14,73830,ネットプロＨＤ,2027年３月期 第１四半期決算短信〔ＩＦＲＳ〕（連結）
2026-08-14,73830,ネットプロＨＤ,2027年３月期 第１四半期 決算説明資料
2026-08-14,73890,あいちＦＧ,2027年3月期第1四半期決算短信〔日本基準〕（連結）
2026-08-14,74620,ＣＡＰＩＴＡ,(訂正)株式会社桃の木の公開買付開始公告の訂正に関するお知らせ
2026-08-14,74940,コナカ,営業外費用の計上に関するお知らせ
2026-08-14,74940,コナカ,2026年９月期 第３四半期決算短信〔日本基準〕（連結）
2026-08-14,75220,ワタミ,2027年３月期 第１四半期決算短信〔日本基準〕（連結）
2026-08-14,75240,マルシェ,2027年3月期第1四半期決算短信〔日本基準〕（非連結）
2026-08-14,75550,大田花き,2027年3月期 第1四半期決算短信〔日本基準〕（連結）
2026-08-14,75710,ヤマノＨＤ,2027年３月期 第１四半期決算短信〔日本基準〕(連結)
2026-08-14,75780,ニチリョク,連結決算への移行に伴う連結業績予想の公表及び個別業績予想の修正（取り下げ）に関するお知らせ
2026-08-14,75780,ニチリョク,営業外費用（貸倒引当金繰入額）の計上に関するお知らせ
2026-08-14,75780,ニチリョク,資金使途及び支出予定時期の変更に関するお知らせ
2026-08-14,75780,ニチリョク,2027年3月期第1四半期決算短信〔日本基準〕（連結）
2026-08-14,75960,魚力,2027年３月期 第１四半期決算短信〔日本基準〕（連結）
2026-08-14,75960,魚力,業績予想の修正に関するお知らせ
2026-08-14,76150,京都きもの友禅ＨＤ,譲渡制限付株式報酬としての自己株式の処分の払込完了に関するお知らせ
2026-08-14,76380,ＮＥＷ ＡＲＴ,2027年3月期第1四半期決算短信〔日本基準〕（連結）
2026-08-14,76490,スギＨＤ,スギホールディングス株式会社 2026年7月度 月次速報に関するお知らせ
2026-08-14,76770,ヤシマキザイ,2027年3月期 第1四半期決算短信〔日本基準〕(連結）
2026-08-14,76770,ヤシマキザイ,譲渡制限付株式報酬としての自己株式の処分の払込完了に関するお知らせ
2026-08-14,76850,Ｇ－ＢＵＹＳＥＬＬ,2026年12月期 第２四半期（中間期）決算短信〔日本基準〕（連結）
2026-08-14,76850,Ｇ－ＢＵＹＳＥＬＬ,通期業績予想の修正および配当予想の修正に関するお知らせ
2026-08-14,76850,Ｇ－ＢＵＹＳＥＬＬ,中期経営計画2027財務ガイダンスの更新に関するお知らせ
2026-08-14,76850,Ｇ－ＢＵＹＳＥＬＬ,（開示事項の経過） 連結子会社による合弁会社設立及び株式追加取得に向けた基本合意書締結に関するお知らせ
2026-08-14,76850,Ｇ－ＢＵＹＳＥＬＬ,2026年12月期 第2四半期決算説明資料
2026-08-14,76850,Ｇ－ＢＵＹＳＥＬＬ,2026年７月月次に関するお知らせ
2026-08-14,76860,ひとまいる,2027年３月期 第１四半期決算短信〔日本基準〕（連結）
2026-08-14,76860,ひとまいる,2027年3月期 第1四半期 決算補足説明資料
2026-08-14,76860,ひとまいる,譲渡制限付株式報酬としての新株式の発行及び払込完了に関するお知らせ
2026-08-14,76860,ひとまいる,月次報告(2026年７月度)
2026-08-14,76910,Ｐ－ＣＣｈａｎ,2027年３月期 第１四半期決算短信〔日本基準〕（連結）
2026-08-14,76940,Ｇ－いつも,2027年３月期第１四半期決算短信〔日本基準〕（連結）
2026-08-14,76940,Ｇ－いつも,2027年３月期第１四半期決算説明会資料
2026-08-14,76950,Ｇ－交換できるくん,2027年3月期 第1四半期決算短信〔日本基準〕(連結)
2026-08-14,76950,Ｇ－交換できるくん,2027年3月期 第1四半期決算説明資料
2026-08-14,76990,Ｇ－ＯＰＳ,2027年３月期 第１四半期決算短信〔SFRS〕(連結)
2026-08-14,77070,Ｇ－ＰＳＳ,(訂正)「期末配当（復配）に関するお知らせ」の一部訂正について
2026-08-14,77070,Ｇ－ＰＳＳ,2026年６月期決算短信〔日本基準〕(連結)
2026-08-14,77070,Ｇ－ＰＳＳ,2026年６月期 通期連結業績予想と連結実績との差異に関するお知らせ
2026-08-14,77070,Ｇ－ＰＳＳ,2026年６月期通期 個別業績の前期実績値との差異に関するお知らせ
2026-08-14,77070,Ｇ－ＰＳＳ,法人税等調整額（益）の計上に関するお知らせ
2026-08-14,77070,Ｇ－ＰＳＳ,期末配当（復配）に関するお知らせ
2026-08-14,77070,Ｇ－ＰＳＳ,取締役の人事（予定）に関するお知らせ
2026-08-14,77440,ノーリツ鋼機,2026年12月期 第2四半期（中間期）決算短信〔IFRS〕（連結）
2026-08-14,77440,ノーリツ鋼機,2026年12月期第２四半期（中間期）連結業績予想と実績との差異に関するお知らせ
2026-08-14,77440,ノーリツ鋼機,2026年12月期 第2四半期（中間期）決算補足説明資料
2026-08-14,77470,アサヒインテック,中期経営計画「Building the Future 2030」の目標数値および 長期ビジョンの数値目標の見直し（上方修正）に関するお知らせ
2026-08-14,77470,アサヒインテック,脳動脈瘤内閉塞デバイスに関する日本市場における独占販売契約の締結について
2026-08-14,77470,アサヒインテック,2026年６月期決算短信〔日本基準〕(連結)
2026-08-14,77470,アサヒインテック,2026年６月期 剰余金の配当に関するお知らせ
2026-08-14,77470,アサヒインテック,中期経営計画 Building the Future 2030 ～Unlocking Sustainable Growth～
2026-08-14,77470,アサヒインテック,2026 年 6 月期 決算説明資料
2026-08-14,77620,シチズン時計,2027年３月期 第１四半期決算短信〔日本基準〕(連結)
2026-08-14,77620,シチズン時計,第２四半期（中間期）及び通期連結業績予想の修正に関するお知らせ
2026-08-14,77620,シチズン時計,配当予想の修正に関するお知らせ
2026-08-14,77810,平山,2026年6月期 決算短信〔日本基準〕（連結）
2026-08-14,77810,平山,期末配当予想の修正に関するお知らせ
2026-08-14,77820,シンシア,2026年12月期 第2四半期（中間期）決算短信〔日本基準〕（連結）
2026-08-14,77820,シンシア,2026年12月期 第2四半期（中間期）決算説明資料
2026-08-14,77900,バルコス,特別利益及び特別損失の計上に関するお知らせ
2026-08-14,77900,バルコス,2026年12月期第2四半期決算短信〔日本基準〕（連結）
2026-08-14,77930,Ｇ－イメージマジック,2026年12月期 第２四半期（中間期）決算短信〔日本基準〕（非連結）
2026-08-14,77930,Ｇ－イメージマジック,2026年12月期 第２四半期決算説明資料
2026-08-14,77940,Ｇ－イーディーピー,行使価額修正条項付新株予約権の大量行使に関するお知らせ
2026-08-14,78090,壽屋,2026年６月期 決算短信〔日本基準〕(連結)
2026-08-14,78090,壽屋,2026年６月期 決算補足説明資料
2026-08-14,78120,クレステック,剰余金の配当に関するお知らせ
2026-08-14,78120,クレステック,営業外収益の計上、並びに個別業績の前期実績値との差異に関するお知らせ
2026-08-14,78120,クレステック,2026年６月期 決算短信〔日本基準〕（連結）
2026-08-14,78230,アートネイチャー,2027年3月期7月度単体月次売上状況（速報）
2026-08-14,78360,アビックス,2027年３月期 第１四半期決算短信〔日本基準〕(連結)
2026-08-14,79150,ＮＩＳＳＨＡ,2026年12月期半期報告書の提出期限延長申請に関する承認のお知らせ
2026-08-14,79360,アシックス,2026年12月期 第２四半期（中間期）決算短信〔日本基準〕（連結）
2026-08-14,79360,アシックス,2026年12月期通期連結業績予想の修正及び剰余金の配当（中間配当）ならびに期末配当予想の修正（増配）に関するお知らせ
2026-08-14,79360,アシックス,連結子会社の解散及び清算（方針）に関するお知らせ
2026-08-14,80230,ＤＡＩＫＯＸＴ,譲渡制限付株式報酬としての自己株式の処分の払込完了に関するお知らせ
2026-08-14,80230,ＤＡＩＫＯＸＴ,従業員持株会を通じた当社従業員への譲渡制限付株式付与制度に基づく自己株式の処分の払込完了及び一部失権に関するお知らせ
2026-08-14,80410,ＯＵＧ ＨＤ,2027年３月期 第１四半期決算短信〔日本基準〕（連結）
2026-08-14,80410,ＯＵＧ ＨＤ,2027年３月期 第１四半期OUGホールディングス決算要約説明資料
2026-08-14,80410,ＯＵＧ ＨＤ,株主優待制度の変更に関するお知らせ
2026-08-14,80430,スターゼン,取締役、執行役員及び従業員に対する譲渡制限付株式としての自己株式処分の払込完了に関するお知らせ
2026-08-14,80660,三谷商,自己株式立会外買付取引（ＴｏＳＴＮｅＴ－３）による自己株式の取得結果および取得終了に関するお知らせ
2026-08-14,80700,東京産,2027年３月期 第１四半期決算短信〔日本基準〕(連結)
2026-08-14,80850,ナラサキ,取締役及び執行役員に対する譲渡制限付株式としての自己株式処分の払込完了に関するお知らせ
2026-08-14,81290,東邦ＨＤ,（訂正）「株主による新株予約権無償割当て差止めの仮処分の申立てに関するお知らせ」の一部訂正について
2026-08-14,81290,東邦ＨＤ,株主による新株予約権無償割当て差止めの仮処分の申立てに関するお知らせ
2026-08-14,81290,東邦ＨＤ,譲渡制限付株式報酬としての自己株式の処分の払込完了に関するお知らせ
2026-08-14,81420,トーホー,2026年７月度 月次売上高のお知らせ
2026-08-14,82020,ラオックスＨＤ,2026年12月期 第２四半期（中間期）決算短信〔日本基準〕（連結）
2026-08-14,82550,アクシアル,自己株式の取得状況および取得終了に関するお知らせ
2026-08-14,82810,ゼビオＨＤ,2027年３月期 第１四半期決算短信〔日本基準〕（連結）
2026-08-14,83060,三菱ＵＦＪ,2027年3月期 第1四半期 自己資本比率について
2026-08-14,83160,三井住友,2027年3月期第1四半期における自己資本比率の状況について
2026-08-14,83410,七十七銀,2027年3月期 第1四半期末の自己資本比率について
2026-08-14,83440,山形銀,2027年3月期 第1四半期末の自己資本比率について
2026-08-14,83990,琉球銀,2027年3月期 第1四半期決算短信〔日本基準〕(連結)
2026-08-14,84110,みずほ,2027年3月期第1四半期における自己資本比率について
2026-08-14,85180,アジア投資,2025年第２回新株予約権（行使価額修正条項付）の取得及び消却の完了並びに月間行使状況に関するお知らせ
2026-08-14,85180,アジア投資,2027年３月期第１四半期決算短信〔日本基準〕（連結）
2026-08-14,85180,アジア投資,2027年3月期第1四半期決算補足資料（従来連結基準）
2026-08-14,86300,ＳＯＭＰＯＨＤ,2027年3月期第1四半期決算短信〔ＩＦＲＳ〕(連結)
2026-08-14,86300,ＳＯＭＰＯＨＤ,2027年3月期第1四半期決算参考資料
2026-08-14,87080,アイザワ証Ｇ,譲渡制限付株式報酬としての自己株式の処分の払込完了に関するお知らせ
2026-08-14,87250,ＭＳ＆ＡＤ,2027年３月期 第1四半期決算短信〔ＩＦＲＳ〕（連結）
2026-08-14,87460,ｕｎｂａｎｋｅｄ,2027年３月期 第１四半期決算短信〔日本基準〕（連結）
2026-08-14,87470,豊トラスティ証券,連結総資産の増加に関するお知らせ
2026-08-14,87690,ＡＲＭ,2027年３月期 第１四半期決算説明資料
2026-08-14,87690,ＡＲＭ,2027年３月期 第１四半期決算短信〔日本基準〕（連結）
2026-08-14,87830,ａｂｃ,第20回新株予約権（行使価額修正条項付）の大量行使に関するお知らせ
2026-08-14,87980,アドバンスクリエイト,（再訂正・数値データ再訂正）「2025年9月期 決算短信〔日本基準〕（連結）」の一部訂正について
2026-08-14,87980,アドバンスクリエイト,（訂正・数値データ訂正）「2026年9月期 第1四半期決算短信〔日本基準〕（連結）」の一部訂正について
2026-08-14,87980,アドバンスクリエイト,（訂正）「2025年9月期 第2四半期決算短信〔日本基準〕（連結）」の 一部訂正について
2026-08-14,87980,アドバンスクリエイト,（訂正・数値データ訂正）「2025年9月期 第3四半期決算短信〔日本基準〕（連結）」の一部訂正について
2026-08-14,87980,アドバンスクリエイト,（再訂正）「2024年9月期 第1四半期決算短信〔日本基準〕（連結）」の一部訂正について
2026-08-14,87980,アドバンスクリエイト,（再訂正）「2024年9月期 第2四半期決算短信〔日本基準〕（連結）」の一部訂正について
2026-08-14,87980,アドバンスクリエイト,（再訂正・数値データ再訂正）「2024年9月期 第3四半期決算短信〔日本基準〕（連結）」の一部訂正について
2026-08-14,87980,アドバンスクリエイト,（訂正）「2024年9月期 決算短信〔日本基準〕（連結）」の一部訂正について
2026-08-14,87980,アドバンスクリエイト,（再訂正）「2023年9月期 決算短信〔日本基準〕（連結）」の一部訂正について
2026-08-14,87980,アドバンスクリエイト,（再訂正）「2021年9月期 決算短信〔日本基準〕（連結）」の一部訂正について
2026-08-14,87980,アドバンスクリエイト,（再訂正）「2022年9月期 決算短信〔日本基準〕（連結）」の一部訂正について
2026-08-14,87980,アドバンスクリエイト,2026年9月期 第2四半期（中間期）決算短信〔日本基準〕（連結）
2026-08-14,87980,アドバンスクリエイト,2026年9月期第2四半期（2025年10月～2026年3月）業績説明資料
2026-08-14,87980,アドバンスクリエイト,2026年9月期の剰余金配当（中間配当）無配及び株主優待制度の休止継続に関するお知らせ
2026-08-14,87980,アドバンスクリエイト,第31期（2026年9月期）半期報告書の提出完了に関するお知らせ
2026-08-14,87980,アドバンスクリエイト,特別利益及び特別損失の計上に関するお知らせ
2026-08-14,87980,アドバンスクリエイト,財務報告に係る内部統制の開示すべき重要な不備及び内部統制報告書の訂正報告書の提出に関するお知らせ
2026-08-14,87980,アドバンスクリエイト,過年度の有価証券報告書等の訂正報告書の提出及び過年度の決算短信等の訂正に関するお知らせ
2026-08-14,88360,ＲＩＳＥ,非連結決算への移行に伴う令和９年３月期通期個別業績予想及び特別損失の計上に関するお知らせ
2026-08-14,88360,ＲＩＳＥ,令和９年３月期第１四半期決算短信〔日本基準〕(非連結)
2026-08-14,88760,リログループ,譲渡制限付株式報酬としての自己株式処分の処分価額等の決定に関するお知らせ
2026-08-14,89380,Ｇ－グロームＨＤ,2027年３月期 第１四半期決算短信〔日本基準〕（連結）
2026-08-14,89520,Ｒ－ジャパン,資金の借入に関するお知らせ
2026-08-14,90870,タカセ,2027年３月期第１四半期決算短信〔日本基準〕(連結)
2026-08-14,91450,ビーイングＨＤ,2026年12月期第２四半期（中間期）決算短信〔日本基準〕（連結）
2026-08-14,91450,ビーイングＨＤ,2026年12月期 中間期決算説明資料
2026-08-14,91450,ビーイングＨＤ,2026年12月期第２四半期（中間期）連結業績予想と実績値の差異に関するお知らせ
2026-08-14,91450,ビーイングＨＤ,当社グループ月次連結営業収益に関するお知らせ（2026年7月度 速報版）
2026-08-14,91590,Ｇ－ＷＴＯＫＹＯ,自己株式取得に係る事項の決定に関するお知らせ （会社法第165条第２項の規定による定款の定めに基づく自己株式の取得）
2026-08-14,91590,Ｇ－ＷＴＯＫＹＯ,2026年６月期 決算短信〔日本基準〕（非連結）
2026-08-14,91590,Ｇ－ＷＴＯＫＹＯ,2026年６月期 通期決算説明資料
2026-08-14,91600,オンザページ,2026年12月期 第２四半期（中間期）決算短信〔ＩＦＲＳ〕（連結）
2026-08-14,91600,オンザページ,2026年12月期 第２四半期決算説明資料
2026-08-14,91600,オンザページ,2026年12月期第２四半期（中間期）連結業績予想値と実績値との差異に関するお知らせ
2026-08-14,91620,Ｇ－ブリーチ,連結業績の前期実績との差異に関するお知らせ
2026-08-14,91620,Ｇ－ブリーチ,2026年6月期 通期連結決算説明資料
2026-08-14,91620,Ｇ－ブリーチ,2026年6月期 決算短信〔日本基準〕(連結)
2026-08-14,92110,Ｇ－エフ・コード,2026年12月期 第２四半期（中間期）決算短信〔ＩＦＲＳ〕(連結)
2026-08-14,92110,Ｇ－エフ・コード,2026年12月期 第２四半期 決算説明資料
2026-08-14,92110,Ｇ－エフ・コード,2026年12月期 第２四半期 決算説明資料スマホ向けサマリ版
2026-08-14,92110,Ｇ－エフ・コード,その他の収益及びその他の費用（IFRS）の計上に関するお知らせ
2026-08-14,92110,Ｇ－エフ・コード,(訂正・数値データ訂正)「2026年12月期 第１四半期決算短信〔ＩＦＲＳ〕（連結）」 の一部訂正について
2026-08-14,92120,Ｇ－ＧＥＩ,2026年９月期 第３四半期 決算短信〔日本基準〕（非連結）
2026-08-14,92120,Ｇ－ＧＥＩ,2026年9月期 第3四半期 決算説明資料・中長期ビジョン進捗レポート
2026-08-14,92130,セイファート,2026年12月期 第２四半期（中間期）決算短信〔日本基準〕（連結）
2026-08-14,92130,セイファート,2026年12月期 第２四半期決算説明資料
2026-08-14,92180,Ｇ－メンタルヘルスＴ,2026年12月期第２四半期（中間期）決算短信〔日本基準〕(連結)
2026-08-14,92180,Ｇ－メンタルヘルスＴ,2026年12月期第2四半期決算説明資料
2026-08-14,92180,Ｇ－メンタルヘルスＴ,業績予想値と決算値の差異に関するお知らせ
2026-08-14,92190,Ｇ－ギックス,通期連結業績予想と実績値の差異に関するお知らせ
2026-08-14,92190,Ｇ－ギックス,2026年６月期 決算説明資料
2026-08-14,92190,Ｇ－ギックス,2026年６月期 決算短信〔日本基準〕（連結）
2026-08-14,92440,Ｇ－デジタリフト,2026年9月期 第3四半期決算補足説明資料
2026-08-14,92440,Ｇ－デジタリフト,2026年9月期 第3四半期決算短信〔日本基準〕(連結)
2026-08-14,92460,Ｇ－プロジェクトＨＤ,2026年12月期 第２四半期（中間期）決算短信〔日本基準〕（連結）
2026-08-14,92460,Ｇ－プロジェクトＨＤ,2026年12月期 第2四半期 決算説明資料
2026-08-14,92480,人・夢・技術Ｇ,2026年９月期 第３四半期決算短信〔日本基準〕(連結)
2026-08-14,92540,Ｇ－ラバブルマーケ,2027年３月期第１四半期決算短信〔日本基準〕(連結)
2026-08-14,92540,Ｇ－ラバブルマーケ,特別損失（投資有価証券評価損）の計上に関するお知らせ
2026-08-14,92540,Ｇ－ラバブルマーケ,2027年3月期 第1四半期 決算説明資料
2026-08-14,92570,Ｇ－ＹＣＰ,剰余金の配当（中間配当）に関するお知らせ
2026-08-14,92570,Ｇ－ＹＣＰ,2026年12月期第２四半期（中間期）決算短信〔ＳＦＲＳ(Ｉ)及びＩＦＲＳ〕（連結）
2026-08-14,92820,Ｉ－いちごグリーン,2026年6月期 決算短信（インフラファンド）
2026-08-14,92820,Ｉ－いちごグリーン,2026年6月期（第11期）決算説明資料
2026-08-14,92840,Ｉ－カナディアンソラ,千葉県内の大雨による運用資産への影響に関するお知らせ
2026-08-14,93190,中央倉庫,譲渡制限付株式報酬としての自己株式の処分の払込完了に関するお知らせ
2026-08-14,93270,イー・ロジット,2027年3月期 第1四半期決算短信〔日本基準〕（非連結）
2026-08-14,93440,Ｇ－アクシスＣ,2026年6月期 決算短信〔日本基準〕(連結)
2026-08-14,93440,Ｇ－アクシスＣ,2026年6月期 通期決算説明資料
2026-08-14,93440,Ｇ－アクシスＣ,事業計画及び成長可能性に関する資料
2026-08-14,93440,Ｇ－アクシスＣ,剰余金の配当及び配当方針の変更に関するお知らせ
2026-08-14,93440,Ｇ－アクシスＣ,法人税等調整額（益）の計上に関するお知らせ
2026-08-14,93440,Ｇ－アクシスＣ,2026年6月期 ファクトシート
2026-08-14,93450,Ｇ－ビズメイツ,2026年12月期 第２四半期（中間期）決算短信〔日本基準〕（連結）
2026-08-14,93450,Ｇ－ビズメイツ,2026年12月期 第２四半期 決算説明資料
2026-08-14,94170,スマートバリュー,2026年6月期 決算短信〔日本基準〕（連結）
2026-08-14,94170,スマートバリュー,連結業績予想と実績の差異及び特別損益の計上並びに剰余金の配当（無配）に関するお知らせ
2026-08-14,94170,スマートバリュー,中期経営計画（ローリング版）に関するお知らせ
2026-08-14,94490,ＧＭＯ,2026年12月期第２四半期（中間期）決算短信〔IFRS〕（連結）
2026-08-14,94490,ＧＭＯ,剰余金の配当（第２四半期配当）に関するお知らせ
2026-08-14,94500,ファイバーゲート,2026年6月期決算短信〔日本基準〕(連結)
2026-08-14,94500,ファイバーゲート,2026年6月期 決算説明資料
2026-08-14,94670,Ｇ－アルファポリス,2027年3月期 第1四半期決算短信〔日本基準〕（連結）
2026-08-14,94670,Ｇ－アルファポリス,2027年3月期 第1四半期決算説明資料
2026-08-14,95520,クオンツ総研ＨＤ,2026年9月期 第3四半期決算短信〔IFRS〕(連結)
2026-08-14,95520,クオンツ総研ＨＤ,2026年9月期 第3四半期 決算説明資料
2026-08-14,95530,Ｇ－マイクロアド,2026年９月期 第３四半期決算短信[日本基準]（連結）
2026-08-14,95530,Ｇ－マイクロアド,連結子会社からの配当金受領に関するお知らせ
2026-08-14,95530,Ｇ－マイクロアド,2026年９月期 第３四半期決算説明会資料
2026-08-14,95540,Ｇ－ＡＶｉＣ,2026年９月期 第３四半期決算短信〔日本基準〕（連結）
2026-08-14,95540,Ｇ－ＡＶｉＣ,2026年９月期 第３四半期決算説明資料
2026-08-14,95570,Ｇ－エアクロ,2026年６月期 決算短信〔日本基準〕（非連結）
2026-08-14,95570,Ｇ－エアクロ,2026年６月期 決算説明資料
2026-08-14,95610,Ｇ－グラッドキューブ,2026年12月期第2四半期（中間期）決算短信〔日本基準〕(連結)
2026-08-14,95610,Ｇ－グラッドキューブ,2026年12月期第2四半期（中間期）決算補足説明資料
2026-08-14,95610,Ｇ－グラッドキューブ,2026年12月期第2四半期（中間期）決算補足説明動画書き起こしレポート
2026-08-14,95610,Ｇ－グラッドキューブ,自己株式取得に係る事項の決定に関するお知らせ
2026-08-14,95630,Ｇ－Ａｔｌａｓ,2026年12月期第２四半期（中間期）決算短信〔日本基準〕(連結)
2026-08-14,95630,Ｇ－Ａｔｌａｓ,2026年12月期第２四半期決算説明資料
2026-08-14,95630,Ｇ－Ａｔｌａｓ,2026年12月期 第2四半期累計期間の業績予想値と実績値との差異、通期業績予想の修正、ならびに配当方針の変更に伴う当期配当予想の修正（初配）に関するお知らせ
2026-08-14,95630,Ｇ－Ａｔｌａｓ,自己株式の取得および自己株式立会外買付取引（ToSTNeT-3）による自己株式の買付けならびに自己株式の消却に関するお知らせ
2026-08-14,95650,Ｇ－ＧＬＯＥ,2026年６月期決算短信〔日本基準〕(連結)
2026-08-14,95650,Ｇ－ＧＬＯＥ,連結業績予想と実績値との差異および個別業績と前期実績値との差異に関するお知らせ
2026-08-14,96100,ウィルソンＷＬＷ,2027年３月期 第１四半期決算短信[日本基準]（連結）
2026-08-14,96100,ウィルソンＷＬＷ,2027年３月期第１四半期決算補足説明資料
2026-08-14,96120,ラックランド,主要株主及び主要株主である筆頭株主の異動（予定）並びに公開買付けに準ずる行為として政令で定める買集め行為に関するお知らせ
2026-08-14,96120,ラックランド,2026年12月期 第２四半期（中間期）決算短信〔日本基準〕（連結）
2026-08-14,96280,燦ＨＤ,2026年８月期 第５四半期決算短信〔日本基準〕（連結）
2026-08-14,97600,進学会ＨＤ,2027年３月期第１四半期決算短信〔日本基準〕(連結)
2026-08-14,97820,ディーエムエス,譲渡制限付株式報酬としての自己株式処分の支払完了に関するお知らせ
2026-08-14,98870,松屋フーズＨＤ,令和９年３月期第１四半期決算短信[日本基準](連結)
2026-08-14,99560,バローＨＤ,2027年３月期 第１四半期決算短信〔日本基準〕（連結）（公認会計士等による期中レビューの完了）
2026-08-14,99730,ＫＯＺＯＨＤ,2026年12月期 第２四半期（中間期）決算短信〔日本基準〕（連結）
2026-08-14,99790,大庄,2026年7月の月次売上状況について
2026-08-14,99800,ＭＲＫ ＨＬＤ,2027年３月期 第１四半期決算短信（日本基準）（連結）
2026-08-14,99800,ＭＲＫ ＨＬＤ,2027年３月期 第１四半期 決算補足説明資料
2026-08-14,99890,サンドラッグ,2027年３月期 第１四半期決算短信〔日本基準〕（連結）
2026-08-17,13190,ＮＦ日経３００,「NEXT FUNDS 日経300株価指数連動型上場投信」基準価額と市場価格の重要な乖離に関するお知らせ
2026-08-17,13264,Ｅ－ワールド,SPDRゴールド・シェアに関する日々の開示事項
2026-08-17,13294,Ｅ－ブラックロック,上場ETF（管理会社：ブラックロック・ジャパン）に関する日々の開示事項
2026-08-17,13494,Ｅ－ＳＳＧＡ－ＳＩＮ,アジア国債・公債ＥＴＦ（正式名称：ＡＢＦ汎アジア債券インデックス・ファンド）に関する日々の開示事項
2026-08-17,14140,ショーボンド,役員人事異動に関するお知らせ
2026-08-17,15574,Ｅ－ＳＳＧＡＴＣ,State Street SPDR S&P500 ETFに関する日々の開示事項
2026-08-17,16714,Ｅ－シンプレクス,上場ＥＴＦ(管理会社：シンプレクス・アセット・マネジメント)に関する日々の開示事項
2026-08-17,16724,Ｅ－ＷｉｓｄｏｍＴｒ,上場ETF（管理会社：WisdomTree、外国投資法人：MSL）に関する日々の開示事項
2026-08-17,16724,Ｅ－ＷｉｓｄｏｍＴｒ,上場ETF（管理会社：WisdomTree、外国投資法人：CSL）に関する日々の開示事項
2026-08-17,189A0,Ｇ－Ｄ＆Ｍカンパニー,投資資産残高（連結）に関するお知らせ（2026年7月）
2026-08-17,20704,Ｎ－三菱ＵＦＪ証ＨＤ,上場ETN（発行者：三菱UFJ証券ホールディングス株式会社）に関する日々の開示事項
2026-08-17,208A0,構造計画ＨＤ,自己株式立会外買付取引（ＴｏＳＴＮｅＴ－３）による 自己株式の取得結果に関するお知らせ
2026-08-17,22670,ヤクルト,役員等に対する「株式給付信託（BBT-RS）」の導入に伴う自己株式の処分に係る払込完了に関するお知らせ
2026-08-17,23050,スタジオアリス,2026年7月の月次売上高等について
2026-08-17,24610,ファンコミ,2026年12月期7月度 月次業績速報のお知らせ
2026-08-17,249A0,Ｐ－ヒューマンＡ,株式分割及び株式分割に伴う定款の一部変更に関するお知らせ
2026-08-17,25240,ＮＺＡＭ ＴＰＸ,ETFの収益分配のお知らせ
2026-08-17,25250,ＮＺＡＭ ２２５,ETFの収益分配のお知らせ
2026-08-17,25260,ＮＺＡＭ ４００,ETFの収益分配のお知らせ
2026-08-17,25670,ＮＺＡＭ カーボン,ETFの収益分配のお知らせ
2026-08-17,25900,ＤｙＤｏ,取締役の委嘱業務変更および執行役員人事に関するお知らせ
2026-08-17,26430,日本株セレクトＥＴＦ,「NEXT FUNDS MSCI ジャパンカントリー指数（セレクト）連動型上場投信」の信託終了にかかる約款変更のお知らせ
2026-08-17,264A0,Ｇ－Ｓｃｈｏｏ,（訂正）「2026年９月期第３四半期決算説明資料」の一部訂正について
2026-08-17,271A0,Ｐ－アクセリア,「上場目的の開示」に関するお知らせ
2026-08-17,285A0,キオクシアＨＤ,（訂正）「主要株主である筆頭株主の異動に関するお知らせ」の一部訂正について
2026-08-17,29260,篠崎屋,福岡証券取引所本則市場への重複上場に関するお知らせ
2026-08-17,29270,ＡＦＣ－ＨＤ,2026年8月期 期末配当予想の増配に関するお知らせ
2026-08-17,29370,Ｇ－サンクゼール,連結子会社による事業の譲り受けに関するお知らせ
2026-08-17,29710,Ｒ－エスコンジャパン,令和8年8月千葉豪雨による保有資産への影響に関するお知らせ
2026-08-17,29910,ランドネット,2026年７月度 月次業績速報
2026-08-17,30860,Ｊフロント,２０２６年７月度 Ｊ．フロントリテイリング 連結売上収益報告（ＩＦＲＳ）
2026-08-17,31680,ＭＥＲＦ,特別配当および期末配当予想の修正に関するお知らせ
2026-08-17,31730,Ｃｏｍｉｎｉｘ,主要株主及び主要株主である筆頭株主の異動の完了に関するお知らせ
2026-08-17,31750,ＡＰＨＤ,（訂正）「譲渡制限付株式報酬としての自己株式処分に関するお知らせ」の一部訂正について
2026-08-17,31750,ＡＰＨＤ,第三者割当による普通株式及び優先株式の発行の払込完了に関するお知らせ
2026-08-17,31950,ジェネパ,2026年７月度月次売上高前年同月比についてのお知らせ
2026-08-17,319A0,Ｇ－技術承継機構,Q&A 2026年12月期第2四半期決算説明
2026-08-17,32020,ダイトウボウ,ストックオプション（新株予約権）の発行内容確定に関するお知らせ
2026-08-17,32490,Ｒ－産業ファ,2027年1月期（第39期）の運用状況及び分配金の予想の修正に関するお知らせ
2026-08-17,32490,Ｒ－産業ファ,国内不動産信託受益権の取得及び貸借に関するお知らせ【IIF前橋マニュファクチュアリングセンター】
2026-08-17,32490,Ｒ－産業ファ,国内不動産の譲渡に関するお知らせ【IIF品川データセンター】
2026-08-17,33060,日製麻,主要株主及び主要株主である筆頭株主の異動に関するお知らせ
2026-08-17,33230,レカム,株式会社とみやの株式取得（子会社化）及び 簡易株式交換による完全子会社化に関するお知らせ
2026-08-17,33820,７＆ｉＨＤ,第三者割当による自己株式の処分に係る払込完了に関するお知らせ
2026-08-17,34020,東レ,譲渡制限付株式報酬としての自己株式の処分の払込完了について
2026-08-17,34070,旭化成,自己株式の取得結果および取得終了に関するお知らせ
2026-08-17,34450,ＲＳＴＥＣＨ,2026年12月期第２四半期 決算説明会 書き起こし公開のお知らせ
2026-08-17,34510,Ｒ－トーセイ・リート,資産運用会社における取締役の役職変更に関するお知らせ
2026-08-17,347A0,Ｐ－グロースパワー,資金の借入に関するお知らせ
2026-08-17,35580,Ｇ－ジェイドグループ,完全子会社との吸収合併（簡易合併・略式合併）に関するお知らせ
2026-08-17,35830,オーベクス,令和8年8月千葉豪雨における被害に関するお知らせ
2026-08-17,36520,Ｇ－ＤＭＰ,組織変更および人事異動に関するお知らせ
2026-08-17,367A0,プリモＧＨＤ,連結子会社からの剰余金の配当受領に関するお知らせ
2026-08-17,36830,サイバーリンクス,従業員持株会向け譲渡制限付株式インセンティブとしての新株式発行の払込完了及び一部失権に関するお知らせ
2026-08-17,38080,オーケーウェブ,株式会社オーケーウェブ中期経営計画説明資料
2026-08-17,38100,サイバーステップＨＤ,信華信技術股分有限公司及びDIRECT CHINA株式会社とのAI分野における共同事業に関する基本合意書締結のお知らせ
2026-08-17,38250,ＲＥＭＩＸ,株式会社光通信との基本合意に関する補足説明資料
2026-08-17,38250,ＲＥＭＩＸ,株式会社ナピルとの業務提携に関するお知らせ（EMSを中核としたエネルギープラットフォーム構築に向けた提携）
2026-08-17,38250,ＲＥＭＩＸ,株式会社REXEV（レクシヴ）との業務提携に関するお知らせ（エネルギープラットフォーム構築に向けた提携）
2026-08-17,38250,ＲＥＭＩＸ,蓄電池事業における業務提携に関する補足説明資料
2026-08-17,39050,Ｇ－データセクション,主要株主及び主要株主である筆頭株主の異動に関するお知らせ
2026-08-17,40110,Ｇ－ヘッドウォーター,第22期（2026年12月期）半期報告書の提出完了に関するお知らせ
2026-08-17,40140,Ｇ－カラダノート,2026年７月末基準日における株主優待の１人当たり優待額確定のお知らせ
2026-08-17,40180,Ｑ－ジオロケ,（訂正）「2026年6月期 決算短信〔日本基準〕（非連結）」の一部訂正に関するお知らせ
2026-08-17,40190,Ｇ－スタメン,2026年12月期 第2四半期決算説明会書き起こし
2026-08-17,406A0,Ｐ－環境のミカタＨＤ,臨時株主総会招集のための基準日設定に関するお知らせ
2026-08-17,40880,エア・ウォーター,臨時株主総会の会議の目的事項の決定に関するお知らせ
2026-08-17,40880,エア・ウォーター,定款一部変更に関するお知らせ
2026-08-17,40880,エア・ウォーター,監査等委員会設置会社への移行に伴う役員人事に関するお知らせ
2026-08-17,41830,三井化学,（開示事項の経過）米国Ultradent社買収手続完了に関するお知らせ
2026-08-17,42900,ＰＩ,譲渡制限付株式報酬としての新株式発行の払込完了に関するお知らせ
2026-08-17,43430,イオンファン,2027年２月期 ７月度の売上概況
2026-08-17,44240,Ｇ－Ａｍａｚｉａ,出資先「株式会社Skyfall」の上場承認に関するお知らせ
2026-08-17,44280,Ｇ－シノプス,自己株式の取得状況および取得完了に関するお知らせ
2026-08-17,44840,Ｇ－ランサーズ,2027年３月期 第１四半期決算説明会レポート（書き起こし）
2026-08-17,45740,大幸薬品,2026年12月期(FY2026)第２四半期(中間期)連結決算報告
2026-08-17,45820,Ｇ－シンバイオ製薬,第２回普通社債の発行、第三者割当による第70回及び第71回新株予約権（行使価額修正条項付）の発行並びに新株予約権の取得及び消却に関するお知らせ
2026-08-17,46510,サニックスＨＤ,2027年３月期 第１四半期決算短信〔日本基準〕（連結）
2026-08-17,46510,サニックスＨＤ,2027年３月期 第１四半期決算説明資料
2026-08-17,46660,パーク２４,2026年10月期 速報数値 7月度
2026-08-17,47690,ＩＣ,自己株式の取得及び自己株式立会外買付取引（ToSTNeT-3）による自己株式の買付けに関するお知らせ
2026-08-17,482A0,Ｆ－セールスＡＣ,「2026年8月期業績予想の修正に関するお知らせ」の再掲載について
2026-08-17,482A0,Ｆ－セールスＡＣ,2026年8月期業績予想の修正に関するお知らせ
2026-08-17,48400,トライアイズ,訴訟の提起に関するお知らせ
2026-08-17,485A0,Ｇ－パワーエックス,IR に関するよくあるご質問とご回答
2026-08-17,49750,ＪＣＵ,譲渡制限付株式報酬としての自己株式の処分の払込完了に関するお知らせ
2026-08-17,501A0,Ｐ－プレシャスパート,資金の借入に関するお知らせ
2026-08-17,50740,テスホールディングス,子会社による財務上の特約が付された金銭消費貸借契約の締結に関するお知らせ
2026-08-17,518A0,ＮＦ日株高配ＣＦ５０,ETFの収益分配のお知らせ
2026-08-17,52420,Ｇ－アイズ,2026年12月期第２四半期決算説明会 質疑応答（要旨）
2026-08-17,52510,Ｐ－ウイズ・ワン,（再登録）「中間決算説明資料の開示に関するお知らせ」の再登録について
2026-08-17,530A0,ＮＺＡＭ Ｊリート２,ETFの収益分配のお知らせ
2026-08-17,55340,Ｐ－エンゼルグループ,通期連結業績予想の修正に関するお知らせ
2026-08-17,556A0,Ｇ－犬猫生活,従業員持株会の設立に関するお知らせ
2026-08-17,556A0,Ｇ－犬猫生活,2027年４月期 月次売上高及び自社EC定期会員数の対前年同月比に関するお知らせ
2026-08-17,56320,三菱製鋼,連結子会社からの配当金受領に関するお知らせ
2026-08-17,585A4,Ｅ－ＪＡＭＰＦＭ,上場ETF（管理会社：JAMPファンド・マネジメント）に関する日々の開示事項
2026-08-17,587A4,Ｅ－インベスコＱＱＱ,インベスコQQQトラスト シリーズ1 に関する日々の開示事項
2026-08-17,58880,Ｇ－ダイワサイクル,2027年１月期７月度 売上速報に関するお知らせ
2026-08-17,59180,滝上工,譲渡制限付株式報酬としての自己株式の処分の払込完了に関するお知らせ
2026-08-17,598A0,Ｇ－チャットプラス,親会社以外の支配株主の異動に関するお知らせ
2026-08-17,60360,ＫｅｅＰｅｒ技研,（訂正）「2026年6月期第2四半期 決算説明会資料」の一部訂正について
2026-08-17,60610,ユニバ園芸,（訂正・数値データ訂正）「令和８年６月期 決算短信〔日本基準〕(連結)」の一部訂正に関するお知らせ
2026-08-17,61710,土木管理総合試験所,株式会社土木管理総合試験所（証券コード 6171）に対する公開買付けに準ずる行為として政令で定める買集め行為に関するお知らせ
2026-08-17,61840,鎌倉新書,新たな事業の開始に関するお知らせ
2026-08-17,61910,エアトリ,自己株式の取得状況及び自己株式立会外買付取引（ToSTNeT-３）による自己株式の買付けに関するお知らせ
2026-08-17,61950,Ｇ－ホープ,（訂正・数値データ訂正）「2026年３月期 決算短信〔日本基準〕（連結）」の一部訂正について
2026-08-17,63670,ダイキン工,コミットメント型自己株式取得（FCSR）における事後調整のお知らせ
2026-08-17,64440,サンデン,当社保有不動産の売買契約締結及び特別利益計上に関するお知らせ
2026-08-17,66270,テラプローブ,2026年12月期７月度の月次連結売上高（速報）に関するお知らせ
2026-08-17,67030,ＯＫＩ,（開示事項の経過・変更）日立チャネルソリューションズ株式会社との吸収分割契約締結に関するお知らせ
2026-08-17,67210,ウインテスト,第三者割当による第13回新株予約権（行使価額修正条項付）の大量行使に関するお知らせ
2026-08-17,68030,ティアック,株主優待制度の一部変更（拡充）に関するお知らせ
2026-08-17,68900,フェローテック,（開示事項の経過）中国北京における洗浄新子会社に関する出資会社決定のお知らせ
2026-08-17,70350,ａｎｆａｃ,当社投資先の東京証券取引所からの上場承認及び特別利益の計上見込みに関するお知らせ
2026-08-17,70420,アクセスグループ,2027年３月期第１四半期決算説明資料
2026-08-17,70440,ピアラ,（訂正）「2026年12月期第２四半期（中間期）決算補足資料」の一部訂正について
2026-08-17,70590,コプロＨＤ,2026年7月度 在籍技術者数、稼働技術者数・稼働率の月次開示に関するお知らせ
2026-08-17,70690,Ｇ－サイバー・バズ,（訂正）「2026年9月期 第3四半期決算説明資料」の一部訂正について
2026-08-17,70850,カーブスＨＤ,自己株式の消却に関するお知らせ
2026-08-17,70910,Ｇ－ＬＰＦ,連結子会社における事業譲受に関するお知らせ
2026-08-17,71370,Ｐ－グラントマト,資金の借入に関するお知らせ
2026-08-17,71620,アストマックス,2027年3月期7月度の発電状況のお知らせ
2026-08-17,71770,ＧＭＯＦＨＤ,2026年７月の月次業績（速報）に関するお知らせ
2026-08-17,71830,あんしん保証,資金の借入に関するお知らせ
2026-08-17,73570,ジオコード,株主優待（デジタルギフト）の交換対象品目の拡充に関するお知らせ
2026-08-17,74470,ナガイレーベ,自己株式の取得状況および終了に関するお知らせ
2026-08-17,75240,マルシェ,組織変更及び人事異動に関するお知らせ
2026-08-17,75240,マルシェ,2026年7月度の月次料飲売上状況について
2026-08-17,76750,セントラルフォレスト,「株式会社イト商」の株式取得（非連結子会社化）に関するお知らせ
2026-08-17,77160,ナカニシ,自己株式立会外買付（ToSTNeT-3）による自己株式の買付けに関するお知らせ
2026-08-17,77800,メニコン,当社従業員に対する株式報酬型ストック・オプション（新株予約権）の発行内容確定に関するお知らせ
2026-08-17,78140,日本創発Ｇ,株式会社メタルクリエイションの株式取得及び簡易株式交換による完全子会社化に関するお知らせ
2026-08-17,78140,日本創発Ｇ,株式会社脇田コウキ製本の株式の取得による子会社化に関するお知らせ
2026-08-17,78150,東京ボード工業,当座貸越契約の締結に関するお知らせ
2026-08-17,78700,福島印,役員の異動及び事業執行体制に関するお知らせ
2026-08-17,80610,西華産,東京産業株式会社（証券コード：8070）株式の買集め行為に該当する株式取得についてのお知らせ
2026-08-17,82330,高島屋,2026年7月度 高島屋営業報告
2026-08-17,82370,松屋,執行役員の業務委嘱の変更および人事異動（部長級）に関するお知らせ
2026-08-17,86130,丸三証,ストックオプション（新株予約権）の発行内容確定に関するお知らせ
2026-08-17,87050,日産証券グループ,2026年７月の月次業績等（速報）に関するお知らせ
2026-08-17,87830,ａｂｃ,自己株式の取得状況及び取得終了に関するお知らせ
2026-08-17,87980,アドバンスクリエイト,（訂正・数値データ訂正）「2025年9月期 第1四半期決算短信〔日本基準〕（連結）」の一部訂正について
2026-08-17,89380,Ｇ－グロームＨＤ,東京証券取引所スタンダード市場への市場区分変更申請に向けた準備に関するお知らせ
2026-08-17,89510,Ｒ－ビルＦ,2026年６月期 決算短信（ＲＥＩＴ）
2026-08-17,89510,Ｒ－ビルＦ,2026年６月期_決算概要
2026-08-17,89550,Ｒ－Ｊプライム,2026年6月期 決算短信（ＲＥＩＴ）
2026-08-17,89550,Ｒ－Ｊプライム,2026年6月期（第49期）決算説明資料
2026-08-17,89640,Ｒ－三井不商業,2026年6月期 決算短信（ＲＥＩＴ）
2026-08-17,89790,Ｒ－スターツＰＲ,千葉県内の豪雨による運用資産への影響に関するお知らせ
2026-08-17,91620,Ｇ－ブリーチ,（訂正）「2026年６月期 通期連結決算説明資料」の一部訂正について
2026-08-17,91660,Ｇ－ＧＥＮＤＡ,よくある質問と回答（2026年８月）
2026-08-17,91660,Ｇ－ＧＥＮＤＡ,株主優待制度の拡充に関するお知らせ
2026-08-17,91700,成友興業,株式の立会外分売に関するお知らせ
2026-08-17,92670,ゲンキードラッグ,ストックオプション（新株予約権）の付与に関するお知らせ
2026-08-17,92840,Ｉ－カナディアンソラ,2026年６月期 決算短信（インフラファンド）
2026-08-17,94390,ＭＨグループ,通期連結業績予想値と実績値との差異に関するお知らせ
2026-08-17,94390,ＭＨグループ,2026年6月期 決算短信〔日本基準〕（連結）
2026-08-17,94390,ＭＨグループ,関係会社貸倒引当金繰入額及び株式交付費（営業外費用）の計上に関するお知らせ
2026-08-17,94390,ＭＨグループ,剰余金の配当（無配）に関するお知らせ
2026-08-17,95070,四国電力,主要株主および主要株主である筆頭株主の異動に関するお知らせ
2026-08-17,95630,Ｇ－Ａｔｌａｓ,自己株式立会外買付取引（ToSTNeT-3）による自己株式の取得結果および自己株式の取得終了ならびに自己株式の消却に関するお知らせ
2026-08-17,96020,東宝,不動産保有方針の見直しに伴う物件売却に関するお知らせ
2026-08-18,13264,Ｅ－ワールド,SPDRゴールド・シェアに関する日々の開示事項
2026-08-18,13294,Ｅ－ブラックロック,上場ETF（管理会社：ブラックロック・ジャパン）に関する日々の開示事項
2026-08-18,13494,Ｅ－ＳＳＧＡ－ＳＩＮ,アジア国債・公債ＥＴＦ（正式名称：ＡＢＦ汎アジア債券インデックス・ファンド）に関する日々の開示事項
2026-08-18,14690,４００ベア２倍,ＥＴＦの収益分配金見込額のお知らせ
2026-08-18,15574,Ｅ－ＳＳＧＡＴＣ,State Street SPDR S&P500 ETFに関する日々の開示事項
2026-08-18,16714,Ｅ－シンプレクス,上場ＥＴＦ(管理会社：シンプレクス・アセット・マネジメント)に関する日々の開示事項
2026-08-18,16724,Ｅ－ＷｉｓｄｏｍＴｒ,上場ETF（管理会社：WisdomTree、外国投資法人：MSL）に関する日々の開示事項
2026-08-18,16724,Ｅ－ＷｉｓｄｏｍＴｒ,上場ETF（管理会社：WisdomTree、外国投資法人：CSL）に関する日々の開示事項
2026-08-18,18470,イチケン,（開示事項の経過）販売用不動産の売却に関するお知らせ
2026-08-18,18920,徳倉建,譲渡制限付株式報酬としての自己株式の処分の払込完了に関するお知らせ
2026-08-18,19990,サイタＨＤ,2026年6月期 決算短信〔日本基準〕（連結）
2026-08-18,19990,サイタＨＤ,通期連結業績予想値と実績値との差異に関するお知らせ
2026-08-18,19990,サイタＨＤ,公益財団法人財務会計基準機構への加入状況及び加入に関する考え方等に関するお知らせ
2026-08-18,19990,サイタＨＤ,支配株主等に関する事項について
2026-08-18,20704,Ｎ－三菱ＵＦＪ証ＨＤ,上場ETN（発行者：三菱UFJ証券ホールディングス株式会社）に関する日々の開示事項
2026-08-18,20830,日本成長株アクティブ,NEXT FUNDS 日本成長株アクティブ上場投信 決算短信
2026-08-18,20840,日本高配当アクティブ,NEXT FUNDS 日本高配当株アクティブ上場投信 決算短信
2026-08-18,21120,塩水糖,譲渡制限付株式としての自己株式処分の払込完了に関するお知らせ
2026-08-18,21600,Ｇ－ＧＮＩ,2026年12月期 第2四半期決算説明資料
2026-08-18,217A0,Ｐ－サポート,フィールドコンサルタント株式会社の株式取得（子会社化）に関するお知らせ
2026-08-18,22210,岩塚製菓,自己株式の取得及び自己株式立会外買付取引（ToSTNeT-3）による自己株式の買付けに関するお知らせ
2026-08-18,23260,デジアーツ,自己株式の取得状況及び取得終了に関するお知らせ
2026-08-18,23380,クオンタムＳ,（訂正）「第三者割当による新株式及び第16回新株予約権並びに第17回新株予約権、第６回新株予約権付社債（転換価額修正条項付）の発行」の一部訂正
2026-08-18,23380,クオンタムＳ,（訂正）「第13回・第14回新株予約権の行使価額調整、第４回転換社債型新株予約権付社債の転換価額調整、第14回新株予約権の支出予定金額の変更」の一部訂正
2026-08-18,23850,Ｇ－総医研,役員人事に関するお知らせ
2026-08-18,23850,Ｇ－総医研,譲渡制限付株式報酬制度の導入に関するお知らせ
2026-08-18,24920,インフォマート,主要株主の異動に関するお知らせ
2026-08-18,26810,ゲオＨＤ,(訂正）「2027年３月期 第１四半期決算説明資料」の一部訂正について
2026-08-18,27350,ワッツ,業績予想及び配当予想の修正に関するお知らせ
2026-08-18,27620,ＳＡＮＫＯ ＭＦ,第三者割当により発行された第３回無担保転換社債型新株予約権付社債（転換価額修正条項付）の大量転換に関するお知らせ
2026-08-18,27960,ファーマライズＨＤ,連結子会社からの配当金受領に関するお知らせ
2026-08-18,281A0,Ｇ－インフォメティス,当座貸越契約の更新に関するお知らせ
2026-08-18,29920,Ｐ－アーバンライク,担当J-Adviserの異動及び流動性プロバイダーの追加に関するお知らせ
2026-08-18,30540,ハイパー,株主優待制度の再開に関するお知らせ
2026-08-18,30680,ＷＤＩ,持分法適用関連会社の異動（持分譲渡）に関するお知らせ
2026-08-18,30680,ＷＤＩ,北米における添好運（Tim Ho Wan）事業の展開権の譲渡に関するお知らせ
2026-08-18,30680,ＷＤＩ,固定資産の譲渡に関するお知らせ
2026-08-18,30680,ＷＤＩ,当社連結子会社の株式取得（完全子会社化）に関するお知らせ
2026-08-18,31110,オーミケンシ,第161回定時株主総会継続会開催のお知らせ
2026-08-18,31740,ハピネス＆Ｄ,中期経営方針の策定に関するお知らせ
2026-08-18,31740,ハピネス＆Ｄ,2026年８月期通期連結・個別業績予想の修正に関するお知らせ
2026-08-18,31790,シュッピン,2026年６月度および７月度月次情報に関するお知らせ
2026-08-18,32210,ヨシックスＨＤ,2027年３月期 ７月度 店舗数の状況及び月次売上高前年対比のお知らせ
2026-08-18,325A0,Ｇ－ＴＥＮＴＩＡＬ,自己株式立会外買付取引(ToSTNeT-3) による自己株式の買付けに関するお知らせ
2026-08-18,32810,Ｒ－ＧＬＰ,優先交渉権の取得に関するお知らせ
2026-08-18,32960,Ｒ－日本リート,資金の借入れ（金利決定）に関するお知らせ
2026-08-18,32960,Ｒ－日本リート,金利スワップ契約締結に関するお知らせ
2026-08-18,33060,日製麻,（開示事項の経過）株式会社Food Operation Japanの株式の取得（子会社化）完了に関するお知らせ
2026-08-18,33500,メタプラネット,"Super League Enterprise, Inc.に対するビットコインの戦略投資に係る出資契約の締結、同社の連結子会社化（予定）及び同社の商号変更（予定）に関するお知らせ"
2026-08-18,33500,メタプラネット,Nasdaq上場の米国ビットコイン・トレジャリー・プラットフォーム
2026-08-18,33500,メタプラネット,第10回新株予約権の発行要項の一部変更ロックアップ契約の締結及び長期役職員インセンティブ・プランへの一部移管方針に関するお知らせ
2026-08-18,34020,東レ,従業員持株会向け譲渡制限付株式インセンティブとしての 自己株式の処分価額等の決定に関するお知らせ
2026-08-18,34520,ビーロット,取締役会の実効性評価の結果の概要に関するお知らせ
2026-08-18,34620,Ｒ－ＮＭＦ,本日公表の「国内不動産の取得に関するお知らせ」についての補足説明資料
2026-08-18,34620,Ｒ－ＮＭＦ,国内不動産の取得に関するお知らせ
2026-08-18,34870,Ｒ－ＣＲＥロジ,2026年６月期 決算短信（REIT）
2026-08-18,34870,Ｒ－ＣＲＥロジ,2026年６月期 決算説明会資料
2026-08-18,34870,Ｒ－ＣＲＥロジ,規約変更及び役員選任に関するお知らせ
2026-08-18,34870,Ｒ－ＣＲＥロジ,資産運用会社の代表取締役を含む役職員の異動及び組織変更に関するお知らせ
2026-08-18,35660,Ｇ－ユニネク,組織変更、役員の管掌・担当変更及び執行役員人事に関するお知らせ
2026-08-18,36120,ワールド,従業員持株会向け譲渡制限付株式インセンティブとしての自己株式の処分の払込完了及び一部失権に関するお知らせ
2026-08-18,36600,アイスタイル,2026年６月期通期 決算説明会における質疑応答
2026-08-18,36950,Ｇ－ＧＭＯ－ＰＰ,株式の立会外分売実施に関するお知らせ
2026-08-18,37270,Ｇ－ＡＰＬＩＸ,主要株主である筆頭株主の異動（予定）に関するお知らせ
2026-08-18,37330,ソフトウェアＳ,2026年10月期 7月度月次売上高等に関するお知らせ
2026-08-18,38440,コムチュア,主要株主及び主要株主である筆頭株主の異動（予定）、並びに公開買付けに準ずる行為として政令で定める買集め行為に関するお知らせ
2026-08-18,38560,Ａｂａｌａｎｃｅ,過年度の有価証券報告書等の訂正報告書の提出及び過年度の決算短信の訂正に関するお知らせ
2026-08-18,39400,ノムラシステム,投資有価証券売却益（特別利益）の計上に関するお知らせ
2026-08-18,39400,ノムラシステム,投資有価証券売却益（特別利益）の計上見込みに関するお知らせ
2026-08-18,411A0,Ｐ－マリタイムバンク,インドにおける合弁会社（連結子会社）設立に関するお知らせ
2026-08-18,42640,Ｇ－セキュア,株式報酬型ストック・オプション（新株予約権）の発行に関するお知らせ
2026-08-18,42640,Ｇ－セキュア,業績目標コミットメント型ストック・オプション（有償ストック・オプション）の発行に関するお知らせ
2026-08-18,43200,ＣＥＨＤ,（訂正）「2026年９月期第３四半期決算短信〔日本基準〕（連結）」の一部訂正について
2026-08-18,43910,Ｇ－ロジザード,株式会社ストラソルアーキテクトの株式の取得（子会社化）に関するお知らせ
2026-08-18,44150,Ｇ－ブロードエンター,2026年12月期 第２四半期決算説明書き起こし
2026-08-18,44210,ＤＩシステム,解決金の支払に伴う特別損失計上に関するお知らせ
2026-08-18,452A0,ｉＳＳＰカバコ,ＥＴＦの収益分配のお知らせ
2026-08-18,453A0,ｉＳ米債カバコ,ＥＴＦの収益分配のお知らせ
2026-08-18,471A0,ＮＳグループ,（訂正）「2026年12月期第１四半期決算短信〔IFRS〕（連結）」の一部訂正について
2026-08-18,471A0,ＮＳグループ,（訂正）「2026年12月期第２四半期（中間期）決算短信〔IFRS〕（連結）」の一部訂正について
2026-08-18,47660,ピーエイ,「福島県浜通り地域等における来訪者による地域課題解決を通じた交流人口 ・関係人口拡大事業」への参画に関するお知らせ
2026-08-18,47690,ＩＣ,自己株式立会外買付取引（ToSTNeT-3）による自己株式の取得結果及び自己株式取得終了に関するお知らせ
2026-08-18,47760,ＣＹＢＯＺＵ,（訂正）「2026年12月期 第２四半期決算補足資料」の一部訂正について
2026-08-18,48260,ＣＩＪ,剰余金の配当に関するお知らせ
2026-08-18,48910,Ｇ－ティムス,第10回新株予約権（行使価額修正条項付）の 大量行使に関するお知らせ
2026-08-18,52330,太平洋セメ,譲渡制限付株式報酬としての自己株式の処分の払込完了に関するお知らせ
2026-08-18,58160,オーナンバ,当社に対する訴訟の提起に関するお知らせ
2026-08-18,585A4,Ｅ－ＪＡＭＰＦＭ,上場ETF（管理会社：JAMPファンド・マネジメント）に関する日々の開示事項
2026-08-18,587A4,Ｅ－インベスコＱＱＱ,インベスコQQQトラスト シリーズ1 に関する日々の開示事項
2026-08-18,588A0,Ｓ－アットマークテク,資金の借入に関するお知らせ
2026-08-18,598A0,Ｇ－チャットプラス,「2026年6月期決算説明資料」に関する動画書き起こし
2026-08-18,60350,ＩＲＪａｐａｎ ＨＤ,（開示事項の経過）株式会社ＳＭＢＣ信託銀行との証券代行業務に係る業務提携の解消に関するお知らせ
2026-08-18,60460,リンクバル,2026年９月 期第３四半期 決算に関する質疑応答集
2026-08-18,60830,ＥＲＩ ＨＤ,支配株主等に関する事項について
2026-08-18,60940,Ｇ－フリークアウト,2026年9月期 第3第四半期決算 質疑応答集
2026-08-18,61710,土木管理総合試験所,（開示事項の中止）株式会社土木管理総合試験所（証券コード 6171）に対する公開買付けに準ずる行為として政令で定める買集め行為に関するお知らせ
2026-08-18,61910,エアトリ,自己株式立会外買付取引（ToSTNeT-３）による自己株式の取得結果に関するお知らせ
2026-08-18,62540,野村マイクロ,ストック・オプション(新株予約権)内容確定に関するお知らせ
2026-08-18,63150,ＴＯＷＡ,譲渡制限付株式報酬としての新株式発行の払込完了に関するお知らせ
2026-08-18,63270,北川精機,2026年６月期 決算短信〔日本基準〕（連結）
2026-08-18,63270,北川精機,投資単位の引下げに関する考え方及び方針について
2026-08-18,63270,北川精機,剰余金の配当に関するお知らせ
2026-08-18,63400,渋谷工,2026年6月期 決算説明資料
2026-08-18,64840,ＫＶＫ,譲渡制限付株式報酬としての自己株式の処分の払込完了に関するお知らせ
2026-08-18,68220,大井電気,自己株式の取得及び自己株式立会外買付取引（ToSTNeT-3）による自己株式の買付けに関するお知らせ
2026-08-18,68500,チノー,2027年3月期 第1四半期 決算補足説明資料
2026-08-18,69050,コーセル,支配株主等に関する事項について
2026-08-18,70040,カナデビア,（差替）「（開示事項の経過）当社向島工場における不適切行為について」の差替について
2026-08-18,70830,Ｇ－ＡＨＣグループ,自己株式立会外買付取引(ToSTNeT-3)による自己株式の買付に関するお知らせ
2026-08-18,70830,Ｇ－ＡＨＣグループ,自己株式取得に係る事項の決定に関するお知らせ
2026-08-18,73180,Ｇ－セレンディップ,自己株式取得に係る事項の決定に関するお知らせ
2026-08-18,73830,ネットプロＨＤ,[Q&A書き起こし]2027年３月期 第１四半期決算説明会
2026-08-18,74190,ノジマ,役員（執行役）の異動に関する知らせ
2026-08-18,74350,ナ・デックス,譲渡制限付株式報酬としての自己株式の処分に関するお知らせ
2026-08-18,75230,アールビバン,臨時株主総会招集のための基準日設定に関するお知らせ
2026-08-18,75320,パンパシフィックＨＤ,2026年6月期決算短信〔日本基準〕（連結）
2026-08-18,75320,パンパシフィックＨＤ,2026年６月期剰余金の配当（増配）及び2027年６月期配当予想に関するお知らせ
2026-08-18,77070,Ｇ－ＰＳＳ,(訂正)「2026年６月期 決算短信〔日本基準〕（連結）」の一部訂正に関するお知らせ
2026-08-18,77160,ナカニシ,自己株式立会外買付（ToSTNeT-3）による自己株式の取得結果および取得終了に関するお知らせ
2026-08-18,78140,日本創発Ｇ,2026年12月期 第２四半期（中間期）決算説明会資料
2026-08-18,80840,ＲＹＯＤＥＮ,2027年３月期第1四半期 決算補足資料
2026-08-18,81900,ヤマナカ,主要株主の異動(予定)及び岡谷不動産株式会社による株式会社ヤマナカ(証券コード8190)の公開買付けに準ずる行為として政令で定める買集め行為に関するお知らせ
2026-08-18,82810,ゼビオＨＤ,取締役に対する株式報酬型ストックオプションの割当てに関するお知らせ
2026-08-18,83040,あおぞら,2027年3月期 第1四半期 自己資本比率について
2026-08-18,85600,宮崎太銀,自己株式取得に係る事項の一部変更に関するお知らせ
2026-08-18,85600,宮崎太銀,自己株式立会外買付取引による自己株式の買付けに関するお知らせ
2026-08-18,87420,小林洋行,固定資産の譲渡に関するお知らせ
2026-08-18,87460,ｕｎｂａｎｋｅｄ,（開示事項の経過）臨時株主総会の開催日時及び場所、付議議案並びに株主提案に対する当社取締役会の意見に関するお知らせ
2026-08-18,87460,ｕｎｂａｎｋｅｄ,監査等委員である取締役の辞任に関するお知らせ
2026-08-18,87460,ｕｎｂａｎｋｅｄ,暗号資産取引プラットフォーム「CoinW Exchange」における金の価格と連動する暗号資産「Kinka」の取扱い廃止申請に関するお知らせ
2026-08-18,87460,ｕｎｂａｎｋｅｄ,取締役（監査等委員である者を除く。）候補者及び監査等委員である取締役候補者の選任に関するお知らせ
2026-08-18,87460,ｕｎｂａｎｋｅｄ,資本金及び資本準備金の額の減少並びに剰余金の処分に関するお知らせ
2026-08-18,87980,アドバンスクリエイト,（訂正）「過年度の有価証券報告書等の訂正報告書の提出及び過年度の決算短信等の訂正に関するお知らせ」の一部訂正に関するお知らせ
2026-08-18,87980,アドバンスクリエイト,（訂正）「2026年9月期第2四半期（2025年10月～2026年3月） 業績説明資料」の一部訂正に関するお知らせ
2026-08-18,89510,Ｒ－ビルＦ,2026年６月期（第50期）決算説明会資料
2026-08-18,89530,Ｒ－都市ファンド,コミットメントライン契約期限の延長に関するお知らせ
2026-08-18,92370,Ｇ－笑美面,完全子会社との会社分割（簡易吸収分割）に関するお知らせ
2026-08-18,93220,川西倉庫,株式給付信託（J-ESOP）の導入に伴う自己株式の処分に関するお知らせ
2026-08-18,95190,レノバ,信用格付の変更（格上げ）に関するお知らせ
2026-08-18,96100,ウィルソンＷＬＷ,2027年３月期第１四半期決算補足説明資料（動画）
2026-08-18,98870,松屋フーズＨＤ,（訂正）「令和9年3月期第1四半期決算短信〔日本基準〕（連結）」の一部訂正に関するお知らせ
2026-08-18,99410,太洋物産,2026年９月期 ７月度 月次業績（売上高）速報
2026-08-18,99970,ベルーナ,7月度 月次売上高前年同月比（速報値）に関するお知らせ
2026-08-19,13060,ＮＦＴＯＰＩＸ,NEXT FUNDS TOPIX連動型上場投信 決算短信
2026-08-19,13090,ＮＦ中国株上証５０,NEXT FUNDS ChinaAMC・中国株式・上証50連動型上場投信 決算短信
2026-08-19,13190,ＮＦ日経３００,NEXT FUNDS 日経300株価指数連動型上場投信 決算短信
2026-08-19,13210,ＮＦ日経２２５,NEXT FUNDS 日経225連動型上場投信 決算短信
2026-08-19,13250,ＮＦブラジル株,NEXT FUNDS ブラジル株式指数・ボベスパ連動型上場投信 決算短信
2026-08-19,13264,Ｅ－ワールド,SPDRゴールド・シェアに関する日々の開示事項
2026-08-19,13280,ＮＦ金価格,NEXT FUNDS 金価格連動型上場投信 決算短信
2026-08-19,13294,Ｅ－ブラックロック,上場ETF（管理会社：ブラックロック・ジャパン）に関する日々の開示事項
2026-08-19,13460,ＭＸＳ２２５,ＭＡＸＩＳ 日経２２５上場投信 決算短信（2026年7月期）
2026-08-19,13480,ＭＸＳトピクス,ＭＡＸＩＳ トピックス上場投信 決算短信（2026年7月期）
2026-08-19,13494,Ｅ－ＳＳＧＡ－ＳＩＮ,アジア国債・公債ＥＴＦ（正式名称：ＡＢＦ汎アジア債券インデックス・ファンド）に関する日々の開示事項
2026-08-19,13770,サカタのタネ,当社および米国連結子会社への不正アクセスに関するご報告（最終報）
2026-08-19,13790,ホクト,2027年3月期第1四半期 決算説明資料
2026-08-19,14450,Ｐ－ひかりＨＤ,連結子会社における代表取締役の異動（社長交代）に関するお知らせ
2026-08-19,14450,Ｐ－ひかりＨＤ,臨時株主総会招集のための基準日設定に関するお知らせ
2026-08-19,14450,Ｐ－ひかりＨＤ,連結子会社の商号変更及び役員の異動に関するお知らせ
2026-08-19,14450,Ｐ－ひかりＨＤ,連結子会社（エムエイトアイ株式会社）の異動（株式譲渡）に関するお知らせ
2026-08-19,14850,ＭＸＳ Ｊ積極投資,ＭＡＸＩＳ ＪＡＰＡＮ 設備・人材積極投資企業２００上場投信 決算短信（2026年7月期）
2026-08-19,15530,ＭＸＳ東海,ＭＡＸＩＳ Ｓ＆Ｐ東海上場投信 決算短信（2026年7月期）
2026-08-19,15574,Ｅ－ＳＳＧＡＴＣ,State Street SPDR S&P500 ETFに関する日々の開示事項
2026-08-19,15930,ＭＸＳ４００,ＭＡＸＩＳ ＪＰＸ日経インデックス４００上場投信 決算短信（2026年7月期）
2026-08-19,16714,Ｅ－シンプレクス,上場ＥＴＦ(管理会社：シンプレクス・アセット・マネジメント)に関する日々の開示事項
2026-08-19,16724,Ｅ－ＷｉｓｄｏｍＴｒ,上場ETF（管理会社：WisdomTree、外国投資法人：MSL）に関する日々の開示事項
2026-08-19,16724,Ｅ－ＷｉｓｄｏｍＴｒ,上場ETF（管理会社：WisdomTree、外国投資法人：CSL）に関する日々の開示事項
2026-08-19,170A0,ＳＭＴ 日本好配当株,2026年7月期 決算短信（2026年1月12日～2026年7月11日）
2026-08-19,186A0,Ｇ－アストロスケール,執行役員の選任に関するお知らせ
2026-08-19,18930,五洋建,株式給付信託(BBT)への追加拠出に関するお知らせ
2026-08-19,18930,五洋建,従業員向け株式給付信託(J-ESOP)の導入(詳細決定)に関するお知らせ
2026-08-19,20704,Ｎ－三菱ＵＦＪ証ＨＤ,上場ETN（発行者：三菱UFJ証券ホールディングス株式会社）に関する日々の開示事項
2026-08-19,20850,ＭＸ高配日株ア,ＭＡＸＩＳ高配当日本株アクティブ上場投信 決算短信（2026年7月期）
2026-08-19,21530,イージェイＨＤ,持分法適用関連会社の異動（株式譲渡）に関するお知らせ
2026-08-19,22210,岩塚製菓,自己株式立会外買付取引（ToSTNeT-3）による自己株式の取得結果及び自己株式取得終了に関するお知らせ
2026-08-19,231A0,Ｑ－Ｃｒｏｓｓ Ｅ,2026年９月期第３四半期決算補足説明資料
2026-08-19,24670,ＶＬＣセキュリティ,投資有価証券売却損（特別損失）の計上に関するお知らせ
2026-08-19,25230,ＭＸＳトピ除く金融,ＭＡＸＩＳ トピックス（除く金融）上場投信 決算短信（2026年7月期）
2026-08-19,257A0,ＳＭＴ 日本株厳選投,2026年7月期 決算短信（2026年1月12日～2026年7月11日）
2026-08-19,258A0,ＳＭＴ 内リート厳選,2026年7月期 決算短信（2026年1月12日～2026年7月11日）
2026-08-19,26420,ＳＭＴ低炭素日本株,2026年7月期 決算短信（2026年1月12日～2026年7月11日）
2026-08-19,27760,新都ＨＤ,資金使途の変更に関するお知らせ
2026-08-19,281A0,Ｇ－インフォメティス,2026年12月期第２四半期決算説明資料
2026-08-19,294A0,気候変動ＥＴＦ,NEXT FUNDS MSCIジャパン気候変動指数（セレクト）連動型上場投信 決算短信
2026-08-19,297A0,アルピコＨＤ,譲渡制限付株式報酬としての自己株式処分の払込完了に関するお知らせ
2026-08-19,299A0,Ｇ－クラシル,募集新株予約権（有償ストック・オプション）の発行に関するお知らせ
2026-08-19,30380,神戸物産,2026年７月度 月次IRニュース
2026-08-19,30760,あいＨＤ,2026年6月期 決算短信〔日本基準〕（連結）
2026-08-19,30830,スターシーズ,第10回新株予約権の一部譲渡の承認に関するお知らせ
2026-08-19,31790,シュッピン,戦略検討会の設置について
2026-08-19,32340,Ｒ－森ヒルズ,資金の借入れ（グリーンローンを含む）に関するお知らせ
2026-08-19,325A0,Ｇ－ＴＥＮＴＩＡＬ,自己株式立会外買付取引（ToSTNeT-３）による自己株式の取得結果に関するお知らせ
2026-08-19,335A0,Ｇ－ミライロ,当社株式の貸借銘柄選定に関するお知らせ
2026-08-19,34550,Ｒ－ＨＣＭ,新投資口発行及び投資口売出しに関するお知らせ
2026-08-19,34550,Ｒ－ＨＣＭ,国内不動産信託受益権の取得及び貸借に関するお知らせ
2026-08-19,34550,Ｒ－ＨＣＭ,2027年1月期の運用状況の予想及び分配予想の修正並びに2027年7月期の運用状況の予想及び分配予想に関するお知らせ
2026-08-19,34550,Ｒ－ＨＣＭ,本日付け公表のプレスリリースに関する補足説明資料
2026-08-19,34630,Ｒ－いちごホテル,資金の借入のお知らせ
2026-08-19,34700,Ｒ－マリモリート,2026年6月期 決算短信（ＲＥＩＴ）
2026-08-19,35570,Ｇ－Ｕ＆Ｃ,Ａ種優先株式に係る剰余金の配当（期中配当）に関するお知らせ
2026-08-19,35570,Ｇ－Ｕ＆Ｃ,Ａ種優先株式一部取得及び消却に関するお知らせ
2026-08-19,36950,Ｇ－ＧＭＯ－ＰＰ,株式の立会外分売終了に関するお知らせ
2026-08-19,370A0,Ｐ－リバイブル,2026年６月期の個別業績の前期実績値との差異に関するお知らせ
2026-08-19,37780,さくらインターネット,「当社システムへの不正アクセスに関するお知らせ」について
2026-08-19,38250,ＲＥＭＩＸ,系統用蓄電所（熊本県玉名市）の需給調整市場参入に関するお知らせ
2026-08-19,38560,Ａｂａｌａｎｃｅ,財務報告に係る内部統制の開示すべき重要な不備及び「内部統制報告書の訂正報告書」の提出に関するお知らせ
2026-08-19,38560,Ａｂａｌａｎｃｅ,2026年３月期第３四半期決算短信〔日本基準〕(連結)
2026-08-19,38560,Ａｂａｌａｎｃｅ,2026年３月期決算短信〔日本基準〕(連結)
2026-08-19,38560,Ａｂａｌａｎｃｅ,2026年３月期第３四半期四半期連結財務諸表に対する期中レビュー報告書結論の不表明に関するお知らせ
2026-08-19,38560,Ａｂａｌａｎｃｅ,2026年３月期有価証券報告書に係る監査報告書の意見不表明及び内部統制監査報告書の意見不表明に関するお知らせ
2026-08-19,38560,Ａｂａｌａｎｃｅ,（開示事項の経過）米国向け太陽光パネル輸出に関する一部貨物に係る費用の計上について
2026-08-19,38560,Ａｂａｌａｎｃｅ,(訂正・数値データ訂正)「2025年６月期第１四半期決算短信〔日本基準〕（連結）」の一部訂正について
2026-08-19,38560,Ａｂａｌａｎｃｅ,(訂正・数値データ訂正)「2025年３月期決算短信〔日本基準〕（連結）」の一部訂正について
2026-08-19,38560,Ａｂａｌａｎｃｅ,(訂正・数値データ訂正)「2026年３月期第１四半期決算短信〔日本基準〕（連結）」の一部訂正について
2026-08-19,38560,Ａｂａｌａｎｃｅ,(訂正・数値データ訂正)「2026年３月期第２四半期（中間期）決算短信〔日本基準〕（連結）」の一部訂正について
2026-08-19,38560,Ａｂａｌａｎｃｅ,過年度の有価証券報告書に係る監査報告書及び四半期レビュー報告書並びに期中レビュー報告書の意見不表明（結論不表明）に関するお知らせ
2026-08-19,39330,チエル,再発防止策の策定等に関するお知らせ
2026-08-19,40220,ラサ工,譲渡制限付株式としての自己株式の処分の払込完了に関するお知らせ
2026-08-19,416A0,富士ユナイトＨＤ,譲渡制限付株式報酬としての自己株式の処分の払込完了に関するお知らせ
2026-08-19,41980,テンダ,支配株主等に関する事項について
2026-08-19,421A0,Ｇ－ムービン,2026年12月期 第２四半期決算説明会書き起こし
2026-08-19,428A0,サイプレスＨＤ,中期経営計画「BEYOND THE STANDARD」策定に関するお知らせ
2026-08-19,43810,Ｇ－ビープラッツ,第三者割当により発行された第７回新株予約権（行使価額修正条項付）の大量行使に関するお知らせ
2026-08-19,44130,ボードルア,MBOの実施及び応募の推奨に関するお知らせ
2026-08-19,44130,ボードルア,ビーシーピーイー ネオン ケイマン エルピーによる株式会社ボードルア（証券コード：4413）に対する公開買付けの開始に関するお知らせ
2026-08-19,44130,ボードルア,2027年２月期 期末配当予想の修正(無配)のお知らせ
2026-08-19,44410,トビラシステムズ,（開示事項の経過）本社移転日の決定に関するお知らせ
2026-08-19,44920,ゼネテック,資金の借入及び財務上の特約が付された金銭消費貸借契約の締結に関するお知らせ
2026-08-19,44920,ゼネテック,譲渡制限付株式報酬としての新株式発行に関するお知らせ
2026-08-19,45160,日本新薬,譲渡制限付株式報酬としての自己株式の処分の払込完了に関するお知らせ
2026-08-19,45750,Ｇ－ＣＡＮＢＡＳ,2026年6月期 決算説明会資料
2026-08-19,45960,Ｇ－窪田製薬ＨＤ,2026年12月期 第2四半期決算説明資料
2026-08-19,48960,Ｇ－ケイファーマ,2026年12月期 第2四半期（中間期）決算説明資料
2026-08-19,49780,Ｇ－リプロセル,株式及び新株予約権発行プログラム設定契約に基づく第３回第三者割当による新株式及び新株予約権の発行に関するお知らせ
2026-08-19,50320,ＡＮＹＣＯＬＯＲ,譲渡制限付株式報酬としての新株式の発行に関するお知らせ
2026-08-19,50380,Ｇ－ｅＷｅＬＬ,2026年12月期第２四半期決算説明会 質疑応答（要旨）書き起こし
2026-08-19,52470,Ｇ－ＢＴＭ,2027年３月期第１四半期決算質疑応答集
2026-08-19,52900,ベルテクス,東京証券取引所プライム市場への市場区分変更申請に関するお知らせ
2026-08-19,585A4,Ｅ－ＪＡＭＰＦＭ,上場ETF（管理会社：JAMPファンド・マネジメント）に関する日々の開示事項
2026-08-19,587A4,Ｅ－インベスコＱＱＱ,インベスコQQQトラスト シリーズ1 に関する日々の開示事項
2026-08-19,59730,トーアミ,自己株式の取得及び自己株式立会外買付取引（ToSTNeT－3）による自己株式の買付けに関するお知らせ
2026-08-19,614A0,Ｐ－山八商事,東京証券取引所TOKYO PRO Market 上場のお知らせ
2026-08-19,614A0,Ｐ－山八商事,東京証券取引所 TOKYO PRO Market 上場に伴う当社決算情報等のお知らせ
2026-08-19,614A0,Ｐ－山八商事,流動性プロバイダーの指定のお知らせ
2026-08-19,614A0,Ｐ－山八商事,TOKYO PRO Market 上場目的の開示資料
2026-08-19,61810,Ｇ－タメニー,株主優待制度の見直しについて
2026-08-19,62980,ワイエイシイＨＤ,連結子会社間の吸収合併に関するお知らせ
2026-08-19,63050,日立建機,主要株主の異動に関するお知らせ
2026-08-19,63050,日立建機,子会社の商号変更に関するお知らせ
2026-08-19,63050,日立建機,主要株主の異動の予定に関するお知らせ
2026-08-19,63050,日立建機,自己株式取得に係る事項の決定に関するお知らせ
2026-08-19,65010,日立,個別決算における投資有価証券売却益(特別利益)の計上に関するお知らせ
2026-08-19,65210,Ｇ－オキサイド,データセンターに利用されるファラデー回転子の増産に向けた設備投資に関するお知らせ
2026-08-19,65580,Ｇ－クックビズ,ネットオン株式会社の第三者割当増資引受による株式の取得（連結子会社化）のお知らせ
2026-08-19,65580,Ｇ－クックビズ,特定子会社の異動に関するお知らせ
2026-08-19,68220,大井電気,主要株主及び主要株主である筆頭株主の異動に関するお知らせ
2026-08-19,68220,大井電気,自己株式立会外買付取引（ToSTNeT-3）による自己株式の取得結果および自己株式の取得終了に関するお知らせ
2026-08-19,68620,ミナトＨＤ,譲渡制限付株式報酬としての自己株式の処分の払込完了に関するお知らせ
2026-08-19,69540,ファナック,譲渡制限付株式報酬としての自己株式の処分の払込完了に関するお知らせ
2026-08-19,70390,Ｇ－ブリッジグループ,自己株式の取得状況及び取得終了に関するお知らせ（会社法第165条第２項の規定による定款の定めに基づく自己株式の取得）
2026-08-19,70470,Ｇ－ポート,2027年３月期第１四半期決算説明会Q&A
2026-08-19,70630,Ｇ－Ｂｉｒｄｍａｎ,（訂正）「固定資産（系統用蓄電池設備）の取得に関するお知らせ」の一部訂正について
2026-08-19,70630,Ｇ－Ｂｉｒｄｍａｎ,（訂正）「販売用不動産（系統用蓄電池用地及び発電設備等への送電系統に係る権利）の売却に関するお知らせ」の一部訂正について
2026-08-19,70630,Ｇ－Ｂｉｒｄｍａｎ,（訂正）2026年６月期 決算短信〔日本基準〕（連結）の一部訂正について
2026-08-19,70810,レンティア,当社株式の貸借銘柄選定に関するお知らせ
2026-08-19,70830,Ｇ－ＡＨＣグループ,自己株式立会外買付取引(ToSTNeT-3)による自己株式の取得結果に関するお知らせ
2026-08-19,70970,Ｇ－さくらさく,資本金及び資本準備金の額の減少に関するお知らせ
2026-08-19,71620,アストマックス,自己株式の取得結果及び取得終了に関するお知らせ
2026-08-19,72790,ハイレックス,（開示事項の経過）海外子会社（特定子会社）の設立手続完了に関するお知らせ
2026-08-19,73180,Ｇ－セレンディップ,新中期経営計画に関する追加FAQ公開のお知らせ
2026-08-19,73740,Ｇ－コンフィデンスＩ,当社グループ従業員等に対する譲渡制限付株式報酬制度及び業績連動型株式報酬制度の導入に関するお知らせ
2026-08-19,74170,南陽,譲渡制限付株式報酬としての自己株式処分の払込完了に関するお知らせ
2026-08-19,75150,マルヨシセンター,連結子会社株式の追加取得による完全子会社化に関するお知らせ
2026-08-19,75710,ヤマノＨＤ,2027年3月期 第１四半期 決算説明資料
2026-08-19,75710,ヤマノＨＤ,資金の借入に関するお知らせ
2026-08-19,76870,Ｇ－ミクリード,譲渡制限付株式報酬としての新株式発行の払込完了に関するお知らせ
2026-08-19,77440,ノーリツ鋼機,非上場の親会社等の決算に関するお知らせ
2026-08-19,77510,キヤノン,自己株式立会外買付取引（ToSTNeT-3）による自己株式の買付けに関するお知らせ
2026-08-19,78510,カワセコンピュ,自己株式の取得及び自己株式立会外買付取引（ToSTNeT-3）による自己株式の買付けに関するお知らせ
2026-08-19,80080,４℃ ＨＤ,役員向け株式給付信託への追加拠出に伴う第三者割当による自己株式の処分に関するお知らせ
2026-08-19,81360,サンリオ,譲渡制限付株式報酬としての自己株式の処分に関するお知らせ
2026-08-19,83430,秋田銀,2027年３月期 第１四半期末の自己資本比率について
2026-08-19,85600,宮崎太銀,自己株式立会外買付取引による自己株式の取得結果及び自己株式の取得終了に関するお知らせ
2026-08-19,86010,大和証Ｇ,ストック・オプション（新株予約権）行使価額等確定のお知らせ
2026-08-19,87720,アサックス,完全子会社の吸収合併（簡易合併・略式合併）に関するお知らせ
2026-08-19,88940,ＲＥＶＯＬＵＴＩＯＮ,連結子会社における固定資産の譲渡及び特別利益の計上に関するお知らせ
2026-08-19,91660,Ｇ－ＧＥＮＤＡ,GENDA売上進捗レポート発行に関するお知らせ【2026年８月】
2026-08-19,92210,フルハシＥＰＯ,株式の立会外分売実施に関するお知らせ
2026-08-19,92360,Ｇ－ジャパンＭ＆Ａ,当社に対する訴訟の提起に関するお知らせ
2026-08-19,93610,伏木運,（訂正・数値データ訂正）「2026年６月期 決算短信〔日本基準〕（連結）」の一部訂正について
2026-08-19,94170,スマートバリュー,取締役候補者の選任に関するお知らせ
2026-08-19,95030,関西電力,託送料金見直しに伴う電気料金への反映予定および特別高圧・高圧分野の標準メニューの見直しについて
2026-08-20,13264,Ｅ－ワールド,SPDRゴールド・シェアに関する日々の開示事項
2026-08-20,13294,Ｅ－ブラックロック,上場ETF（管理会社：ブラックロック・ジャパン）に関する日々の開示事項
2026-08-20,13494,Ｅ－ＳＳＧＡ－ＳＩＮ,アジア国債・公債ＥＴＦ（正式名称：ＡＢＦ汎アジア債券インデックス・ファンド）に関する日々の開示事項
2026-08-20,13660,ｉＦ２２５Ｗベア,iFreeETF 日経平均ダブルインバース・インデックス 受益権の併合および重大な約款変更（確定）のお知らせ
2026-08-20,13680,ｉＦＴＰＸＷベア,iFreeETF TOPIXダブルインバース（-2倍）指数 受益権の併合および重大な約款変更（確定）のお知らせ
2026-08-20,13690,Ｏｎｅ・日経２２５,2026年7月期（2026年1月9日～2026年7月8日)決算短信
2026-08-20,145A0,Ｇ－エルイズビー,2026年12月期 第2四半期決算説明会Q&A
2026-08-20,14690,４００ベア２倍,ＥＴＦの収益分配金のお知らせ
2026-08-20,14730,Ｏｎｅ・トピックス,2026年7月期（2026年1月9日～2026年7月8日)決算短信
2026-08-20,14740,Ｏｎｅ・ＪＰＸ４００,2026年7月期（2026年1月9日～2026年7月8日)決算短信
2026-08-20,14840,Ｏｎｅ・設備人材投資,2026年7月期（2026年1月9日～2026年7月8日)決算短信
2026-08-20,14930,Ｏｎｅ・中小型,2026年7月期（2026年1月9日～2026年7月8日)決算短信
2026-08-20,14980,Ｏｎｅ・ＥＳＧ,2026年7月期（2026年1月9日～2026年7月8日)決算短信
2026-08-20,15574,Ｅ－ＳＳＧＡＴＣ,State Street SPDR S&P500 ETFに関する日々の開示事項
2026-08-20,16710,ＷＴＩ原油ＥＴＦ,2026年7月期（2026年1月16日～2026年7月15日）決算短信
2026-08-20,16714,Ｅ－シンプレクス,上場ＥＴＦ(管理会社：シンプレクス・アセット・マネジメント)に関する日々の開示事項
2026-08-20,16724,Ｅ－ＷｉｓｄｏｍＴｒ,上場ETF（管理会社：WisdomTree、外国投資法人：CSL）に関する日々の開示事項
2026-08-20,16724,Ｅ－ＷｉｓｄｏｍＴｒ,上場ETF（管理会社：WisdomTree、外国投資法人：MSL）に関する日々の開示事項
2026-08-20,17710,日本乾溜,組織変更及び人事異動に関するお知らせ
2026-08-20,17710,日本乾溜,執行役員の異動に関するお知らせ
2026-08-20,179A0,ＧＸ超長期米国債Ｈ,ETFの収益分配金見込額のお知らせ
2026-08-20,180A0,ＧＸ超長期米国債,ETFの収益分配金見込額のお知らせ
2026-08-20,18880,若築建,コミットメントライン契約に基づく借入の決定について
2026-08-20,20180,ＧＸＵＳリート２０,ETFの収益分配金見込額のお知らせ
2026-08-20,205A0,Ｇ－ロゴスＨＤ,「多階建てシェア型株主優待」の特別基準日（2026年８月12日）における 対象株主数確定に関するお知らせ
2026-08-20,20704,Ｎ－三菱ＵＦＪ証ＨＤ,上場ETN（発行者：三菱UFJ証券ホールディングス株式会社）に関する日々の開示事項
2026-08-20,20960,ＧＸオフィスＪリート,ETFの収益分配金見込額のお知らせ
2026-08-20,20970,ＧＸ住宅Ｊリート,ETFの収益分配金見込額のお知らせ
2026-08-20,20980,ＧＸホテリテＪリート,ETFの収益分配金見込額のお知らせ
2026-08-20,218A0,Ｇ－リベラウェア,第5回新株予約権及び第6回新株予約権の発行内容確定に関するお知らせ
2026-08-20,23230,ｆｏｎｆｕｎ,2027年3月期第1四半期決算説明会アーカイブ動画およびQ&A書き起こし記事公開のお知らせ
2026-08-20,234A0,ＧＸＣＦキング日株,ETFの収益分配金見込額のお知らせ
2026-08-20,235A0,ＧＸ高配当３０日株,ETFの収益分配金見込額のお知らせ
2026-08-20,24770,手間いらず,2026年6月期（第23期）決算説明資料
2026-08-20,25530,Ｏｎｅ・ＣＳＩ５００,2026年7月期（2025年7月9日～2026年7月8日)決算短信
2026-08-20,25560,Ｏｎｅ・Ｊリート,2026年7月期（2026年1月9日～2026年7月8日)決算短信
2026-08-20,25650,ＧＸロジＪリート,ETFの収益分配金見込額のお知らせ
2026-08-20,26690,カネ美食品,自己株式の取得及び自己株式立会外買付取引（ＴｏＳＴＮｅＴ－３）による自己株式の買付けに関するお知らせ
2026-08-20,26780,アスクル,支配株主等に関する事項について
2026-08-20,269A0,Ｇ－Ｓａｐｅｅｔ,自己株式の取得及び自己株式立会外買付取引（ToSTNeT-3）による 自己株式の買付けに関するお知らせ
2026-08-20,27210,ＪＨＤ,臨時株主総会の開催場所に関するお知らせ
2026-08-20,277A0,グロービング,従業員に対する譲渡制限付株式としての自己株式の処分に関するお知らせ
2026-08-20,27800,コメ兵ＨＤ,ブランド・ファッション事業の2027年３月期７月度月次に関するお知らせ
2026-08-20,28150,アリアケ,自己株式立会外買付取引（ＴｏＳＴＮｅＴ－３）による自己株式の買付けに関するお知らせ
2026-08-20,28550,ＧＸグリＪリート,ETFの収益分配金見込額のお知らせ
2026-08-20,28640,ＧＸロジリート,ETFの収益分配金見込額のお知らせ
2026-08-20,30210,ＰＣＮＥＴ,2026年５月期決算 質疑応答集
2026-08-20,30660,ＪＢイレブン,自己株式の取得及び自己株式立会外買付取引（Ｎ－ＮＥＴ３）による自己株式の買付けに関するお知らせ
2026-08-20,307A0,Ｐ－ハウジング・Ｓ,子会社設立に関するお知らせ
2026-08-20,31890,ＡＮＡＰ,上場維持基準（流通株式比率基準）への適合に関するお知らせ
2026-08-20,318A0,ＶＩＸ先物ＥＴＦ,2027年1月期 中間決算短信（2026年1月16日～2026年7月15日）
2026-08-20,32050,ダイドー,譲渡制限付株式報酬としての自己株式処分の払込完了に関するお知らせ
2026-08-20,32520,地主,2026年12月期 第2四半期決算説明会（Q＆Aあり）の書き起こし記事を公開
2026-08-20,32600,エスポア,第三者委員会による調査報告書提出の延期について
2026-08-20,32690,Ｒ－ＡＤＲ,国内不動産の取得に関するお知らせ≪レジディア東日暮里・レジディア亀戸II≫
2026-08-20,32690,Ｒ－ＡＤＲ,資金の借入れ及び借入金の返済に関するお知らせ
2026-08-20,32880,オープンハウスＧ,連結子会社からの配当金受領に関するお知らせ
2026-08-20,32960,Ｒ－日本リート,国内不動産信託受益権の取得に関するお知らせ（WORK VILLA MYJ kanda）
2026-08-20,32960,Ｒ－日本リート,資金の借入れに関するお知らせ
2026-08-20,32960,Ｒ－日本リート,コミットメントラインの設定に関するお知らせ
2026-08-20,32960,Ｒ－日本リート,2026年6月期決算短信(ＲＥＩＴ)
2026-08-20,34610,パルマ,事業KPI 2026年9月期 7月度月次情報
2026-08-20,34740,Ｇ－Ｇ－ＦＡＣ,2026年12月期第２四半期決算説明 質疑応答集
2026-08-20,36410,パピレス,自己株式立会外買付（ToSTNeT-3）による自己株式の買付けに関するお知らせ
2026-08-20,36750,クロスマーケティング,事後交付型株式報酬制度の導入に関するお知らせ
2026-08-20,372A0,レント,社員持株会を通じた株式付与としての自己株式の処分の払込完了及び一部失権に関するお知らせ
2026-08-20,37470,インタートレード,連結子会社の異動（株式譲渡）に関するお知らせ
2026-08-20,38630,日本紙,保有株式の売却に関するお知らせ
2026-08-20,39160,ＤＩＴ,監査役候補者の選任に関するお知らせ
2026-08-20,394A0,業界改革厳選テレビ,2026年7月期（2025年7月16日～2026年7月12日）決算短信
2026-08-20,395A0,業界改革厳選地銀,2026年7月期（2025年7月16日～2026年7月12日）決算短信
2026-08-20,39670,Ｇ－エルテス,第７回新株予約権の取得及び消却に関するお知らせ
2026-08-20,39670,Ｇ－エルテス,資本政策の進捗報告～発行済株式の14%の潜在株式を縮減し、将来EPS向上へ～
2026-08-20,396A0,業界改革厳選ＲＥＩＴ,2026年7月期（2026年1月13日～2026年7月12日）決算短信
2026-08-20,39760,Ｇ－シャノン,2026年12月期 第２四半期決算説明資料（スマホ向けサマリ版）
2026-08-20,39760,Ｇ－シャノン,2026年12月期 第２四半期決算説明資料（テキスト詳細版）
2026-08-20,40110,Ｇ－ヘッドウォーター,（訂正・数値データ訂正）「2026年12月期第2四半期（中間期）決算短信〔日本基準〕（連結）」の一部訂正に関するお知らせ
2026-08-20,40270,テイカ,譲渡制限付株式報酬としての自己株式の処分の払込完了に関するお知らせ
2026-08-20,41680,Ｇ－ヤプリ,自己株式の取得及び自己株式立会外買付取引（ToSTNeT-３）による自己株式の買付けに関するお知らせ
2026-08-20,41780,Ｇ－Ｓイノベーション,2026年12月期 第2四半期決算説明動画と書き起こし公開のお知らせ
2026-08-20,42480,竹本容器,2026年12月期第２四半期決算説明会資料
2026-08-20,42590,Ｇ－エクサウィザーズ,子会社の認知機能AI診断支援アプリ（SaMD）に係る先駆け総合評価相談の開始に関するお知らせ
2026-08-20,435A0,ｉＦ日本配当ローテ,2026年7月期（2026年1月8日～2026年7月7日）決算短信
2026-08-20,43820,ＨＥＲＯＺ,譲渡制限付株式報酬としての新株式発行に関するお知らせ
2026-08-20,44420,Ｇ－バルテスＨＤ,滋賀大学との「ソフトウェア品質・データサイエンス研究センター」設置に関するお知らせ
2026-08-20,44440,Ｇ－インフォネット,2027年3月期第1四半期決算に関する質疑応答集
2026-08-20,44650,ニイタカ,譲渡制限付株式報酬制度の導入に関するお知らせ
2026-08-20,44650,ニイタカ,従業員持株会を通じた譲渡制限付株式付与のための第三者割当による自己株式の処分に関するお知らせ
2026-08-20,45310,有機薬,譲渡制限付株式報酬としての自己株式の処分の払込完了に関するお知らせ
2026-08-20,46190,日特塗料,譲渡制限付株式報酬としての自己株式の処分の払込完了に関するお知らせ
2026-08-20,48920,Ｇ－サイフューズ,2026年12月期 第２四半期決算説明会資料
2026-08-20,49230,ＣＯＴＡ,サイバー攻撃によるシステム障害発生のお知らせ（最終報）
2026-08-20,49370,Ｇ－Ｗａｑｏｏ,2026年９月期第３四半期 決算補足説明資料
2026-08-20,49510,エステー,自己株式の取得及び自己株式立会外買付取引（ToSTNeT-3）による自己株式の買付けに関するお知らせ
2026-08-20,49600,ケミプロ化成,第３期中期経営計画の進捗状況と業績計画修正のお知らせ
2026-08-20,50380,Ｇ－ｅＷｅＬＬ,2026年12月期第２四半期決算説明会 書き起こし記事及び動画の公開のお知らせ
2026-08-20,512A0,ＧＸステコ＆トークン,ETFの収益分配金見込額のお知らせ
2026-08-20,513A0,ＧＸ防衛テック日株,ETFの収益分配金見込額のお知らせ
2026-08-20,523A0,Ｇ－セイワＨＤ,当社株式の貸借銘柄選定に関するお知らせ
2026-08-20,52520,Ｇ－日本ナレッジ,譲渡制限付株式報酬としての新株式の発行の払込完了に関するお知らせ
2026-08-20,52560,Ｇ－Ｆｕｓｉｃ,取締役候補者及び監査役候補者の選任、監査役の報酬額改定に関するお知らせ
2026-08-20,53100,東洋炭素,2026年12月期第2四半期 決算説明資料
2026-08-20,541A0,Ｏｎｅ高配当グロース,2026年7月期（2026年3月23日～2026年7月8日)決算短信
2026-08-20,55330,エリッツＨＤ,個人情報流出の可能性に関するお知らせ（第１報）
2026-08-20,55340,Ｐ－エンゼルグループ,（訂正）「通期連結業績予想の修正に関するお知らせ」の一部訂正について
2026-08-20,55800,Ｇ－プロディライト,当社主要ＫＰＩ（2026年７月度）に関するお知らせ
2026-08-20,56210,Ｇ－ヒューマンＴ,主要株主の異動に関するお知らせ
2026-08-20,562A0,Ｐ－寶結,証書貸付契約及び当座貸越契約の締結に関するお知らせ
2026-08-20,56980,エンビプロＨＤ,長期ビジョン「En-Vision2035」策定に関するお知らせ
2026-08-20,57020,大紀アルミ,業績連動型株式報酬制度の導入に伴う自己株式の処分の中止、及び自己株式の処分の再決定に関するお知らせ
2026-08-20,58200,三ッ星,取締役の委嘱業務の変更に関するお知らせ
2026-08-20,585A4,Ｅ－ＪＡＭＰＦＭ,上場ETF（管理会社：JAMPファンド・マネジメント）に関する日々の開示事項
2026-08-20,587A4,Ｅ－インベスコＱＱＱ,インベスコQQQトラスト シリーズ1 に関する日々の開示事項
2026-08-20,59730,トーアミ,自己株式立会外買付取引（ToSTNeT-3）による自己株式の取得結果及び取得終了に関するお知らせ
2026-08-20,59820,マルゼン,海外子会社（特定子会社）の設立に関するお知らせ
2026-08-20,598A0,Ｇ－チャットプラス,2026年6月期 質疑応答集
2026-08-20,60900,ＨＭＴ,2026年6月期 決算説明資料
2026-08-20,64670,ニチダイ,譲渡制限付株式報酬としての自己株式の処分の払込完了に関するお知らせ
2026-08-20,65030,三菱電,米国PCI Energy Solutionsの完全子会社化に関するお知らせ
2026-08-20,65030,三菱電,米国PCI Energy Solutionsの完全子会社化について －スマートエナジー領域の強化－
2026-08-20,65430,日宣,第２四半期（中間期）業績予想の修正に関するお知らせ
2026-08-20,65610,Ｇ－ＨＡＮＡＴＯＵＲ,月次業績速報 2026年7月
2026-08-20,65790,Ｇ－ログリー,連結子会社からの配当金受領及び連結子会社の異動（株式売却）に関するお知らせ
2026-08-20,66270,テラプローブ,2026年12月期第２四半期（中間期） 決算説明資料
2026-08-20,68570,アドバンテス,自己株式の取得状況及び取得終了に関するお知らせ
2026-08-20,68630,ニレコ,譲渡制限付株式としての自己株式の処分の払込完了に関するお知らせ
2026-08-20,70430,Ｇ－アルー,2026年７月度 etudes月次KPI（速報）のお知らせ
2026-08-20,70580,共栄セキュリティ,連結子会社による孫会社の吸収合併のお知らせ
2026-08-20,70620,Ｇ－フレアス,2027年３月期７月度月次売上（速報）に関するお知らせ
2026-08-20,70620,Ｇ－フレアス,月次業績（速報値）の開示終了に関するお知らせ
2026-08-20,70670,Ｇ－ブランディング,株式会社menu magazineの株式の取得（子会社化）に関するお知らせ
2026-08-20,71190,Ｇ－ハルメクＨＤ,譲渡制限付株式報酬としての新株発行の払込完了に関するお知らせ
2026-08-20,72130,レシップＨＤ,譲渡制限付株式報酬としての自己株式の処分の払込完了に関するお知らせ
2026-08-20,72310,トピー工,連結子会社における持分譲渡（孫会社の異動）に関するお知らせ
2026-08-20,72350,東ラヂエタ,譲渡制限付株式の付与としての自己株式の処分の払込完了に関するお知らせ
2026-08-20,73180,Ｇ－セレンディップ,2027年3月期 第1四半期 決算説明会資料
2026-08-20,74090,Ｇ－ＡｅｒｏＥｄｇｅ,2026年6月期 決算説明会資料
2026-08-20,75440,スリーエフ,人事異動に関するお知らせ
2026-08-20,76030,ジーイエット,CLANE DESIGN株式会社の株式取得に関するお知らせ
2026-08-20,76030,ジーイエット,2027年２月期第２四半期（累計）及び通期連結業績予想の修正に関するお知らせ
2026-08-20,76850,Ｇ－ＢＵＹＳＥＬＬ,よくあるお問い合わせと回答（FY2026_Q2）
2026-08-20,77510,キヤノン,自己株式立会外買付取引（ToSTNeT-3）による自己株式の取得結果に関するお知らせ
2026-08-20,77940,Ｇ－イーディーピー,行使価額修正条項付新株予約権の大量行使に関するお知らせ
2026-08-20,78510,カワセコンピュ,自己株式立会外買付取引（ToSTNeT-3）による自己株式の取得結果及び自己株式の取得終了に関するお知らせ
2026-08-20,78590,アルメディオ,連結子会社からの配当金受領に関するお知らせ
2026-08-20,78770,永大化工,従業員持株会向け譲渡制限付株式インセンティブとしての自己株式の処分に関するお知らせ
2026-08-20,79660,リンテック,株式の売出し並びにその他の関係会社、主要株主及び主要株主である筆頭株主の異動に関するお知らせ
2026-08-20,79660,リンテック,自己株式取得に係る事項の決定に関するお知らせ
2026-08-20,79660,リンテック,2027年3月期第1四半期決算短信〔日本基準〕(連結)（公認会計士等による期中レビューの完了）
2026-08-20,80060,ユアサフナ,譲渡制限付株式報酬としての自己株式の処分の払込完了に関するお知らせ
2026-08-20,80410,ＯＵＧ ＨＤ,「2027年3月期 第１四半期 ＯＵＧホールディングス決算要約説明資料」の一部訂正について
2026-08-20,82140,ＡＯＫＩ ＨＤ,譲渡制限付株式報酬としての自己株式の処分の払込完了に関するお知らせ
2026-08-20,82260,理経,譲渡制限付株式報酬としての自己株式の処分の払込完了に関するお知らせ
2026-08-20,83370,千葉興銀,第２回第七種優先株式に係る自己株式の取得の完了に関するお知らせ
2026-08-20,87150,アニコム ＨＤ,譲渡制限付株式報酬としての自己株式処分の払込完了に関するお知らせ
2026-08-20,87460,ｕｎｂａｎｋｅｄ,当社銀行口座の出金停止および事業の一時停止に関するお知らせ
2026-08-20,89120,エリアクエスト,定款一部変更に関するお知らせ
2026-08-20,89120,エリアクエスト,監査等委員会設置会社への移行および役員人事に関するお知らせ
2026-08-20,89210,Ｐ－シーズクリエイト,通期業績予想の修正に関するお知らせ
2026-08-20,89280,穴吹興産,（訂正・数値データ訂正）「2026年６月期 決算短信〔日本基準〕（連結）」の一部訂正について
2026-08-20,89280,穴吹興産,役員の異動に関するお知らせ
2026-08-20,89860,Ｒ－大和証券リビング,国内不動産の譲渡（プロフィットリンク竹ノ塚）に関するお知らせ
2026-08-20,90070,小田急,2026年7月 月次営業概況（速報）に関するお知らせ
2026-08-20,90270,ロジネットＪ,自己株式の取得及び立会外自己株式取得取引による自己株式の買付け 並びに自己株式の消却に関するお知らせ
2026-08-20,91590,Ｇ－ＷＴＯＫＹＯ,商号の変更及び定款の一部変更に関するお知らせ
2026-08-20,91630,Ｇ－ナレルグループ,2026年７月度 ＫＰＩのお知らせ
2026-08-20,92190,Ｇ－ギックス,（訂正）「2026年６月期 決算短信〔日本基準〕（連結）」の一部訂正について
2026-08-20,92210,フルハシＥＰＯ,株式の立会外分売終了に関するお知らせ
2026-08-20,92350,Ｇ－売れるネットＧ,株式交付による１株に満たない端数の処理に伴う自己株式の買取りに関するお知らせ（会社法234条第４項及び第５項の規定に基づく自己株式の買取り）
2026-08-20,92520,Ｇ－ラストワンマイル,2026年７月度月次主要KPIに関するお知らせ
2026-08-20,92570,Ｇ－ＹＣＰ,剰余金の配当（中間配当）に係る分配金の単価決定に関するお知らせ
2026-08-20,93270,イー・ロジット,第８回新株予約権の行使価額の修正に関するお知らせ
2026-08-20,93420,Ｇ－スマサポ,（訂正）「事業譲受及び業務提携に関するお知らせ」の一部訂正について
2026-08-20,93420,Ｇ－スマサポ,株式取得（子会社化）資金の借入に関するお知らせ
2026-08-20,93440,Ｇ－アクシスＣ,監査等委員の辞任及び監査等委員候補者選任に関するお知らせ
2026-08-20,94440,トーシンＨＤ,定時株主総会招集のための基準日設定に関するお知らせ
2026-08-20,94500,ファイバーゲート,2026年6月期通期決算説明会 アーカイブ動画および書き起こし公開のお知らせ
2026-08-20,98500,グルメ杵屋,取締役の辞任に関するお知らせ
2026-08-20,99020,日伝,自己株式の取得状況及び取得終了並びに自己株式の消却に関するお知らせ
2026-08-21,13080,上場ＴＰＸ,2026年7月期（2025年7月9日～2026年7月8日）決算短信
2026-08-21,13264,Ｅ－ワールド,SPDRゴールド・シェアに関する日々の開示事項
2026-08-21,13294,Ｅ－ブラックロック,上場ETF（管理会社：ブラックロック・ジャパン）に関する日々の開示事項
2026-08-21,13300,上場２２５,2026年7月期（2025年7月9日～2026年7月8日）決算短信
2026-08-21,13450,上場Ｊリート,2026年7月期（2026年1月9日～2026年7月8日）決算短信
2026-08-21,13494,Ｅ－ＳＳＧＡ－ＳＩＮ,アジア国債・公債ＥＴＦ（正式名称：ＡＢＦ汎アジア債券インデックス・ファンド）に関する日々の開示事項
2026-08-21,13580,上場日経２倍,2026年7月期（2025年7月11日～2026年7月10日）決算短信
2026-08-21,13990,上場高配当低ボラ,2026年7月期（2026年1月9日～2026年7月8日）決算短信
2026-08-21,141A0,Ｇ－トライアル,株式会社西友の一部不動産流動化に伴う子会社（孫会社）間の吸収分割、子会社（孫会社）の商号変更及び子会社（孫会社）の異動を伴う株式の譲渡に関するお知らせ
2026-08-21,14310,Ｇ－リブワーク,中期経営計画「Lib Earth Shot 2029」策定のお知らせ（2026/7～2029/6）
2026-08-21,14310,Ｇ－リブワーク,Lib Earth Shot 2029中期経営計画
2026-08-21,14470,Ｇ－ＳＡＡＦＨＤ,当社株主による新株予約権無償割当ての差止めの仮処分命令申立てに関するお知らせ
2026-08-21,14810,上場日本経済貢献,2026年7月期（2026年1月9日～2026年7月8日）決算短信
2026-08-21,14820,ｉＳ米国債七十円へジ,2026年7月期 決算短信（2026年1月12日～2026年7月11日）
2026-08-21,14860,上場米債ヘッジなし,2026年7月期（2026年1月11日～2026年7月10日）決算短信
2026-08-21,14870,上場米債ヘッジあり,2026年7月期（2026年1月11日～2026年7月10日）決算短信
2026-08-21,14900,上場ベータヘッジ,2026年7月期（2026年1月9日～2026年7月8日）決算短信
2026-08-21,14960,ｉＳ米＄ＩＧ社債ヘジ,2026年7月期 決算短信（2026年1月12日～2026年7月11日）
2026-08-21,14970,ｉＳ米＄ＨＹ社債ヘジ,2026年7月期 決算短信（2026年1月12日～2026年7月11日）
2026-08-21,15550,上場Ａリート,2026年7月期（2026年1月11日～2026年7月10日）決算短信
2026-08-21,15574,Ｅ－ＳＳＧＡＴＣ,State Street SPDR S&P500 ETFに関する日々の開示事項
2026-08-21,15660,上場ＥＭ債,2026年7月期（2026年1月11日～2026年7月10日）決算短信
2026-08-21,15780,上場２２５Ｍ,2026年7月期（2026年1月9日～2026年7月8日）決算短信
2026-08-21,15860,上場ＴＰＸ除く金融,2026年7月期（2026年1月9日～2026年7月8日）決算短信
2026-08-21,15920,上場ＪＰＸ日経４００,2026年7月期（2026年1月9日～2026年7月8日）決算短信
2026-08-21,15960,ＮＺＡＭ Ｅｘ―Ｆ,2026年７月期 決算短信（2026年１月16日～2026年７月15日）
2026-08-21,16560,ｉＳ米国債七十,2026年7月期 決算短信（2026年1月12日～2026年7月11日）
2026-08-21,16620,石油資源,（開示事項の経過）特別利益（投資有価証券売却益）の計上に関するお知らせ
2026-08-21,16714,Ｅ－シンプレクス,上場ＥＴＦ(管理会社：シンプレクス・アセット・マネジメント)に関する日々の開示事項
2026-08-21,16724,Ｅ－ＷｉｓｄｏｍＴｒ,上場ETF（管理会社：WisdomTree、外国投資法人：MSL）に関する日々の開示事項
2026-08-21,16724,Ｅ－ＷｉｓｄｏｍＴｒ,上場ETF（管理会社：WisdomTree、外国投資法人：CSL）に関する日々の開示事項
2026-08-21,16770,上場外債,2026年7月期（2026年1月11日～2026年7月10日）決算短信
2026-08-21,16980,上場配当,2026年7月期（2026年1月9日～2026年7月8日）決算短信
2026-08-21,17730,ＹＴＬ,中間配当のお知らせ
2026-08-21,17730,ＹＴＬ,2026年６月期（2025年７月～2026年６月）年次決算短信
2026-08-21,19460,トーエネック,譲渡制限付株式報酬としての自己株式の処分の払込完了に関するお知らせ
2026-08-21,20120,ｉＳ米国債０３月,2026年7月期 決算短信（2026年1月12日～2026年7月11日）
2026-08-21,20150,ｉＦ米国債７１０Ｈ無,iFreeETFの収益分配金見込額のお知らせ
2026-08-21,20160,ｉＦ米国債７１０Ｈ有,iFreeETFの収益分配金見込額のお知らせ
2026-08-21,20704,Ｎ－三菱ＵＦＪ証ＨＤ,上場ETN（発行者：三菱UFJ証券ホールディングス株式会社）に関する日々の開示事項
2026-08-21,21080,甜菜糖,自己株式の取得及び自己株式立会外買付取引（ToSTNeT-3）による自己株式の買付け並びに自己株式の消却に関するお知らせ
2026-08-21,21080,甜菜糖,株式分割、株式分割に伴う定款の一部変更、配当予想の修正、譲渡制限付株式報酬制度における付与株式総数（年間）の調整及び株主優待制度の変更に関するお知らせ
2026-08-21,21240,ＪＡＣ,2026年12月期 上半期（第２四半期）決算戦略説明会資料
2026-08-21,21340,キタハマキャピタル,譲渡制限付株式報酬としての新株式の払込完了に関するお知らせ
2026-08-21,213A0,上場日経半導体,2026年7月期（2026年1月9日～2026年7月8日）決算短信
2026-08-21,218A0,Ｇ－リベラウェア,（開示事項の経過）子会社「株式会社HINOTATE（ヒノタテ）」設立完了に関するお知らせ
2026-08-21,22350,上場ダウヘッジなし,2026年7月期（2026年1月9日～2026年7月8日）決算短信
2026-08-21,22550,ｉＳ米国債二十,2026年7月期 決算短信（2026年1月12日～2026年7月11日）
2026-08-21,22560,ｉＳ米国総合債券,2026年7月期 決算短信（2026年1月12日～2026年7月11日）
2026-08-21,22570,ｉＳ＄ＩＧ社債,2026年7月期 決算短信（2026年1月12日～2026年7月11日）
2026-08-21,22580,ｉＳ＄ＨＹ社債,2026年7月期 決算短信（2026年1月12日～2026年7月11日）
2026-08-21,22590,ｉＳフランス国債ヘジ,2026年7月期 決算短信（2026年1月12日～2026年7月11日）
2026-08-21,227A0,Ｐ－インサイトラボ,臨時株主総会招集のための基準日設定に関するお知らせ
2026-08-21,23380,クオンタムＳ,連結子会社における暗号資産（ETH）の売却及び売却益の計上に関するお知らせ
2026-08-21,236A0,ｉＳ日本国債七十,2026年7月期 決算短信（2026年1月12日～2026年7月11日）
2026-08-21,23710,カカクコム,"「BCPE Blitz Cayman, L.P.による当社株券等に対する公開買付けの開始予定に関するお知らせ」の経過に関するお知らせ"
2026-08-21,237A0,ｉＳ米国債二十五,2026年7月期 決算短信（2026年1月12日～2026年7月11日）
2026-08-21,238A0,ｉＳ米国債二十五ヘジ,2026年7月期 決算短信（2026年1月12日～2026年7月11日）
2026-08-21,24130,エムスリー,ストックオプション（新株予約権）の発行内容確定に関するお知らせ
2026-08-21,24380,Ｇ－アスカネット,譲渡制限付株式報酬としての自己株式の処分に関するお知らせ
2026-08-21,24590,アウン,上場維持基準への適合に向けた計画（改善期間入り）について
2026-08-21,24770,手間いらず,役員の異動に関するお知らせ
2026-08-21,24980,オリコンＨＤ,2026年９月期業績予想の修正及び配当予想の修正（増配）に関するお知らせ
2026-08-21,25270,ＮＺＡＭＪリートコア,2026年７月期 決算短信（2026年１月16日～2026年７月15日）
2026-08-21,25610,ｉＳ日本国債,2026年7月期 決算短信（2026年1月12日～2026年7月11日）
2026-08-21,25620,上場ダウヘッジあり,2026年7月期（2026年1月9日～2026年7月8日）決算短信
2026-08-21,25660,上場ＥＳＧリート,2026年7月期（2026年1月9日～2026年7月8日）決算短信
2026-08-21,25680,上場ＮＳＱ１００ヘ無,2026年7月期（2026年1月9日～2026年7月8日）決算短信
2026-08-21,25690,上場ＮＳＱ１００ヘ有,2026年7月期（2026年1月9日～2026年7月8日）決算短信
2026-08-21,25930,伊藤園,譲渡制限付株式報酬のための自己株式の処分の払込完了に関するお知らせ
2026-08-21,25930,伊藤園,当社子会社取締役等に対する譲渡制限付株式報酬のための自己株式の処分の払込完了に関するお知らせ
2026-08-21,261A0,日水コン,（訂正）「2026年12月期第2四半期決算説明資料」の一部訂正に関するお知らせ
2026-08-21,26200,ｉＳ米国債一三,2026年7月期 決算短信（2026年1月12日～2026年7月11日）
2026-08-21,26210,ｉＳ米国債二十へジ,2026年7月期 決算短信（2026年1月12日～2026年7月11日）
2026-08-21,26220,ｉＳ新興国債券へジ,2026年7月期 決算短信（2026年1月12日～2026年7月11日）
2026-08-21,26490,ｉＳＧＮＭＡ債ヘジ,2026年7月期 決算短信（2026年1月12日～2026年7月11日）
2026-08-21,26690,カネ美食品,自己株式立会外買付取引（ＴｏＳＴＮｅＴ－３）による自己株式の取得結果および自己株式の取得終了に関するお知らせ
2026-08-21,269A0,Ｇ－Ｓａｐｅｅｔ,自己株式立会外買付取引（ToSTNeT-3）による自己株式の取得結果及び取得終了に関するお知らせ
2026-08-21,27300,エディオン,譲渡制限付株式報酬としての自己株式の処分の払込完了に関するお知らせ
2026-08-21,27470,北雄ラッキー,2027年２月期第２四半期（中間期）及び通期業績予想の修正に関するお知らせ
2026-08-21,28040,ブルドックソース,資本コストや株価を意識した経営の実現に向けた対応について（アップデート）
2026-08-21,280A0,Ｇ－ＴＭＨ,譲渡制限付株式報酬としての自己株式の処分に関するお知らせ
2026-08-21,28150,アリアケ,自己株式立会外買付取引（ＴｏＳＴＮｅＴ－３）による自己株式の取得結果に関するお知らせ
2026-08-21,28530,ｉＳ気候外国債券ヘジ,2026年7月期 決算短信（2026年1月12日～2026年7月11日）
2026-08-21,28560,ｉＳ米国債三七ヘジ,2026年7月期 決算短信（2026年1月12日～2026年7月11日）
2026-08-21,28570,ｉＳドイツ国債ヘジ,2026年7月期 決算短信（2026年1月12日～2026年7月11日）
2026-08-21,29150,ケンコーマヨ,譲渡制限付株式報酬としての自己株式の処分の払込完了に関するお知らせ
2026-08-21,29620,テクニスコ,役員報酬の減額解除に関するお知らせ
2026-08-21,296A0,Ｇ－令和ＡＨ,中期経営計画
2026-08-21,29950,Ｐ－ジェイレックス,2026年６月期 決算短信〔日本基準〕（非連結）
2026-08-21,299A0,Ｇ－クラシル,投資家の皆様より多く寄せられた質問と回答 （2026年8月）
2026-08-21,30100,ポラリスＨＤ,譲渡制限付株式報酬としての新株式発行の払込完了に関するお知らせ
2026-08-21,30280,アルペン,役員の異動に関するお知らせ
2026-08-21,30660,ＪＢイレブン,自己株式立会外買付取引（Ｎ－ＮＥＴ３）による自己株式の取得結果および取得終了に関するお知らせ
2026-08-21,30790,ＤＶｘ,自己株式の消却に関するお知らせ
2026-08-21,30820,きちりＨＤ,役員人事に関するお知らせ
2026-08-21,30970,物語コーポ,定款一部変更のお知らせ
2026-08-21,30970,物語コーポ,役員人事に関するお知らせ
2026-08-21,30970,物語コーポ,業績条件付譲渡制限付株式報酬制度の導入に関するお知らせ
2026-08-21,31340,Ｈａｍｅｅ,譲渡制限付株式報酬としての自己株式処分に関するお知らせ
2026-08-21,31730,Ｃｏｍｉｎｉｘ,資金の借入に関するお知らせ
2026-08-21,32810,Ｒ－ＧＬＰ,自己投資口の取得状況及び取得終了に関するお知らせ
2026-08-21,32970,東武住販,(訂正・数値データ訂正)「2026年５月期決算短信〔日本基準〕(非連結)〕」の一部訂正について
2026-08-21,34570,Ａｎｄ Ｄｏ ＨＬＤ,2026年６月期 決算説明会資料
2026-08-21,34630,Ｒ－いちごホテル,資金の借入（金利決定）のお知らせ
2026-08-21,36320,グリーＨＤ,取締役候補の選任に関するお知らせ
2026-08-21,36410,パピレス,自己株式立会外買付（ToSTNeT-3）による自己株式の取得結果及び主要株主の異動に関するお知らせ
2026-08-21,37390,コムシード,連結子会社の解散及び債権の放棄に関するお知らせ
2026-08-21,37770,Ｇ－環境フレンドリー,（開示事項の経過）九州工業大学との共同研究の成果及び今後の事業展開に関するお知らせ
2026-08-21,37930,Ｇ－ドリコム,取締役及び従業員に対する譲渡制限付株式としての自己株式処分の払込完了に関するお知らせ
2026-08-21,38560,Ａｂａｌａｎｃｅ,米国商務省のエチオピア迂回輸出調査及び連結子会社TOYOによる意見書提出に関するお知らせ
2026-08-21,38770,中越パル,譲渡制限付株式報酬としての自己株式処分の払込完了に関するお知らせ
2026-08-21,38780,巴川コーポ,譲渡制限付株式報酬としての自己株式の処分の払込完了に関するお知らせ
2026-08-21,39220,ＰＲＴＩＭＥＳ,有償ストック・オプション（新株予約権）の発行内容確定に関するお知らせ
2026-08-21,40730,Ｇ－ジィ・シィ企画,株式の立会外分売実施に関するお知らせ
2026-08-21,41680,Ｇ－ヤプリ,自己株式立会外買付取引（ToSTNeT-３）による自己株式の取得結果及び取得終了に関するお知らせ
2026-08-21,41830,三井化学,(開示事項の経過)特定子会社の異動に関するお知らせ
2026-08-21,42020,ダイセル,従業員持株会向け譲渡制限付株式インセンティブとしての自己株式の処分の払込完了及び一部失権に関するお知らせ
2026-08-21,42900,ＰＩ,指名報酬委員会（任意）の構成員の選定に関するお知らせ
2026-08-21,43600,マナック・ケミカルＰ,譲渡制限付株式報酬としての自己株式の処分の払込完了に関するお知らせ
2026-08-21,43960,システムサポートＨＤ,「剰余金の配当に関するお知らせ」の一部訂正について
2026-08-21,43960,システムサポートＨＤ,剰余金の配当に関するお知らせ
2026-08-21,441A0,Ｇ－ＮＥ,リストリクテッド・ストック報酬制度に基づく新株式発行に関するお知らせ
2026-08-21,44920,ゼネテック,株式会社クラステクノロジーの株式取得（子会社化）完了および同社の役員人事に関するお知らせ
2026-08-21,45430,テルモ,子会社の異動に関するお知らせ
2026-08-21,45880,Ｇ－オンコリスバイオ,腫瘍溶解ウイルス テロメライシン注の販売開始のお知らせ
2026-08-21,46710,ファルコＨＤ,自己株式の取得状況及び主要株主の異動に関するお知らせ
2026-08-21,46890,ＬＩＮＥヤフー,"（経過開示）BCPE Blitz Cayman, L.P.による株式会社カカクコム（証券コード：2371）に対する公開買付けの開始予定に係る経過に関するお知らせ"
2026-08-21,46940,ＢＭＬ,譲渡制限付株式報酬としての自己株式の処分の払込完了に関するお知らせ
2026-08-21,47620,ＸＮＥＴ,「株式分割」、株式分割に伴う「定款の一部変更」、「配当予想の修正」および「株主優待制度の変更」に関するお知らせ
2026-08-21,48290,日本エンタープライズ,機構改革および人事異動に関するお知らせ
2026-08-21,48290,日本エンタープライズ,取締役会の実効性に関する評価結果の概要について
2026-08-21,490A0,Ｐ－センス・トラスト,第三者割当による新株式発行に関するお知らせ
2026-08-21,49180,アイビー,第三者割当による第６回新株予約権（行使価額修正型新株予約権への転換権付）の発行に係る払込完了に関するお知らせ
2026-08-21,49510,エステー,自己株式立会外買付取引（ToSTNeT-3）による自己株式の取得結果及び取得終了に関するお知らせ
2026-08-21,49660,上村工業,自己株式の取得結果および取得終了に関するお知らせ
2026-08-21,52020,板硝子,第三者割当による新株式発行の払込予定日について
2026-08-21,52160,倉元,第三者割当による新株式発行により調達した資金の使途及び支出予定時期の変更に関するお知らせ
2026-08-21,539A0,ＮＺＡＭ 海外債券,2026年７月期 決算短信（2026年３月18日～2026年７月15日）
2026-08-21,557A0,Ｐ－フェリエスト,資金の借入に関するお知らせ
2026-08-21,57070,東邦鉛,第三者割当により発行された行使価額修正条項付第１回新株予約権の大量行使に関するお知らせ
2026-08-21,58320,ちゅうぎんＦＧ,2027年3月期第1四半期末自己資本比率について
2026-08-21,585A4,Ｅ－ＪＡＭＰＦＭ,上場ETF（管理会社：JAMPファンド・マネジメント）に関する日々の開示事項
2026-08-21,58680,ロココ,2026年12月期 第２四半期決算に関する質疑応答集
2026-08-21,587A4,Ｅ－インベスコＱＱＱ,インベスコQQQトラスト シリーズ1 に関する日々の開示事項
2026-08-21,594A0,Ｐ－ＰＲＯＨＤ,代表取締役の逝去および退任に関するお知らせ
2026-08-21,59810,東製綱,役員に対する譲渡制限付株式報酬としての自己株式の処分の払込完了に関するお知らせ
2026-08-21,59810,東製綱,従業員に対する譲渡制限付株式としての自己株式の処分の払込完了に関するお知らせ
2026-08-21,60380,Ｇ－イード,連結子会社の吸収合併（略式合併）に関するお知らせ
2026-08-21,60380,Ｇ－イード,剰余金の配当に関するお知らせ
2026-08-21,603A0,Ｇ－アイ・グリッド,2026年6月期通期決算説明会の書き起こし公開 及び よくある質問と回答について
2026-08-21,603A0,Ｇ－アイ・グリッド,第三者割当増資の結果に関するお知らせ
2026-08-21,60450,Ｇ－レントラックス,2027年３月期７月度の月次売上高等のお知らせ
2026-08-21,60540,リブセンス,従業員に対する譲渡制限付株式報酬としての自己株式の処分に関するお知らせ
2026-08-21,61960,ストライクＧ,海外子会社（特定子会社）の設立に関するお知らせ
2026-08-21,62640,マルマエ,中期事業計画 改定資料
2026-08-21,62670,ゼネパッカー,（開示事項の経過）海外子会社設立及び特定子会社の異動に関するお知らせ
2026-08-21,64180,日金銭,譲渡制限付株式報酬としての自己株式の処分の払込完了に関するお知らせ
2026-08-21,64200,ガリレイ,譲渡制限付株式報酬としての自己株式の処分の払込完了に関するお知らせ
2026-08-21,64850,前沢給装,譲渡制限付株式としての自己株式処分の払込完了に関するお知らせ
2026-08-21,65270,Ｐ－ワカ製作所,松本工場閉鎖に関するお知らせ
2026-08-21,65470,グリーンズ,取締役の報酬額改定に関するお知らせ
2026-08-21,65570,Ｇ－ＡＩＡＩ,連結子会社間の会社分割（吸収分割）に関するお知らせ
2026-08-21,65570,Ｇ－ＡＩＡＩ,財務上の特約が付された金銭消費貸借契約の締結に関するお知らせ
2026-08-21,65570,Ｇ－ＡＩＡＩ,第13回個人投資家サミット説明資料
2026-08-21,65610,Ｇ－ＨＡＮＡＴＯＵＲ,2026年12月期 第２四半期 決算説明会資料
2026-08-21,65920,マブチモーター,（訃報）当社創業者・名誉会長 馬渕 隆一逝去のお知らせ
2026-08-21,65940,ニデック,株主からの提訴請求について
2026-08-21,66250,ＪＡＬＣＯ ＨＤ,第14回無担保普通社債の発行に関するお知らせ
2026-08-21,66560,ＩＮＳＰＥＣ,第三者割当による第19回新株予約権（行使価額修正条項付）の払込完了に関するお知らせ
2026-08-21,68590,エスペック,2027年3月期 第1四半期決算説明資料
2026-08-21,69580,ＣＭＫ,譲渡制限付株式報酬としての新株式発行の払込完了に関するお知らせ
2026-08-21,70630,Ｇ－Ｂｉｒｄｍａｎ,第９回新株予約権の一部譲渡の承認に関するお知らせ
2026-08-21,70630,Ｇ－Ｂｉｒｄｍａｎ,第14回定時株主総会の付議議案の決定に関するお知らせ
2026-08-21,70650,ユーピーアール,組織変更及び人事異動等に関するお知らせ
2026-08-21,70680,Ｇ－ＦフォースＧ,連結子会社からの配当金の受領に関するお知らせ
2026-08-21,70980,Ｐ－エージェント,子会社の吸収合併並びに臨時株主総会招集のための基準日設定及び臨時株主総会の開催に関するお知らせ
2026-08-21,71610,じもとＨＤ,取得価額の修正に関するお知らせ
2026-08-21,72920,村上開明,譲渡制限付株式としての自己株式処分の割当完了に関するお知らせ
2026-08-21,73700,Ｇ－Ｅｎｊｉｎ,2027年5月期 月次売上（7月度）のお知らせ
2026-08-21,73780,Ｇ－アシロ,（開示事項の経過）本社移転日の決定に関するお知らせ
2026-08-21,74140,小野建,2027年3月期第1四半期 決算説明資料
2026-08-21,74330,伯東,株式報酬としての自己株式処分に関するお知らせ
2026-08-21,74340,オータケ,2026年5月期有価証券報告書の提出期限延長申請の検討に関するお知らせ
2026-08-21,74600,ヤギ,譲渡制限付株式報酬としての自己株式の処分の払込完了に関するお知らせ
2026-08-21,74770,ムラキ,2027年３月期第２四半期（中間期）連結業績予想および中間配当予想の修正に関するお知らせ
2026-08-21,74880,ヤガミ,2027年４月期 第１四半期決算短信[日本基準](連結)
2026-08-21,75090,アイエーＧ,（訂正・数値データ訂正）「2026年３月期 決算短信〔日本基準〕（連結）」の一部訂正について
2026-08-21,75090,アイエーＧ,（訂正・数値データ訂正）「2027年３月期 第１四半期決算短信〔日本基準〕（連結）」の一部訂正について
2026-08-21,75450,西松屋チェ,2027年２月期売上高前年比速報（８月度）
2026-08-21,75780,ニチリョク,支配株主等に関する事項について
2026-08-21,75780,ニチリョク,公益財団法人財務会計基準機構への加入状況及び加入に関する考え方等に関するお知らせ
2026-08-21,76090,ダイトロン,自己株式の取得結果及び取得終了ならびに自己株式の消却に関するお知らせ
2026-08-21,77070,Ｇ－ＰＳＳ,2026年６月期 決算説明会の実施について
2026-08-21,79060,ヨネックス,譲渡制限付株式報酬としての自己株式の処分の払込完了に関するお知らせ
2026-08-21,79440,ローランド,配当原資、配当支払開始予定日の変更および「2026年12月期第２四半期（中間期）決算短信〔日本基準〕(連結)」の一部変更に関するお知らせ
2026-08-21,79660,リンテック,自己株式立会外買付取引(ToSTNeT-3)による自己株式の買付けに関するお知らせ
2026-08-21,79900,グローブライド,譲渡制限付株式報酬としての自己株式の処分の払込完了に関するお知らせ
2026-08-21,80370,カメイ,譲渡制限付株式報酬としての自己株式の処分の払込完了及び一部失権に関するお知らせ
2026-08-21,80390,築地魚,譲渡制限付株式報酬としての自己株式の処分の払込完了に関するお知らせ
2026-08-21,81270,ヤマトインター,機構改革および人事異動について
2026-08-21,81380,三京化成,譲渡制限付株式報酬としての自己株式処分の割当完了に関するお知らせ
2026-08-21,81670,リテールパートナーズ,自己株式の取得状況及び取得終了に関するお知らせ
2026-08-21,83310,千葉銀,海外市場における米ドル建て無担保債の発行条件決定について
2026-08-21,83490,東北銀,取得価額の修正に関するお知らせ
2026-08-21,85590,豊和銀,取得価額に関するお知らせ
2026-08-21,87150,アニコム ＨＤ,2026年７月度 月次経営パラメータに関するお知らせ
2026-08-21,87470,豊トラスティ証券,連結総資産の増加に関するお知らせ
2026-08-21,87830,ａｂｃ,株主優待制度の一部変更および継続に関するお知らせ
2026-08-21,87830,ａｂｃ,（訂正）「個別業績における営業外収益（暗号資産売却益）の計上に関するお知らせ」の一部訂正に関して
2026-08-21,87830,ａｂｃ,株式会社Far East Innovatorsの株式交付（簡易株式交付）による子会社化に関するお知らせ
2026-08-21,87980,アドバンスクリエイト,2026年7月度 当社の業績概要について
2026-08-21,88870,シーラＨＤ,自己株式の取得結果及び取得終了に関するお知らせ
2026-08-21,89530,Ｒ－都市ファンド,国内資産（匿名組合出資持分）の取得に関するお知らせ【KJRM独自のCREカーブアウト戦略】
2026-08-21,89530,Ｒ－都市ファンド,本日のプレスリリースに関する補足説明資料
2026-08-21,89870,Ｒ－エクセレント,2026年6月期 決算短信（ＲＥＩＴ）
2026-08-21,89870,Ｒ－エクセレント,国内不動産信託受益権の譲渡及び国内不動産の譲渡に関するお知らせ（台場ガーデンシティビル・札幌大手町ビル・浦和SHビル）
2026-08-21,89870,Ｒ－エクセレント,2026年12月期の運用状況の予想の修正に関するお知らせ
2026-08-21,89870,Ｒ－エクセレント,第40期決算説明会資料
2026-08-21,90270,ロジネットＪ,立会外自己株式取得取引による自己株式の取得結果に関するお知らせ
2026-08-21,90480,名鉄,取締役等に対する譲渡制限付株式としての自己株式処分の払込完了及び一部失権に関するお知らせ
2026-08-21,90900,ＡＺ－ＣＯＭ丸和ＨＤ,（開示事項の経過）連結子会社間の組織再編（吸収合併）及び 商号変更に関するお知らせ
2026-08-21,91710,栗林船,譲渡制限付株式報酬としての自己株式の処分の払込完了に関するお知らせ
2026-08-21,92850,Ｉ－東京インフラＦ,2026年6月期（第17期）の分配金の予想と実績の差異及び2026年12月期（第18期）の分配金の予想の修正に関するお知らせ
2026-08-21,92850,Ｉ－東京インフラＦ,2026年6月期 決算短信（インフラファンド）
2026-08-21,93100,トランスシティ,自己株式の取得状況に関するお知らせ
2026-08-21,93220,川西倉庫,株式の売出しに関するお知らせ
2026-08-21,93460,Ｇ－ココルポート,取締役候補者の選任に関するお知らせ
2026-08-21,93990,ビート,株主提案の取下げ及び新たな株主提案の受領に関するお知らせ
2026-08-21,94190,ワイヤレスゲート,2026年12月期 第2四半期決算に関する質疑応答集
2026-08-21,94500,ファイバーゲート,役員人事に関するお知らせ
2026-08-21,95190,レノバ,2026年7月売電量のお知らせ
2026-08-21,96210,建設技研,第64期 第2四半期決算説明会_質疑応答概要
2026-08-21,96270,アインＨＤ,譲渡制限付株式報酬としての自己株式の処分に関するお知らせ
2026-08-21,96920,シーイーシー,2027年１月期通期連結業績予想の修正（上方修正）に関するお知らせ
2026-08-21,97990,旭情報,連結子会社の代表取締役の異動および役員人事（内定）に関するお知らせ
2026-08-21,98560,ケーユーＨＤ,譲渡制限付株式報酬としての自己株式の処分の払込完了に関するお知らせ
2026-08-21,98800,イノテック,取締役に対する譲渡制限付株式報酬としての自己株式の処分の払込完了に関するお知らせ
2026-08-21,99970,ベルーナ,譲渡制限付株式報酬としての自己株式の処分の払込完了及び一部失権に関するお知らせ
2026-08-24,13050,ｉＦＴＰＸ年１,2026年7月期（2025年7月11日～2026年7月10日）決算短信
2026-08-24,13200,ｉＦ２２５年１,2026年7月期（2025年7月11日～2026年7月10日）決算短信
2026-08-24,13264,Ｅ－ワールド,SPDRゴールド・シェアに関する日々の開示事項
2026-08-24,13294,Ｅ－ブラックロック,上場ETF（管理会社：ブラックロック・ジャパン）に関する日々の開示事項
2026-08-24,13494,Ｅ－ＳＳＧＡ－ＳＩＮ,アジア国債・公債ＥＴＦ（正式名称：ＡＢＦ汎アジア債券インデックス・ファンド）に関する日々の開示事項
2026-08-24,13650,ｉＦ２２５ダブル,2027年1月期 中間決算短信（2026年1月11日～2026年7月10日）
2026-08-24,13660,ｉＦ２２５Ｗベア,2027年1月期 中間決算短信（2026年1月11日～2026年7月10日）
2026-08-24,13670,ｉＦＴＰＸダブル,2027年1月期 中間決算短信（2026年1月11日～2026年7月10日）
2026-08-24,13680,ｉＦＴＰＸＷベア,2027年1月期 中間決算短信（2026年1月11日～2026年7月10日）
2026-08-24,13970,ＳＭＤＡＭ ２２５,ＥＴＦの名称変更にかかる約款変更のお知らせ
2026-08-24,13980,ＳＭＤＡＭ Ｊリート,ＥＴＦの名称変更にかかる約款変更のお知らせ
2026-08-24,14470,Ｇ－ＳＡＡＦＨＤ,株主意思確認総会（第１号議案）において議決権行使が認められない利害関係者に関するお知らせ
2026-08-24,14560,ｉＦ２２５ベア,2027年1月期 中間決算短信（2026年1月11日～2026年7月10日）
2026-08-24,14570,ｉＦＴＰＸベア,2027年1月期 中間決算短信（2026年1月11日～2026年7月10日）
2026-08-24,14660,ｉＦＪ４００Ｗベア,2027年1月期 中間決算短信（2026年1月11日～2026年7月10日）
2026-08-24,14790,ｉＦＭＳＣＩ人材設備,2026年7月期（2026年1月11日～2026年7月10日）決算短信
2026-08-24,14790,ｉＦＭＳＣＩ人材設備,「iFreeETF MSCI日本株人材設備投資指数」基準価額と市場価格の重要な乖離に関するお知らせ
2026-08-24,15574,Ｅ－ＳＳＧＡＴＣ,State Street SPDR S&P500 ETFに関する日々の開示事項
2026-08-24,15850,ｉＦＥＸ－Ｆ,2026年7月期（2026年1月11日～2026年7月10日）決算短信
2026-08-24,15990,ｉＦＪＰＸ日経４００,2026年7月期（2026年1月11日～2026年7月10日）決算短信
2026-08-24,16520,ｉＦ女性活躍ＷＩＮ,2026年7月期（2026年1月11日～2026年7月10日）決算短信
2026-08-24,16530,ｉＦＥＳＧセレクト,2026年7月期（2026年1月11日～2026年7月10日）決算短信
2026-08-24,16540,ｉＦブロッサム,2026年7月期（2026年1月11日～2026年7月10日）決算短信
2026-08-24,16714,Ｅ－シンプレクス,上場ＥＴＦ(管理会社：シンプレクス・アセット・マネジメント)に関する日々の開示事項
2026-08-24,16724,Ｅ－ＷｉｓｄｏｍＴｒ,上場ETF（管理会社：WisdomTree、外国投資法人：MSL）に関する日々の開示事項
2026-08-24,16724,Ｅ－ＷｉｓｄｏｍＴｒ,上場ETF（管理会社：WisdomTree、外国投資法人：CSL）に関する日々の開示事項
2026-08-24,179A0,ＧＸ超長期米国債Ｈ,ETFの収益分配のお知らせ
2026-08-24,180A0,ＧＸ超長期米国債,ETFの収益分配のお知らせ
2026-08-24,19090,日本ドライケミカル,株式併合、単元株式数の定めの廃止及び定款一部変更に係る承認決議に関するお知らせ
2026-08-24,190A0,Ｇ－Ｃｈｏｒｄｉａ,第三者割当による行使価額修正条項付第 12 回新株予約権（停止指定条項付）の発行並びに第９回新株予約権（行使価額修正条項付）の取得及び消却に関するお知らせ
2026-08-24,190A0,Ｇ－Ｃｈｏｒｄｉａ,（開示事項の変更）第10回及び第11回新株予約権に係る資金使途の変更に関するお知らせ
2026-08-24,190A0,Ｇ－Ｃｈｏｒｄｉａ,第10回及び第11回新株予約権の行使停止指定に関するお知らせ
2026-08-24,19380,日リーテック,取締役及び執行役員に対する譲渡制限付株式としての自己株式処分の払込完了に関するお知らせ
2026-08-24,20110,ＳＭＤＡＭ日本高配当,ＥＴＦの名称変更にかかる約款変更のお知らせ
2026-08-24,20180,ＧＸＵＳリート２０,ETFの収益分配のお知らせ
2026-08-24,20704,Ｎ－三菱ＵＦＪ証ＨＤ,上場ETN（発行者：三菱UFJ証券ホールディングス株式会社）に関する日々の開示事項
2026-08-24,207A0,Ｐ－ライジング,（開示事項の変更）「固定資産の取得に関するお知らせ」の一部変更について
2026-08-24,20960,ＧＸオフィスＪリート,ETFの収益分配のお知らせ
2026-08-24,20970,ＧＸ住宅Ｊリート,ETFの収益分配のお知らせ
2026-08-24,20980,ＧＸホテリテＪリート,ETFの収益分配のお知らせ
2026-08-24,21080,甜菜糖,自己株式立会外買付取引（ToSTNeT-3）による自己株式の取得結果及び自己株式取得終了並びに自己株式の消却に関するお知らせ
2026-08-24,21080,甜菜糖,（開示事項の変更）株式分割により増加する株式等の変更に関するお知らせ
2026-08-24,21600,Ｇ－ＧＮＩ,主要株主の異動に関するお知らせ
2026-08-24,21640,地域新聞社,（開示事項の経過）当社新株予約権の（一部）取得に係る非適格者等の確定及び当社新株予約権の消却に関するお知らせ
2026-08-24,22060,グリコ,社外監査役の辞任に関するお知らせ
2026-08-24,23230,ｆｏｎｆｕｎ,連結子会社（株式会社YNP）によるインサイドグロース株式会社のカスタマー派遣事業譲受に関するお知らせ
2026-08-24,23230,ｆｏｎｆｕｎ,連結子会社（株式会社YNP）によるインサイドグロース株式会社のカスタマー派遣事業譲受に関する補足説明資料
2026-08-24,23380,クオンタムＳ,第三者割当による新株式及び新株予約権並びに新株予約権付社債の払込完了、第13回新株予約権の取得・消却、第４回転換社債型新株予約権付社債の繰上償還
2026-08-24,23380,クオンタムＳ,（変更）第三者割当による新株式及び第16回新株予約権、第17回新株予約権及び第６回新株予約権付社債（転換価額修正条項付）の発行の一部変更
2026-08-24,234A0,ＧＸＣＦキング日株,ETFの収益分配のお知らせ
2026-08-24,235A0,ＧＸ高配当３０日株,ETFの収益分配のお知らせ
2026-08-24,24320,ディーエヌエー,2027年３月期 株主優待の内容決定に関するお知らせ
2026-08-24,245A0,Ｇ－ＩＮＧＳ,配当方針の変更及び2026年８月期配当予想の修正（初配）に関するお知らせ
2026-08-24,24770,手間いらず,（訂正）「2026年６月期（第23期） 決算説明資料」の一部訂正に関するお知らせ
2026-08-24,25570,ＳＭＤＡＭトピックス,ＥＴＦの名称変更にかかる約款変更のお知らせ
2026-08-24,25650,ＧＸロジＪリート,ETFの収益分配のお知らせ
2026-08-24,265A0,Ｇ－エイチエムコム,AIネイティブ型「1人カンパニー」事業モデル実証プロジェクト開始に関するお知らせ
2026-08-24,27690,ヴィレッジＶ,財務会計基準機構への加入状況について
2026-08-24,276A0,Ｇ－ククレブ,当社の従業員に対する譲渡制限付株式報酬としての新株式の発行の払込完了および一部失権に関するお知らせ
2026-08-24,27960,ファーマライズＨＤ,支配株主等に関する事項について
2026-08-24,28550,ＧＸグリＪリート,ETFの収益分配のお知らせ
2026-08-24,28640,ＧＸロジリート,ETFの収益分配のお知らせ
2026-08-24,28830,大冷,支配株主等に関する事項について
2026-08-24,29180,わらべや,組織変更および役員等の異動に関するお知らせ
2026-08-24,30630,Ｇ－ｊＧｒｏｕｐ,第三者割当による第６回新株予約権（行使価額修正条項付）及び第７回新株予約権（行使価 額修正条項付）発行に係る払込完了に関するお知らせ
2026-08-24,30630,Ｇ－ｊＧｒｏｕｐ,第７回新株予約権（行使価額修正条項付）に係る行使停止指定の通知に関するお知らせ
2026-08-24,31480,クリエイトＳＤＨ,支配株主等に関する事項について
2026-08-24,31890,ＡＮＡＰ,第９回新株予約権の取得及び消却、第三者割当による新株式、 第11回新株予約権、第12回新株予約権及びＡ種種類株式の発行並びに定款の一部変更
2026-08-24,31890,ＡＮＡＰ,株主優待制度の一部内容の変更に関するお知らせ
2026-08-24,323A0,Ｇ－フライヤー,連結子会社における新たな事業の開始に関するお知らせ
2026-08-24,32820,Ｒ－コンフォリア,資金の借入れ及び既存借入金の返済に関するお知らせ
2026-08-24,32970,東武住販,令和８年熊本地震に関するお知らせ（第2報）
2026-08-24,33460,ヒロタグループＨＤ,（開示事項の経過）本店移転及び定款一部変更に関するお知らせ
2026-08-24,34260,アトムリビン,剰余金の配当に関するお知らせ
2026-08-24,34620,Ｒ－ＮＭＦ,資金の借入れ（金利決定）に関するお知らせ
2026-08-24,349A0,ＳＭＤＡＭ日本グロ株,ＥＴＦの名称変更にかかる約款変更のお知らせ
2026-08-24,35830,オーベクス,（開示事項の経過）令和８年８月千葉豪雨における被害に関するお知らせ
2026-08-24,36640,Ｇ－ＷＩＺＥ,第三者割当により発行された第39回新株予約権（行使価額修正条項付）の大量行使に関するお知らせ
2026-08-24,36750,クロスマーケティング,2026年6月期通期決算・会社説明資料
2026-08-24,368A0,北里,非上場の親会社等の決算情報に関するお知らせ
2026-08-24,36960,セレス,今期（2026年12月期）の株主優待の実施に関するお知らせ
2026-08-24,37600,ケイブ,第32回定時株主総会 株主の皆様が関心をお持ちと思われる事項について
2026-08-24,37960,いい生活,2026年7月度 月次概況（速報）に関するお知らせ
2026-08-24,380A0,ＧＸチャイナテック,2026年7月期（2026年1月11日～2026年7月10日）決算短信
2026-08-24,38560,Ａｂａｌａｎｃｅ,第27期定時株主総会の継続会開催取りやめに関するお知らせ
2026-08-24,38560,Ａｂａｌａｎｃｅ,臨時株主総会の開催及び付議議案の決定に関するお知らせ
2026-08-24,38630,日本紙,保有株式の売却に関するお知らせ（経過報告）
2026-08-24,40590,まぐまぐ,2026年９月期第３四半期 決算説明資料
2026-08-24,40680,Ｇ－ベイシス,定款一部変更に関するお知らせ
2026-08-24,40730,Ｇ－ジィ・シィ企画,株式の立会外分売終了および主要株主の異動に関するお知らせ
2026-08-24,43810,Ｇ－ビープラッツ,第三者割当により発行された第７回新株予約権（行使価額修正条項付）の大量行使に関するお知らせ
2026-08-24,44780,Ｇ－フリー,定款一部変更に関するお知らせ
2026-08-24,452A0,ｉＳＳＰカバコ,"iシェアーズ プレミアムインカム ETF (452A, 453A) の連動対象指数のメソドロジー変更のお知らせ"
2026-08-24,453A0,ｉＳ米債カバコ,"iシェアーズ プレミアムインカム ETF (452A, 453A) の連動対象指数のメソドロジー変更のお知らせ"
2026-08-24,45910,Ｇ－リボミック,軟骨無形成症治療薬（umedaptanib pegol）の国内第III相臨床試験：実施医療機関拡充完了（計画施設数到達）のお知らせ
2026-08-24,47120,ＫｅｙＨ,（経過開示）株主優待“ライブチケット抽選”企画に関するご案内 （ご提供コンテンツ「ＳＫＥ48」の情報更新）
2026-08-24,502A0,ＧＸ超短期円建債券,2026年7月期（2026年1月27日～2026年7月10日）決算短信
2026-08-24,512A0,ＧＸステコ＆トークン,ETFの収益分配のお知らせ
2026-08-24,513A0,ＧＸ防衛テック日株,ETFの収益分配のお知らせ
2026-08-24,53010,東海カーボン,自己株式の消却に関するお知らせ
2026-08-24,54800,冶金工,譲渡制限付株式報酬としての自己株式処分の払込完了に関するお知らせ
2026-08-24,56180,Ｇ－ナイル,資金の借入（新規）に関するお知らせ
2026-08-24,56180,Ｇ－ナイル,2026年 第2四半期 決算説明会 書き起こし
2026-08-24,58380,楽天銀行,株主優待制度の実施に関するお知らせ（2026年９月末基準）
2026-08-24,585A4,Ｅ－ＪＡＭＰＦＭ,上場ETF（管理会社：JAMPファンド・マネジメント）に関する日々の開示事項
2026-08-24,587A4,Ｅ－インベスコＱＱＱ,インベスコQQQトラスト シリーズ1 に関する日々の開示事項
2026-08-24,59430,ノーリツ,投資有価証券売却益（特別利益）の計上見込みに関するお知らせ
2026-08-24,59790,カネソウ,株式分割、株式分割に伴う定款の一部変更及び配当予想の修正に関するお知らせ
2026-08-24,59830,イワブチ,自己株式立会外買付取引(ToSTNeT-3)による自己株式の買付に関するお知らせ
2026-08-24,607A0,Ｇ－エブリー,投資家の皆様から多く寄せられた質問と回答（2026年6月期通期決算）
2026-08-24,60810,Ｇ－アライドアーキ,子会社の設立に関するお知らせ
2026-08-24,60890,ウィルグループ,当社取締役 COO 村上 秀夫による当社株式の取得に関するお知らせ
2026-08-24,60890,ウィルグループ,募集型新株予約権（有償ストック・オプション）の発行に関するお知らせ
2026-08-24,616A0,Ｐ－数理技研,東京証券取引所 TOKYO PRO Marketへの上場のお知らせ
2026-08-24,616A0,Ｐ－数理技研,東京証券取引所 TOKYO PRO Market上場に伴う決算情報等のお知らせ
2026-08-24,616A0,Ｐ－数理技研,東京証券取引所 TOKYO PRO Marketへの上場目的の開示
2026-08-24,616A0,Ｐ－数理技研,流動性プロバイダーの指定のお知らせ
2026-08-24,62280,ジェイ・イー・ティ,取締役候補者選任に関するお知らせ
2026-08-24,62320,Ｇ－ＡＣＳＬ,海外募集による新株式発行に関するお知らせ
2026-08-24,62320,Ｇ－ＡＣＳＬ,海外募集による新株式発行に関する補足説明資料
2026-08-24,62390,ナガオカ,支配株主等に関する事項について
2026-08-24,62390,ナガオカ,非上場の親会社等の決算に関するお知らせ
2026-08-24,62390,ナガオカ,中期経営計画の策定に関するお知らせ
2026-08-24,63230,ローツェ,当社子会社による中国現地法人(孫会社)設立に関するお知らせ
2026-08-24,65350,アイモバイル,第三者割当による第２回有償新株予約権の発行に関するお知らせ
2026-08-24,65350,アイモバイル,業績連動型第３回有償新株予約権（有償ストック・オプション）の発行に関するお知らせ
2026-08-24,65350,アイモバイル,第５回新株予約権（税制適格ストック・オプション）の発行に関するお知らせ
2026-08-24,65350,アイモバイル,（開示事項の変更）自己株式の消却中止に関するお知らせ
2026-08-24,65480,Ｇ－旅工房,取締役候補者の選任に関するお知らせ
2026-08-24,65720,オープンＧ,オープングループ株式会社（証券コード：6572）に対する公開買付けに準ずる行為として政令で定める買集め行為に関するお知らせ
2026-08-24,65740,Ｇ－コンヴァノ,株主優待制度の廃止に関するお知らせ
2026-08-24,65740,Ｇ－コンヴァノ,株式併合及び定款の一部変更に関するお知らせ
2026-08-24,65740,Ｇ－コンヴァノ,自己株式の取得に係る事項の決定に関するお知らせ
2026-08-24,65740,Ｇ－コンヴァノ,特定の株主からの自己株式の取得に関するお知らせ
2026-08-24,65740,Ｇ－コンヴァノ,剰余金の処分（欠損填補）に関するお知らせ
2026-08-24,65740,Ｇ－コンヴァノ,第４回普通社債の繰上償還に関するお知らせ
2026-08-24,66350,大日光,（訂正・数値データ訂正）「2026年12月期 第2四半期（中間期）決算短信〔日本基準〕(連結)」の一部訂正について
2026-08-24,66380,Ｍｉｍａｋｉ,取締役等に対する譲渡制限付株式報酬としての自己株式処分の払込完了に関するお知らせ
2026-08-24,66750,サクサ,事業構造変革に伴うネクストキャリア支援制度（転進支援制度）の実施結果について
2026-08-24,66960,Ｇ－トラースＯＰ,当社に対する損害賠償請求訴訟の提起に関するお知らせ
2026-08-24,67400,ＪＤＩ,（開示事項の経過）鳥取工場の譲渡完了及び特別利益の計上のお知らせ
2026-08-24,69880,日東電,自己株式の取得結果および取得終了に関するお知らせ
2026-08-24,70300,スプリックス,完全子会社の吸収合併（簡易合併・略式合併）に関するお知らせ
2026-08-24,70480,Ｇ－ベルトラ,保有株式（株式会社テーブルクロス優先株式）の売却に関するお知らせ
2026-08-24,70630,Ｇ－Ｂｉｒｄｍａｎ,（訂正）「第14回定時株主総会の付議議案の決定に関するお知らせ」の一部訂正に関するお知らせ
2026-08-24,70680,Ｇ－ＦフォースＧ,支配株主等に関する事項について
2026-08-24,70980,Ｐ－エージェント,「TOKYO PRO Marketへの上場目的の開示」に関するお知らせ
2026-08-24,71340,アップガレージＧ,2027年３月期 第１四半期決算 質疑応答集
2026-08-24,71620,アストマックス,取締役に対する譲渡制限付株式報酬としての自己株式の処分の払込完了に関するお知らせ
2026-08-24,72830,愛三工,譲渡制限付株式報酬としての自己株式の処分の払込完了に関するお知らせ
2026-08-24,73140,小田原機,主要株主である筆頭株主の異動（予定）及び公開買付けに準ずる行為として政令で定める買集め行為に関するお知らせ
2026-08-24,77220,国際計測,親会社等の決算に関するお知らせ
2026-08-24,77460,岡本硝子,行使価額修正条項付新株予約権の大量行使に関するお知らせ
2026-08-24,77810,平山,剰余金の配当に関するお知らせ
2026-08-24,77810,平山,定款一部変更に関するお知らせ
2026-08-24,77810,平山,取締役候補者及び監査役候補者の選任に関するお知らせ
2026-08-24,77810,平山,資金の借入に関するお知らせ
2026-08-24,78510,カワセコンピュ,譲渡制限付株式報酬としての自己株式の処分の払込完了に関するお知らせ
2026-08-24,79660,リンテック,売出株式数の変更に関するお知らせ
2026-08-24,79660,リンテック,自己株式立会外買付取引(ToSTNeT-3)による自己株式の取得結果及び取得終了に関するお知らせ
2026-08-24,81320,シナネンＨＤ,自己株式の取得状況及び取得終了に関するお知らせ
2026-08-24,82520,丸井Ｇ,2031年満期ユーロ円建取得条項付転換社債型新株予約権付社債の発行条件等の決定に関するお知らせ
2026-08-24,82520,丸井Ｇ,2031年満期ユーロ円建取得条項付転換社債型新株予約権付社債の発行に関するお知らせ
2026-08-24,82520,丸井Ｇ,ユーロ円CB発行および自己株式取得に関する補足説明資料
2026-08-24,82520,丸井Ｇ,自己株式立会外買付取引（ToSTNeT-３）による自己株式の買付けに関するお知らせ
2026-08-24,83430,秋田銀,株式分割、株式分割にともなう定款の一部変更および配当予想の修正ならびに株主優待制度の変更に関するお知らせ
2026-08-24,83450,岩手銀,譲渡制限付株式報酬としての自己株式の処分の払込完了に関するお知らせ
2026-08-24,85180,アジア投資,連結子会社における固定資産の譲渡及び特別損失発生に関するお知らせ
2026-08-24,85180,アジア投資,子会社の商号の変更に関するお知らせ
2026-08-24,85720,アコム,（訂正・数値データ訂正） 「2027年３月期 第１四半期決算短信〔日本基準〕（連結）」の一部訂正について
2026-08-24,85720,アコム,（訂正・数値データ訂正）「2026年３月期 決算短信〔日本基準〕（連結）」の一部訂正について
2026-08-24,87830,ａｂｃ,執行役員の選任に関するお知らせ
2026-08-24,88940,ＲＥＶＯＬＵＴＩＯＮ,改善計画の策定方針に関するお知らせ
2026-08-24,89560,Ｒ－ＮＴＴ都市開発Ｒ,規約変更及び役員選任に関するお知らせ
2026-08-24,89560,Ｒ－ＮＴＴ都市開発Ｒ,資金の借入（グリーンローン）に関するお知らせ
2026-08-24,89640,Ｒ－三井不商業,コミットメントライン契約期限の延長に関するお知らせ
2026-08-24,90050,東急,自己株式の取得状況および取得終了に関するお知らせ
2026-08-24,90280,ゼロ,2026年6月期 決算説明会資料
2026-08-24,91660,Ｇ－ＧＥＮＤＡ,株式会社サンリオとの業務提携契約締結に関するお知らせ
2026-08-24,91700,成友興業,株式の立会外分売実施に関するお知らせ
2026-08-24,92190,Ｇ－ギックス,剰余金の配当（期末配当）に関するお知らせ
2026-08-24,92410,Ｇ－ＦＬＮ,会社分割（簡易新設分割）による子会社設立に関するお知らせ
2026-08-24,92490,日本エコシステム,連結子会社からの配当金受領に関するお知らせ
2026-08-24,92790,ギフトＨＤ,連結業績予想の修正に関するお知らせ
2026-08-24,93350,Ｐ－テクノＣ,TOKYO PRO Marketへの上場目的の開示について
2026-08-24,93370,Ｇ－トリドリ,2026年12月期 第２四半期決算説明動画と書き起こし公開のお知らせ
2026-08-24,94080,ＢＳＮメディアＨＤ,株式給付信託（BBT-RS）への追加拠出に伴う自己株式の処分に関するお知らせ
2026-08-24,95010,東電力ＨＤ,原子力損害賠償・廃炉等支援機構からの資金の交付について
2026-08-24,95330,東邦瓦斯,譲渡制限付株式報酬としての自己株式の処分の払込完了に関するお知らせ
2026-08-24,97060,日空ビル,2027年３月期第１四半期決算短信〔日本基準〕（連結）（公認会計士等による期中レビューの完了）
2026-08-24,97060,日空ビル,株式の売出しに関するお知らせ
2026-08-24,97060,日空ビル,自己株式取得に係る事項の決定及び自己株式の消却に関するお知らせ
2026-08-24,98610,吉野家ＨＤ,自己株式の取得状況及び取得終了に関するお知らせ （会社法第165条第２項の規定による定款の定めに基づく自己株式の取得）
2026-08-24,99080,日本電計,第５回ストック・オプション（新株予約権）発行内容確定のお知らせ
2026-08-24,99130,日邦産業,「中期経営計画2028」策定に関するお知らせ
2026-08-24,99840,ソフトバンクグループ,第70回無担保普通社債の発行に関するお知らせ
2026-08-25,13210,ＮＦ日経２２５,上場投資信託（ETF）の受益権分割および売買単位変更に関するお知らせ
2026-08-25,13264,Ｅ－ワールド,SPDRゴールド・シェアに関する日々の開示事項
2026-08-25,13280,ＮＦ金価格,上場投資信託（ETF）の受益権分割および売買単位変更に関するお知らせ
2026-08-25,13294,Ｅ－ブラックロック,上場ETF（管理会社：ブラックロック・ジャパン）に関する日々の開示事項
2026-08-25,13494,Ｅ－ＳＳＧＡ－ＳＩＮ,アジア国債・公債ＥＴＦ（正式名称：ＡＢＦ汎アジア債券インデックス・ファンド）に関する日々の開示事項
2026-08-25,15460,ダウヘッジ無,上場投資信託（ETF）の受益権分割および売買単位変更に関するお知らせ
2026-08-25,15574,Ｅ－ＳＳＧＡＴＣ,State Street SPDR S&P500 ETFに関する日々の開示事項
2026-08-25,15700,ＮＦ日経レバ,上場投資信託（ETF）の受益権分割および売買単位変更に関するお知らせ
2026-08-25,15770,ＮＦ日本高配当７０,上場投資信託（ETF）の受益権分割および売買単位変更に関するお知らせ
2026-08-25,15770,ＮＦ日本高配当７０,上場投資信託（ETF）の基準価額表示単位の変更に関するお知らせ
2026-08-25,15910,ＮＦＪＰＸ４００,上場投資信託（ETF）の受益権分割および売買単位変更に関するお知らせ
2026-08-25,16714,Ｅ－シンプレクス,上場ＥＴＦ(管理会社：シンプレクス・アセット・マネジメント)に関する日々の開示事項
2026-08-25,16724,Ｅ－ＷｉｓｄｏｍＴｒ,上場ETF（管理会社：WisdomTree、外国投資法人：MSL）に関する日々の開示事項
2026-08-25,16724,Ｅ－ＷｉｓｄｏｍＴｒ,上場ETF（管理会社：WisdomTree、外国投資法人：CSL）に関する日々の開示事項
2026-08-25,17240,シンクレイヤ,2026年12月期 中間決算補足説明資料
2026-08-25,17880,三東工業,公益財団法人財務会計基準機構への加入状況について
2026-08-25,18220,大豊建,株式会社UNICONホールディングス(証券コード：407A)の株式取得及び資本業務提携契約の締結に関するお知らせ
2026-08-25,189A0,Ｇ－Ｄ＆Ｍカンパニー,固定資産（土地）の取得及び取得資産の賃貸並びに資金の借入れに関するお知らせ
2026-08-25,190A0,Ｇ－Ｃｈｏｒｄｉａ,CLK阻害薬rogocekibの日本における再発又は難治性急性骨髄性白血病を対象とした希少疾病用医薬品指定に関するお知らせ
2026-08-25,19250,大和ハウス,事後交付型譲渡制限付株式報酬及び業績連動型譲渡制限付株式報酬としての新株式の発行の払込完了に関するお知らせ
2026-08-25,19480,弘電社,株式併合、単元株式数の定めの廃止及び定款の一部変更に関する承認決議のお知らせ
2026-08-25,19510,エクシオグループ,譲渡制限付株式報酬としての自己株式の処分の払込完了に関するお知らせ
2026-08-25,20150,ｉＦ米国債７１０Ｈ無,iFreeETFの収益分配のお知らせ
2026-08-25,20160,ｉＦ米国債７１０Ｈ有,iFreeETFの収益分配のお知らせ
2026-08-25,20704,Ｎ－三菱ＵＦＪ証ＨＤ,上場ETN（発行者：三菱UFJ証券ホールディングス株式会社）に関する日々の開示事項
2026-08-25,21170,ウェルネオシュガー,持分法適用関連会社の異動（株式譲渡）に関するお知らせ
2026-08-25,22640,森永乳,株主優待制度および株主優待基準日の変更に関する補足説明資料
2026-08-25,22640,森永乳,株主優待制度および株主優待基準日の変更に関するお知らせ
2026-08-25,23040,ＣＳＳＨＤ,TechMagic株式会社への出資に関するお知らせ
2026-08-25,23110,エプコ,2026年7月度 月次業績に関するお知らせ
2026-08-25,23880,Ｇ－ウェッジＨＤ,完全子会社の吸収合併（簡易合併・略式合併）に関するお知らせ
2026-08-25,278A0,Ｇ－テラドローン,防衛装備庁の「迎撃ドローン早期取得プログラム」における実証試験の通過のお知らせ
2026-08-25,29140,ＪＴ,連結子会社からの配当金受領に関するお知らせ
2026-08-25,30100,ポラリスＨＤ,『月次経営レポート』公表に関するお知らせ（2026 年7 月度）
2026-08-25,31010,東洋紡,エルサルバドル子会社の事業休止に関するお知らせ
2026-08-25,31060,クラボウ,自己株式の取得状況および取得終了に関するお知らせ
2026-08-25,31330,Ｇ－海帆,簡易株式交換によるスペーム株式会社の完全子会社化完了に関するお知らせ
2026-08-25,32600,エスポア,系統用蓄電池用地及び発電設備等への送電系統に係る権利の売却に関するお知らせ
2026-08-25,32950,Ｒ－ヒューリックＲＥ,借入金の期限前弁済に関するお知らせ
2026-08-25,33090,Ｒ－積水ハウスリート,保有物件に係るプロパティ・マネジメント会社及びマスターリース会社の変更に関するお知らせ（エスティメゾン亀戸他2物件）
2026-08-25,33610,トーエル,譲渡制限付株式報酬としての新株式の発行の払込完了に関するお知らせ
2026-08-25,34630,Ｒ－いちごホテル,ホテル運営状況のお知らせ（2026年7月度）
2026-08-25,34680,Ｒ－スターアジア,ホテル運営状況に関するお知らせ（2026年7月度）
2026-08-25,34760,Ｒ－投資法人みらい,変動賃料物件（ホテル）の運用状況についてのお知らせ（2026年7月）
2026-08-25,35970,自重堂,役員の異動に関するお知らせ
2026-08-25,36070,クラウディアＨＤ,連結子会社の事業廃止に伴う事業整理損（連結決算）の計上、及び連結子会社への増資に伴う子会社支援損失引当金繰入額（個別決算）の計上に関するお知らせ
2026-08-25,36970,ＳＨＩＦＴ,報告セグメントの変更に関するお知らせ
2026-08-25,36970,ＳＨＩＦＴ,特例子会社（株式会社SHIFT HAP）設立に関するお知らせ
2026-08-25,36970,ＳＨＩＦＴ,当社子会社（DICO株式会社）の吸収合併（簡易合併）に関するお知らせ
2026-08-25,37500,ＡＤＲバイオメディカ,株主優待制度の継続に関するお知らせ
2026-08-25,37770,Ｇ－環境フレンドリー,第21回新株予約権の行使完了ならびに資本金の増加に関するお知らせ
2026-08-25,378A0,Ｇ－ヒット,代表取締役および役員の異動に関するお知らせ
2026-08-25,38560,Ａｂａｌａｎｃｅ,当社株式の上場廃止の決定及び整理銘柄指定に関するお知らせ
2026-08-25,39230,ラクス,株式追加取得（持分法適用関連会社化）に伴う資金の借入および特殊当座借越契約の締結に関するお知らせ
2026-08-25,39270,フーバーブレイン,2027年３月期 第１四半期決算説明会動画及び資料公開について
2026-08-25,39460,トーモク,自己株式の取得状況及び取得終了に関するお知らせ
2026-08-25,39510,朝日印刷,（変更）「人事異動に関するお知らせ」の一部変更について
2026-08-25,39580,笹徳印刷,役員の異動に関するお知らせ
2026-08-25,39580,笹徳印刷,株主優待制度の導入に関するお知らせ
2026-08-25,39970,トレードワークス,自己株式の取得及び自己株式立会外買付取引（ToSTNeT-３）による自己株式の買付けに関するお知らせ
2026-08-25,40040,レゾナックＨＤ,クラサスケミカル（石油化学事業）のパーシャル・スピンオフの実行に関する決議のお知らせ
2026-08-25,40150,Ｇ－ペイクラウドＨＤ,2026年7月 月次業績報告
2026-08-25,40400,南海化学,2027年３月期 第１四半期決算説明資料
2026-08-25,407A0,ＵＮＩＣＯＮ ＨＤ,大豊建設株式会社との資本業務提携契約の締結及び主要株主の異動に関するお知らせ
2026-08-25,41000,戸田工,（開示事項の経過）持分法適用関連会社の異動（出資持分譲渡）に関する持分譲渡実行日及び合弁解消日確定のお知らせ
2026-08-25,41780,Ｇ－Ｓイノベーション,株式会社Orchestra Holdingsによる株式会社Sharing Innovationsの完全子会社化に関する株式交換契約締結（簡易株式交換）のお知らせ
2026-08-25,41780,Ｇ－Ｓイノベーション,臨時株主総会招集のための基準日設定に関するお知らせ
2026-08-25,418A0,ウリドキ,投資家の皆さまからの主なご質問と当社の成長戦略に関する見解（2026年８月）
2026-08-25,42720,日化薬,日本化薬従業員持株会向け譲渡制限付株式としての自己株式の処分に関するお知らせ
2026-08-25,43260,インテージＨＤ,従業員持株会向け譲渡制限付株式インセンティブとしての自己株式の処分に関するお知らせ
2026-08-25,43260,インテージＨＤ,自己株式取得に係る事項の決定に関するお知らせ（会社法第165条第2項の規定による定款の定めに基づく自己株式の取得）
2026-08-25,43260,インテージＨＤ,剰余金の配当に関するお知らせ
2026-08-25,43260,インテージＨＤ,株主提案に対する当社取締役会意見に関するお知らせ
2026-08-25,43260,インテージＨＤ,商号の変更および定款の一部変更に関するお知らせ
2026-08-25,43810,Ｇ－ビープラッツ,主要株主の異動に関するお知らせ
2026-08-25,43850,メルカリ,自己株式の取得結果及び取得終了並びに自己株式の消却に関するお知らせ
2026-08-25,43930,Ｇ－バンクオブイノベ,連結子会社の商号変更、代表取締役の異動及び会社分割（簡易新設分割）による子会社（孫会社）設立に関するお知らせ
2026-08-25,44180,Ｇ－ＪＤＳＣ,譲渡制限付株式（報酬）としての新株式発行に関するお知らせ
2026-08-25,44180,Ｇ－ＪＤＳＣ,有償ストック・オプション（新株予約権）の発行に関するお知らせ
2026-08-25,44220,Ｇ－ＶＡＬＵＥＮＥＸ,2026年７月期通期業績予想（連結・個別）に関するお知らせ
2026-08-25,44240,Ｇ－Ａｍａｚｉａ,業績予想の修正に関するお知らせ
2026-08-25,44240,Ｇ－Ａｍａｚｉａ,非連結子会社の異動（株式譲渡）及び特別利益の計上に関するお知らせ
2026-08-25,45630,Ｇ－アンジェス,(訂正)新株予約権(46)の取得消却、第２回社債の償還と新株予約権(47行使価額修正、48)、第２回新株予約権付社債の発行、GP社との事業提携契約
2026-08-25,45740,大幸薬品,東京証券取引所スタンダード市場への市場区分変更申請に関するお知らせ
2026-08-25,45840,Ｇ－キッズ・バイオ,株式報酬型ストック・オプション（新株予約権）の発行内容確定に関するお知らせ
2026-08-25,47160,日本オラクル,人事異動に関するお知らせ
2026-08-25,47160,日本オラクル,執行役員および理事の人事異動に関するお知らせ
2026-08-25,47160,日本オラクル,支配株主等に関する事項について
2026-08-25,47760,ＣＹＢＯＺＵ,2026年７月度 月次売上高推移のお知らせ
2026-08-25,485A0,Ｇ－パワーエックス,（開示事項の経過）海外市場向け大型蓄電システムの初受注に関するお知らせ
2026-08-25,48910,Ｇ－ティムス,（訂正）「2026年12月期第２四半期（中間期）決算説明資料」の一部訂正に関するお知らせ
2026-08-25,50740,テスホールディングス,剰余金の配当に関するお知らせ
2026-08-25,50740,テスホールディングス,取締役選任議案及び取締役の異動に関するお知らせ
2026-08-25,507A0,Ｐ－デジタルナレッジ,（訂正）「2026年11月期 中間決算短信〔日本基準〕(連結)」の一部訂正について
2026-08-25,51870,クリエート,自己株式の取得状況および取得終了に関するお知らせ
2026-08-25,52440,Ｇ－ｊｉｇ．ｊｐ,自己株式取得に係る事項の決定に関するお知らせ
2026-08-25,52440,Ｇ－ｊｉｇ．ｊｐ,自己株式立会外買付取引(ToSTNeT-3)による自己株式の買付に関するお知らせ
2026-08-25,52710,トーヨーアサノ,2027年2月期第2四半期（中間期）及び通期連結業績予想の修正に関するお知らせ
2026-08-25,52710,トーヨーアサノ,取締役の辞任及び人事異動に関するお知らせ
2026-08-25,52790,日本興業,譲渡制限付株式報酬としての自己株式処分に関するお知らせ
2026-08-25,53020,日カーボン,株主優待制度の導入に関するお知らせ
2026-08-25,549A0,ヒトトヒトＨＤ,中間配当の実施及び実施に伴う配当予想の修正に関するお知らせ
2026-08-25,57260,大阪チタ,新株式発行及び株式売出しに関するお知らせ
2026-08-25,57260,大阪チタ,2027年３月期 第１四半期決算短信〔日本基準〕（非連結）（公認会計士等による期中レビューの完了）
2026-08-25,585A4,Ｅ－ＪＡＭＰＦＭ,上場ETF（管理会社：JAMPファンド・マネジメント）に関する日々の開示事項
2026-08-25,587A4,Ｅ－インベスコＱＱＱ,インベスコQQQトラスト シリーズ1 に関する日々の開示事項
2026-08-25,589A0,Ｇ－ネイス,取締役の辞任に関するお知らせ
2026-08-25,59830,イワブチ,自己株式立会外買付取引(ToSTNeT-3)による自己株式の取得結果に関するお知らせ
2026-08-25,60130,タクマ,自己株式の取得状況および取得完了ならびに自己株式の消却に関するお知らせ
2026-08-25,60360,ＫｅｅＰｅｒ技研,役員人事に関するお知らせ
2026-08-25,60870,アビスト,2026年9月期第3四半期 投資家向け決算説明資料
2026-08-25,62270,ＡＩメカテック,取締役及び監査役の選任議案並びに監査役の異動に関するお知らせ
2026-08-25,62280,ジェイ・イー・ティ,2026年12月期第２四半期（中間期）決算説明会資料
2026-08-25,62310,木村工機,自己株式の取得及び自己株式立会外買付取引（ＴｏＳＴＮｅＴ－３）による自己株式の買付けに関するお知らせ
2026-08-25,62320,Ｇ－ＡＣＳＬ,海外募集による新株式発行に係る発行価格等の決定に関するお知らせ
2026-08-25,62320,Ｇ－ＡＣＳＬ,第２回無担保転換社債型新株予約権付社債の転換価額等の調整に関するお知らせ
2026-08-25,65330,オーケストラＨＤ,株式会社Orchestra Holdingsによる株式会社Sharing Innovationsの完全子会社化に関する株式交換契約締結（簡易株式交換）のお知らせ
2026-08-25,66560,ＩＮＳＰＥＣ,第18回ストックオプション（新株予約権）の発行内容確定に関するお知らせ
2026-08-25,67280,アルバック,（開示事項の経過）連結子会社の会社分割（新設分割）完了に関するお知らせ
2026-08-25,67400,ＪＤＩ,借入金の返済のお知らせ
2026-08-25,68750,メガチップス,従業員持株会を通じた当社従業員への譲渡制限付株式付与制度に基づく自己株式の処分の払込完了及び一部失権に関するお知らせ
2026-08-25,68750,メガチップス,自己株式の消却完了に関するお知らせ
2026-08-25,70850,カーブスＨＤ,自己株式の取得状況および取得終了に関するお知らせ
2026-08-25,71380,Ｇ－ＴＯＲＩＣＯ,イーサリアム（ETH）の追加取得に関するお知らせ
2026-08-25,71890,西日本ＦＨ,株式報酬制度への追加拠出に関するお知らせ
2026-08-25,73370,ひろぎんＨＤ,2027年3月期 第1四半期末の自己資本比率について
2026-08-25,74720,鳥羽洋行,自己株式の取得及び自己株式立会外買付取引（ToSTNeT-3）による自己株式の買付に関するお知らせ
2026-08-25,75130,コジマ,自己株式の取得状況および取得終了に関するお知らせ
2026-08-25,75390,アイナボＨＤ,株主優待の一部内容変更（優待品目の変更）に関するお知らせ
2026-08-25,75900,タカショー,2027年１月期 第２四半期（中間期）決算短信〔日本基準〕(連結)
2026-08-25,75900,タカショー,2027年1月期 第2四半期 決算ダイジェスト
2026-08-25,76190,田中商事,取締役に対する譲渡制限付株式報酬としての自己株式処分の払込完了に関するお知らせ
2026-08-25,76400,トップカルチャ,Ａ種優先株式の普通株式への一部転換、金銭を対価とする一部取得及び消却並びに主要株主の異動（予定）に関するお知らせ
2026-08-25,77410,ＨＯＹＡ,業績連動型株式報酬及び業績非連動型株式報酬としての自己株式の処分の払込完了に関するお知らせ
2026-08-25,77430,シード,2027年3月期 第1四半期決算説明会資料
2026-08-25,78750,竹田ｉＰ,自己株式の取得及び自己株式立会外買付取引（ToSTNeT-3）による自己株式の買付けに関するお知らせ
2026-08-25,78880,三光合成,当社タイ連結子会社に対する仲裁申立に関するその後の経過（和解契約締結に関するお知らせ）
2026-08-25,79210,ＴＡＫＡＲＡ＆ＣＯ,株主優待制度の内容の決定に関するお知らせ
2026-08-25,79830,ミロク,投資有価証券売却益(特別利益)の計上見込み及び2026年10月期通期連結業績予想の修正に関するお知らせ
2026-08-25,80110,三陽商,自己株式の取得結果および取得終了に関するお知らせ
2026-08-25,80120,長瀬産,自己株式の取得状況および取得終了に関するお知らせ
2026-08-25,80810,カナデン,取締役に対する譲渡制限付株式としての自己株式の処分の割当完了に関するお知らせ
2026-08-25,81010,ＧＳＩクレオス,2027年3月期 第1四半期 決算説明会
2026-08-25,81320,シナネンＨＤ,事後交付型業績連動型株式報酬制度に基づく自己株式処分の払込完了に関するお知らせ
2026-08-25,81510,東陽テクニカ,自己株式の取得結果及び取得終了に関するお知らせ
2026-08-25,82520,丸井Ｇ,自己株式立会外買付取引（ToSTNeT-３）による自己株式の取得結果に関するお知らせ
2026-08-25,83880,阿波銀,「株式分割」、株式分割に伴う「定款の一部変更」、「株主優待制度の変更」および「配当予想の修正」に関するお知らせ
2026-08-25,83920,大分銀,株式報酬型ストック・オプションの発行内容確定に関するお知らせ
2026-08-25,85370,大光銀,自己株式の取得及び自己株式立会外買付取引（ToSTNeT-3）による自己株式の買付けに関するお知らせ
2026-08-25,87370,あかつき本社,あかつき本社第60回無担保社債発行に関するお知らせ
2026-08-25,87460,ｕｎｂａｎｋｅｄ,（開示事項の変更）改善計画の開示延期に関するお知らせ
2026-08-25,87460,ｕｎｂａｎｋｅｄ,取締役（監査等委員である者を除く。）の辞任に関するお知らせ
2026-08-25,87470,豊トラスティ証券,連結総資産の増加に関するお知らせ
2026-08-25,87660,東京海上,株式分割、株主優待制度の導入、株式分割に伴う定款の一部変更、配当予想の修正および自己株式取得に係る事項の変更に関するお知らせ
2026-08-25,88870,シーラＨＤ,第3回新株予約権の権利行使期間延長に関するお知らせ
2026-08-25,89630,Ｒ－ＩＮＶ,2026年６月期決算短信(REIT)
2026-08-25,89630,Ｒ－ＩＮＶ,インヴィンシブル投資法人 2026年6月期 決算説明資料
2026-08-25,89630,Ｒ－ＩＮＶ,ポートフォリオの運用実績（2026年７月）に関するお知らせ
2026-08-25,89760,Ｒ－大和ＯＦ,自己投資口の取得状況及び取得終了に関するお知らせ
2026-08-25,89760,Ｒ－大和ＯＦ,資金の借入に関するお知らせ
2026-08-25,89770,Ｒ－阪急阪神,資金の借入れに関するお知らせ
2026-08-25,89790,Ｒ－スターツＰＲ,国内不動産信託受益権の取得に関するお知らせ
2026-08-25,91700,成友興業,株式の立会外分売終了に関するお知らせ
2026-08-25,92820,Ｉ－いちごグリーン,管理会社における重要な使用人の異動のお知らせ
2026-08-25,93470,日本管財ＨＤ,特定子会社の異動に関するお知らせ
2026-08-25,94140,日本ＢＳ放送,組織変更、役員人事および人事異動に関するお知らせ
2026-08-25,94240,日本通信,代表取締役社長兼CEO福田尚久による当社株式の取得および当該株式取得に伴う資金の貸付けに関するお知らせ
2026-08-25,94250,ＲｅＹｕｕＪａｐａｎ,（開示事項の経過）株式会社あいプロの株式取得（子会社化）に関する株式譲渡契約締結のお知らせ
2026-08-25,96270,アインＨＤ,オアシスによる当社株式を対象とする買集め行為を踏まえた当社株式の大規模買付行為等への対応方針（買収への対応方針）の導入に関するお知らせ
2026-08-25,96270,アインＨＤ,独立委員会の設置及び独立委員会委員の選任に関するお知らせ
2026-08-25,96290,ピーシーエー,メンタルヘルス対策事業における組織再編に関するお知らせ（連結子会社間の会社分割（吸収分割））
2026-08-25,96870,ＫＳＫ,自己株式の消却に関するお知らせ
2026-08-25,96870,ＫＳＫ,株式分割、株式分割に伴う定款の一部変更及び配当予想の修正に関するお知らせ
2026-08-25,97400,ＣＳＰ,役員の異動に関するお知らせ
2026-08-25,98160,ストライダーズ,連結子会社の財務上の特約が付された金銭消費貸借契約に対する財務上の特約の内容の変更に関するお知らせ
2026-08-25,99590,アシードＨＤ,株式の立会外分売に関するお知らせ
2026-08-26,13110,ＮＦＴＰＸ３０,NEXT FUNDS TOPIX Core 30連動型上場投信 決算短信
2026-08-26,13264,Ｅ－ワールド,SPDRゴールド・シェアに関する日々の開示事項
2026-08-26,13294,Ｅ－ブラックロック,上場ETF（管理会社：ブラックロック・ジャパン）に関する日々の開示事項
2026-08-26,13494,Ｅ－ＳＳＧＡ－ＳＩＮ,アジア国債・公債ＥＴＦ（正式名称：ＡＢＦ汎アジア債券インデックス・ファンド）に関する日々の開示事項
2026-08-26,14010,Ｇ－エムビーエス,(訂正・数値データ訂正)「2026年５月期決算短信〔日本基準〕（非連結）」の一部訂正について
2026-08-26,153A0,Ｇ－カウリス,従業員に対する譲渡制限付株式付与としての自己株式の処分に関するお知らせ
2026-08-26,15574,Ｅ－ＳＳＧＡＴＣ,State Street SPDR S&P500 ETFに関する日々の開示事項
2026-08-26,16150,ＮＦ銀行業,NEXT FUNDS 東証銀行業株価指数連動型上場投信 決算短信
2026-08-26,16170,ＮＦ食品Ｔ１７,NEXT FUNDS 食品（TOPIX－17）上場投信 決算短信
2026-08-26,16180,ＮＦエネ資源Ｔ１７,NEXT FUNDS エネルギー資源（TOPIX－17）上場投信 決算短信
2026-08-26,16190,ＮＦ建設資材Ｔ１７,NEXT FUNDS 建設・資材（TOPIX－17）上場投信 決算短信
2026-08-26,16200,ＮＦ素材化学Ｔ１７,NEXT FUNDS 素材・化学（TOPIX－17）上場投信 決算短信
2026-08-26,16210,ＮＦ医薬品Ｔ１７,NEXT FUNDS 医薬品（TOPIX－17）上場投信 決算短信
2026-08-26,16220,ＮＦ自動車Ｔ１７,NEXT FUNDS 自動車・輸送機（TOPIX－17）上場投信 決算短信
2026-08-26,16230,ＮＦ鉄鋼非鉄Ｔ１７,NEXT FUNDS 鉄鋼・非鉄（TOPIX－17）上場投信 決算短信
2026-08-26,16240,ＮＦ機械Ｔ１７,NEXT FUNDS 機械（TOPIX－17）上場投信 決算短信
2026-08-26,16250,ＮＦ電機精密Ｔ１７,NEXT FUNDS 電機・精密（TOPIX－17）上場投信 決算短信
2026-08-26,16260,ＮＦ情通・他Ｔ１７,NEXT FUNDS 情報通信・サービスその他（TOPIX－17）上場投信 決算短信
2026-08-26,16270,ＮＦ電力ガスＴ１７,NEXT FUNDS 電力・ガス（TOPIX－17）上場投信 決算短信
2026-08-26,16280,ＮＦ運輸物流Ｔ１７,NEXT FUNDS 運輸・物流（TOPIX－17）上場投信 決算短信
2026-08-26,16290,ＮＦ商社卸売Ｔ１７,NEXT FUNDS 商社・卸売（TOPIX－17）上場投信 決算短信
2026-08-26,16300,ＮＦ小売Ｔ１７,NEXT FUNDS 小売（TOPIX－17）上場投信 決算短信
2026-08-26,16310,ＮＦ銀行Ｔ１７,NEXT FUNDS 銀行（TOPIX－17）上場投信 決算短信
2026-08-26,16320,ＮＦ金融Ｔ１７,NEXT FUNDS 金融（除く銀行）（TOPIX－17）上場投信 決算短信
2026-08-26,16330,ＮＦ不動産Ｔ１７,NEXT FUNDS 不動産（TOPIX－17）上場投信 決算短信
2026-08-26,16714,Ｅ－シンプレクス,上場ＥＴＦ(管理会社：シンプレクス・アセット・マネジメント)に関する日々の開示事項
2026-08-26,16724,Ｅ－ＷｉｓｄｏｍＴｒ,上場ETF（管理会社：WisdomTree、外国投資法人：MSL）に関する日々の開示事項
2026-08-26,16724,Ｅ－ＷｉｓｄｏｍＴｒ,上場ETF（管理会社：WisdomTree、外国投資法人：CSL）に関する日々の開示事項
2026-08-26,18520,浅沼組,自己株式の取得状況及び取得終了ならびに自己株式の消却に関するお知らせ
2026-08-26,189A0,Ｇ－Ｄ＆Ｍカンパニー,財務上の特約が付されたコミットメントライン契約に基づく借入の決定に関するお知らせ
2026-08-26,197A0,タウンズ,監査等委員会設置会社への移行および役員人事に関するお知らせ
2026-08-26,197A0,タウンズ,定款一部変更に関するお知らせ
2026-08-26,20704,Ｎ－三菱ＵＦＪ証ＨＤ,上場ETN（発行者：三菱UFJ証券ホールディングス株式会社）に関する日々の開示事項
2026-08-26,21570,コシダカＨＤ,第１回無担保転換社債型新株引受権付社債の転換完了に関するお知らせ
2026-08-26,23450,ＨＯＤＬ１,代表取締役及び取締役からの暗号資産融資枠コミットメントライン契約の締結に関するお知らせ
2026-08-26,27210,ＪＨＤ,第11回新株予約権の行使価額の修正に関するお知らせ
2026-08-26,27620,ＳＡＮＫＯ ＭＦ,定款の一部変更に関するお知らせ
2026-08-26,27690,ヴィレッジＶ,役員体制に関するお知らせ
2026-08-26,27760,新都ＨＤ,第三者割当による新株式及び第９回新株予約権の発行に関するお知らせ
2026-08-26,27760,新都ＨＤ,「第三者割当による第８回新株予約権の譲渡の承認に関するお知らせ」の一部訂正について
2026-08-26,27780,パレモ・ＨＤ,(株)パレモの月次売上高前年比情報に関するお知らせ
2026-08-26,277A0,グロービング,2026年５月期 決算短信〔ＩＦＲＳ〕（連結）
2026-08-26,278A0,Ｇ－テラドローン,第20回新株予約権（行使価額修正条項付）の大量行使に関するお知らせ
2026-08-26,29720,Ｒ－サンケイＲＥ,資金の借入れ（借換え）に関するお知らせ
2026-08-26,29820,ＡＤワークスグループ,2026年12月期第２四半期 決算説明会動画公開のお知らせ
2026-08-26,29820,ＡＤワークスグループ,「2026年12月期第２四半期決算説明会（機関投資家・アナリスト向け）」書き起こし
2026-08-26,29920,Ｐ－アーバンライク,私募債の発行に関するお知らせ
2026-08-26,31330,Ｇ－海帆,（開示事項の変更）連結子会社におけるネパール水力発電事業の進捗状況および収益化予定時期の変更に関するお知らせ
2026-08-26,31330,Ｇ－海帆,臨時株主総会招集のための基準日設定に関するお知らせ
2026-08-26,31350,マーケットエンター,2026年６月期通期決算説明会 動画および書き起こし資料公開のお知らせ
2026-08-26,31380,富士山マガジン,株式会社富士山マガジンサービス 個人投資家向け説明会資料
2026-08-26,32260,Ｒ－三井不アコモ,国内不動産の取得に関するお知らせ（パークキューブ大森山王）
2026-08-26,32490,Ｒ－産業ファ,資金の借入（借換）に関するお知らせ
2026-08-26,32690,Ｒ－ＡＤＲ,国内不動産の取得及び国内不動産信託受益権の譲渡に関するお知らせ ≪取得：レジディア桜新町、譲渡：レジディア天神橋≫
2026-08-26,32810,Ｒ－ＧＬＰ,資産の譲渡に関するお知らせ
2026-08-26,32810,Ｒ－ＧＬＰ,2026年8月期の運用状況及び分配金の予想の修正について
2026-08-26,32950,Ｒ－ヒューリックＲＥ,資金の借入れ（グリーンローン等）に関するお知らせ
2026-08-26,33090,Ｒ－積水ハウスリート,資金の借入れに関するお知らせ
2026-08-26,34340,アルファＣｏ,2027年3月期第1四半期決算説明資料
2026-08-26,34550,Ｒ－ＨＣＭ,新投資口発行及び投資口売出しに係る価格等の決定に関するお知らせ
2026-08-26,34550,Ｒ－ＨＣＭ,資金の借入れに関するお知らせ
2026-08-26,34570,Ａｎｄ Ｄｏ ＨＬＤ,剰余金の配当に関するお知らせ
2026-08-26,34690,デュアルタップ,公認会計士等の異動に関するお知らせ
2026-08-26,34720,Ｒ－日本ホテル＆レジ,（訂正）「2026年5月期 決算短信（REIT）」の一部訂正に関するお知らせ
2026-08-26,34980,霞ヶ関キャピタル,販売用不動産（米国第一号案件：マイアミ開発用地）の売却に関するお知らせ
2026-08-26,35630,Ｆ＆ＬＣ,役員報酬制度の改定に関するお知らせ
2026-08-26,35630,Ｆ＆ＬＣ,従業員に対するストックオプション(新株予約権)の内容変更に関するお知らせ
2026-08-26,36450,Ｇ－メディカルネット,財務報告に係る内部統制の開示すべき重要な不備の解消に関するお知らせ
2026-08-26,36670,ｅｎｉｓｈ,暗号資産「SOL」の購入決定に関するお知らせ
2026-08-26,36780,メディアドゥ,財務上の特約が付された金銭消費貸借契約の締結に関するお知らせ
2026-08-26,377A0,エージェントＩＧＨＤ,2026年12月期 第２四半期決算 質疑応答集
2026-08-26,38400,ＰＡＴＨ,連結子会社の解散及び清算並びに事業の一部廃止及び業務提携の解消に関するお知らせ
2026-08-26,39030,ｇｕｍｉ,(訂正) 「グループ内組織再編（子会社に対する債権放棄、現物分配による子会社株式の取得、および完全子会社の吸収合併）に関するお知らせ」の一部訂正について
2026-08-26,39470,ダイナパック,2026年12月期中間期 決算説明資料
2026-08-26,39740,ＳＣＡＴ,第三者割当による第１回新株予約権（行使価額修正条項付）の発行に関するお知らせ
2026-08-26,39970,トレードワークス,自己株式立会外買付取引（ToSTNeT-３）による自己株式の取得結果及び取得終了に関するお知らせ
2026-08-26,41120,保土谷化,（開示事項の経過）Framochem Francia-Magyar Finomkemiai Kft社の持分取得（完全子会社化）完了に関するお知らせ
2026-08-26,422A0,Ｐ－ｔａｎｅ－Ｃ,支配株主等に関する事項について
2026-08-26,42630,Ｇ－サスメド,取締役候補者の選任に関するお知らせ
2026-08-26,42630,Ｇ－サスメド,塩野義製薬株式会社とのマイルストン報酬額の確定及び独占的販売契約終了に関する合意書の締結に関するお知らせ
2026-08-26,42630,Ｇ－サスメド,本社移転日の決定に関するお知らせ
2026-08-26,43710,Ｇ－ＣＣＴ,2026年12月期第2四半期決算説明資料（書き起こし）
2026-08-26,44950,Ｇ－アイキューブド,役員人事に関するお知らせ
2026-08-26,45650,ネクセラファーマ,提携先ニューロクライン社によるアルツハイマー病における認知機能障害を対象としたNBI-1117567のフェーズ2試験に関するIND受理のお知らせ
2026-08-26,45700,Ｇ－免疫生物研究所,（開示事項の経過）抗HIV抗体のGLP準拠反復投与毒性試験に関するお知らせ
2026-08-26,458A0,Ｐ－プラン・ドゥ,財務上の特約が付された金銭消費貸借契約の締結について
2026-08-26,48130,ＡＣＣＥＳＳ,代表取締役及び取締役の異動並びに人事異動に関するお知らせ
2026-08-26,48250,ＷＮＩウェザー,＜粗利率60％超へ＞AI活用と高粗利プロダクトによる売上高総利益率の収益性向上策について（中期Vision 2026補足資料）
2026-08-26,48400,トライアイズ,株式会社LIMNOの株式取得（子会社等の異動を伴う株式取得、特定子会社の異動）に向けた基本合意書締結に関するお知らせ
2026-08-26,51620,朝日ラバー,公開買付けに準ずる行為として政令で定める買集め行為に関するお知らせ
2026-08-26,52020,板硝子,財務上の特約が付された金銭消費貸借契約の締結について
2026-08-26,52440,Ｇ－ｊｉｇ．ｊｐ,自己株式立会外買付取引(ToSTNeT-3)による自己株式の取得結果に関するお知らせ
2026-08-26,55740,Ｇ－ＡＢＥＪＡ,シンガポール子会社設立に関するお知らせ
2026-08-26,585A4,Ｅ－ＪＡＭＰＦＭ,上場ETF（管理会社：JAMPファンド・マネジメント）に関する日々の開示事項
2026-08-26,587A4,Ｅ－インベスコＱＱＱ,インベスコQQQトラスト シリーズ1 に関する日々の開示事項
2026-08-26,60470,Ｇｕｎｏｓｙ,譲渡制限付株式報酬としての自己株式の処分に関するお知らせ
2026-08-26,604A0,ビーエイブル,第三者割当増資の結果に関するお知らせ
2026-08-26,60620,チャームケア,取締役候補者の選任に関するお知らせ
2026-08-26,60620,チャームケア,支配株主等に関する事項について
2026-08-26,617A0,Ｐ－レイシャス,東京証券取引所 TOKYO PRO Market への上場のお知らせ
2026-08-26,617A0,Ｐ－レイシャス,流動性プロバイダーの指定のお知らせ
2026-08-26,617A0,Ｐ－レイシャス,TOKYO PRO Market への上場目的の開示について
2026-08-26,617A0,Ｐ－レイシャス,東京証券取引所 TOKYO PRO Market への上場に伴う当社決算情報等のお知らせ
2026-08-26,62310,木村工機,自己株式立会外買付取引（ＴｏＳＴＮｅＴ－３）による自己株式の取得結果及び取得終了に関するお知らせ
2026-08-26,62450,ヒラノテクシード,譲渡制限付株式報酬としての自己株式の処分の払込完了に関するお知らせ
2026-08-26,62500,やまびこ,2026年12月期第2四半期決算説明資料
2026-08-26,62500,やまびこ,ロボット事業説明資料
2026-08-26,62940,オカダアイヨン,2027年3月期第1四半期 決算説明会資料
2026-08-26,64440,サンデン,第三者割当による新株式の発行に係る発行価額等の決定に関するお知らせ
2026-08-26,64440,サンデン,（訂正）「第三者割当による新株式の発行に関するお知らせ」の一部訂正に関するお知らせ
2026-08-26,65330,オーケストラＨＤ,株式会社Sharing Innovationsの完全子会社化に関する補足資料
2026-08-26,65520,ＧａｍｅＷｉｔｈ,支配株主等に関する事項について
2026-08-26,66350,大日光,2026年12月期 第２四半期（中間期）決算説明資料
2026-08-26,66990,ダイヤＨＤ,譲渡制限付株式報酬としての新株式発行の払込完了に関するお知らせ
2026-08-26,68370,京写,従業員に対する譲渡制限付株式としての自己株式処分の払込完了に関するお知らせ
2026-08-26,69040,原田工業,非上場の親会社等の決算に関するお知らせ
2026-08-26,69550,ＦＤＫ,第三者割当により発行される 第１回無担保転換社債型新株予約権付社債（転換価額修正条項付）の募集に関するお知らせ
2026-08-26,71350,ジャパンクラフトＨＤ,第三者割当による第２回新株予約権の発行に関するお知らせ
2026-08-26,71350,ジャパンクラフトＨＤ,純資産減少割合の確定に関するお知らせ
2026-08-26,71380,Ｇ－ＴＯＲＩＣＯ,イーサリアム（ETH）の追加取得に関するお知らせ
2026-08-26,71700,Ｐ－中央グループ,令和8年12月期 中間決算短信〔日本基準〕(連結)
2026-08-26,72730,イクヨ,資金使途変更に関するお知らせ
2026-08-26,73770,ＤＮホールディングス,「中期経営計画2029」策定に関するお知らせ
2026-08-26,74720,鳥羽洋行,自己株式立会外買付取引（ToSTNeT-3）による自己株式の取得結果及び自己株式の取得終了に関するお知らせ
2026-08-26,74940,コナカ,財務上の特約が付された金銭消費貸借契約の弁済期限の変更並びに財務上の特約の内容の変更に関するお知らせ
2026-08-26,75230,アールビバン,株式会社Orsayによる当社株式に対する公開買付けの結果並びに親会社、主要株主及び主要株主である筆頭株主の異動に関するお知らせ
2026-08-26,75900,タカショー,「2027年1月期 第2四半期決算ダイジェスト」の一部訂正について
2026-08-26,77430,シード,ラックスシェア・プレシジョン・ケイマン・リミテッドによる当社株式に対する公開買付けに関する賛同の意見表明及び応募推奨に関するお知らせ
2026-08-26,77430,シード,ラックスシェア・プレシジョン・ケイマン・リミテッドによる株式会社シード（証券コード：7743）の普通株式に対する公開買付けの開始に関するお知らせ
2026-08-26,77430,シード,2027年３月期の期末配当予想の修正（無配）及び株主優待制度の廃止に関するお知らせ
2026-08-26,77460,岡本硝子,行使価額修正条項付新株予約権の大量行使、行使完了及び月間行使状況に関するお知らせ
2026-08-26,77940,Ｇ－イーディーピー,譲渡制限付株式報酬制度としての新株式発行に関するお知らせ
2026-08-26,77940,Ｇ－イーディーピー,株式会社本田技術研究所とのダイヤモンドデバイス用材料の共同研究契約の締結予定時期変更に関するお知らせ
2026-08-26,78080,ＣＳランバー,当社役員体制に関するお知らせ
2026-08-26,78750,竹田ｉＰ,自己株式の取得結果及び取得終了に関するお知らせ
2026-08-26,79120,大日印,オーストリア上場企業「AUSTRIACARD HOLDINGS AG」株式の公開買付け結果に関するお知らせ
2026-08-26,79510,ヤマハ,ヤマハ発動機株式会社株式の一部売却に関するお知らせ
2026-08-26,79700,信越ポリマ,取締役に対するストックオプション（新株予約権）の割当に関するお知らせ
2026-08-26,79700,信越ポリマ,当社執行役員及び当社従業員に対するストックオプション（新株予約権）の割当に関するお知らせ
2026-08-26,83340,群馬銀,臨時株主総会招集のための基準日設定に関するお知らせ
2026-08-26,85370,大光銀,自己株式立会外買付取引（ToSTNeT-3）による自己株式の取得結果及び自己株式の取得終了に関するお知らせ
2026-08-26,86280,松井証,2027年3月期中間配当（予定）について
2026-08-26,87470,豊トラスティ証券,連結総資産の増加に関するお知らせ
2026-08-26,89450,サンネクスタグループ,役員人事に関するお知らせ
2026-08-26,89530,Ｒ－都市ファンド,国内不動産信託受益権の取得【JMFレジデンス大阪淡路】及び匿名組合出資持分の償還に関するお知らせ
2026-08-26,89530,Ｒ－都市ファンド,国内不動産の取得に関するお知らせ【m-シティ戸田公園】
2026-08-26,89530,Ｒ－都市ファンド,資金の借入（新規借入）に関するお知らせ
2026-08-26,89540,Ｒ－オリックスＦ,国内不動産信託受益権の取得（豊洲プライムスクエア、 那覇新都心センタービル：追加取得）に関するお知らせ
2026-08-26,89540,Ｒ－オリックスＦ,2026年8月26日公表のプレスリリースに関する補足説明資料
2026-08-26,89670,Ｒ－ニホンロジ,資金の借入に関するお知らせ
2026-08-26,89840,Ｒ－ハウスリート,2026年8月期及び2027年2月期の運用状況及び分配金の予想の修正に関するお知らせ
2026-08-26,89840,Ｒ－ハウスリート,国内不動産信託受益権の取得及び譲渡並びに国内不動産の譲渡に関するお知らせ
2026-08-26,89840,Ｒ－ハウスリート,本日付公表のプレスリリースに関する補足説明資料
2026-08-26,89850,Ｒ－ＪＨＲ,2026年12月期 中間決算短信（ＲＥＩＴ）
2026-08-26,89850,Ｒ－ＪＨＲ,2026年12月期（第27期）中間決算説明資料
2026-08-26,89850,Ｒ－ＪＨＲ,2026年７月度の月次開示に関するお知らせ
2026-08-26,91650,Ｇ－クオルテック,定款一部変更に関するお知らせ
2026-08-26,91650,Ｇ－クオルテック,新任社外取締役候補者の選任に関するお知らせ
2026-08-26,92160,ビーウィズ,役員人事に関するお知らせ
2026-08-26,92160,ビーウィズ,支配株主等に関する事項について
2026-08-26,93400,アソインター,2026年6月期アナリスト向け決算説明会資料
2026-08-26,93400,アソインター,第39回定時株主総会の付議案に関するお知らせ
2026-08-26,93400,アソインター,剰余金の配当に関するお知らせ
2026-08-26,93400,アソインター,人事異動ならびに子会社の代表取締役異動に関するお知らせ
2026-08-26,94390,ＭＨグループ,定款一部変更に関するお知らせ
2026-08-26,94390,ＭＨグループ,役員人事に関するお知らせ
2026-08-26,97650,オオバ,ストックオプション（新株予約権）の発行に関するお知らせ
2026-08-26,97650,オオバ,主要人事に関するお知らせ
2026-08-26,98120,テーオーＨＤ,会長、社長および代表取締役の異動に関するお知らせ
2026-08-27,13264,Ｅ－ワールド,SPDRゴールド・シェアに関する日々の開示事項
2026-08-27,13294,Ｅ－ブラックロック,上場ETF（管理会社：ブラックロック・ジャパン）に関する日々の開示事項
2026-08-27,13494,Ｅ－ＳＳＧＡ－ＳＩＮ,アジア国債・公債ＥＴＦ（正式名称：ＡＢＦ汎アジア債券インデックス・ファンド）に関する日々の開示事項
2026-08-27,14310,Ｇ－リブワーク,定款の一部変更に関するお知らせ
2026-08-27,14310,Ｇ－リブワーク,取締役及び監査役の選任に関するお知らせ
2026-08-27,154A0,Ｐ－ＧＡＩＡ,TOKYO PRO Marketへの上場目的の開示に関するお知らせ
2026-08-27,15574,Ｅ－ＳＳＧＡＴＣ,State Street SPDR S&P500 ETFに関する日々の開示事項
2026-08-27,15720,Ｈ株レバレッジダブル,ETFの約款変更に関するお知らせ
2026-08-27,15730,Ｈ株インバース,ETFの約款変更に関するお知らせ
2026-08-27,157A0,Ｇ－Ｇモンスター,金融ソリューション事業の譲受けに関するお知らせ
2026-08-27,16714,Ｅ－シンプレクス,上場ＥＴＦ(管理会社：シンプレクス・アセット・マネジメント)に関する日々の開示事項
2026-08-27,16724,Ｅ－ＷｉｓｄｏｍＴｒ,上場ETF（管理会社：WisdomTree、外国投資法人：MSL）に関する日々の開示事
2026-08-27,16724,Ｅ－ＷｉｓｄｏｍＴｒ,上場ETF（管理会社：WisdomTree、外国投資法人：CSL）に関する日々の開示事
2026-08-27,16790,ＮＹダウ,ETFの約款変更に関するお知らせ
2026-08-27,19970,暁飯島,取締役会の実効性評価の結果の概要に関するお知らせ
2026-08-27,20704,Ｎ－三菱ＵＦＪ証ＨＤ,上場ETN（発行者：三菱UFJ証券ホールディングス株式会社）に関する日々の開示事項
2026-08-27,21480,ＩＴＭ,当社完全子会社（有限会社ネットビジョン）の吸収合併（簡易合併・略式合併）に関するお知らせ
2026-08-27,21530,イージェイＨＤ,支配株主等に関する事項について
2026-08-27,21560,セーラー広告,営業外収益（助成金収入）の計上に関するお知らせ
2026-08-27,21620,ｎｍｓ ＨＤ,当社株式の上場廃止に関するお知らせ
2026-08-27,21810,パーソルＨＤ,第三者割当による自己株式処分の払込完了に関するお知らせ
2026-08-27,21980,アイ・ケイ・ケイＨＤ,人事コンサルティングサービスの新規参入開始のお知らせ
2026-08-27,22880,丸大食,従業員持株会に対する譲渡権限付株式としての自己株式処分の払込完了に関するお知らせ
2026-08-27,23710,カカクコム,Kamgras １株式会社による株式会社カカクコム（証券コード：2371）の株券等に対する公開買付けの買付条件等の変更に関するお知らせ
2026-08-27,23750,ギグワークス,ストック・オプション（新株予約権）の発行に関するお知らせ
2026-08-27,24670,ＶＬＣセキュリティ,投資有価証券売却損（特別損失）の計上に関するお知らせ
2026-08-27,25900,ＤｙＤｏ,2027年1月期 第2四半期（中間期）決算短信〔日本基準〕（連結）
2026-08-27,25900,ＤｙＤｏ,2026年度（2027年1月期）第2四半期決算概要
2026-08-27,25900,ＤｙＤｏ,2027年1月期 通期業績予想の修正に関するお知らせ
2026-08-27,25900,ＤｙＤｏ,営業外費用（正味貨幣持高に関する損失）の計上に関するお知らせ
2026-08-27,25930,伊藤園,連結子会社との会社分割（簡易吸収分割）に関するお知らせ
2026-08-27,265A0,Ｇ－エイチエムコム,2026 年12月期第２四半期決算 FAQ
2026-08-27,268A0,リガク,主要株主の異動に関するお知らせ
2026-08-27,27220,ＩＫホールディングス,代表取締役の異動に関するお知らせ
2026-08-27,27370,トーメンデバ,株主優待品の決定に関するお知らせ
2026-08-27,276A0,Ｇ－ククレブ,連結子会社における資金の借入に関するお知らせ
2026-08-27,278A0,Ｇ－テラドローン,第20回新株予約権（行使価額修正条項付）の行使の完了及び月間行使状況に関するお知らせ
2026-08-27,278A0,Ｇ－テラドローン,株式分割及び定款の一部変更並びに新株予約権の行使価額等の調整に関するお知らせ
2026-08-27,285A0,キオクシアＨＤ,サンディスクコーポレーションとの投資計画に関するお知らせ
2026-08-27,29010,ウェルディッシュ,取締役の辞任に関するお知らせ
2026-08-27,29080,フジッコ,非上場の親会社等の決算に関するお知らせ
2026-08-27,29340,Ｇ－Ｊフロンティア,支配株主等に関する事項について
2026-08-27,29620,テクニスコ,取締役及び監査役候補者選任並びに退任取締役に対する退職慰労金贈呈に関するお知らせ
2026-08-27,30210,ＰＣＮＥＴ,役員体制に関するお知らせ
2026-08-27,30640,ＭＲＯ,従業員に対する譲渡制限付株式としての自己株式処分に関するお知らせ
2026-08-27,30640,ＭＲＯ,自己株式取得に係る事項の決定に関するお知らせ
2026-08-27,30790,ＤＶｘ,当社株式の上場廃止に関するお知らせ
2026-08-27,31350,マーケットエンター,2026年６月期通期決算説明会に関する質疑応答概要の公開について
2026-08-27,31870,Ｇ－ミラタップ,2026年９月期 第３四半期決算説明動画及び決算説明資料（書き起こし）公開に関するお知らせ
2026-08-27,32260,Ｒ－三井不アコモ,資金の借入れに関するお知らせ
2026-08-27,32520,地主,取締役の辞任に関するお知らせ
2026-08-27,32520,地主,「地主ファンド」への販売用不動産の売却に関するお知らせ
2026-08-27,32900,Ｒ－Ｏｎｅリート,資金の借入れ（グリーンローンを含む）に関するお知らせ
2026-08-27,340A0,Ｇ－ジグザグ,譲渡制限付株式報酬としての新株発行に関するお知らせ
2026-08-27,34340,アルファＣｏ,(訂正)「2027年3月期第1四半期決算説明資料」の一部訂正について
2026-08-27,34360,ＳＵＭＣＯ,連結子会社の異動（持分法適用関連会社への異動）完了に関するお知らせ
2026-08-27,34700,Ｒ－マリモリート,資産運用会社における組織体制の一部変更、利害関係人等取引規程の一部改定及び重要な使用人の役職の変更に関するお知らせ
2026-08-27,34980,霞ヶ関キャピタル,連結子会社の商号変更に関するお知らせ
2026-08-27,35380,ウイルプラスＨＤ,(訂正・数値データ訂正)「2026年６月期決算短信〔日本基準〕(連結)」の一部訂正について
2026-08-27,35380,ウイルプラスＨＤ,（訂正）「2026年6月期 決算補足説明資料」の一部訂正について
2026-08-27,35380,ウイルプラスＨＤ,2026年6月期 決算説明会資料
2026-08-27,353A0,エレコミ,ストック・オプション（新株予約権）の発行に関するお知らせ （募集事項の決定等に関するお知らせ）
2026-08-27,36390,ボルテージ,役員人事内定のお知らせ
2026-08-27,365A0,伊澤タオル,人事異動に関するお知らせ
2026-08-27,36720,オルトプラス,（変更）「株式会社オカザキホールディングスとの資本業務提携及び（中略）同社株式取得（持分法適用関連会社化）に関するお知らせ」の一部変更について
2026-08-27,372A0,レント,譲渡制限付株式報酬としての自己株式の処分並びに主要株主及び主要株主である筆頭株主の異動に関するお知らせ
2026-08-27,372A0,レント,役員人事に関するお知らせ
2026-08-27,38080,オーケーウェブ,（訂正・数値データ訂正）「2026年６月期決算短信〔日本基準〕(連結)」の一部訂正について
2026-08-27,38080,オーケーウェブ,（訂正）「特別損失の計上及び連結・個別業績と前期実績値との差異に関するお知らせ」の一部訂正について
2026-08-27,38080,オーケーウェブ,投資家向けオンライン説明会開催のお知らせ
2026-08-27,38500,ＮＴＴＤＩＭ,（訂正）「支配株主等に関する事項について」の一部訂正について
2026-08-27,39400,ノムラシステム,2026年12月期 第2四半期決算説明資料
2026-08-27,40710,プラスアルファ,自己株式の取得状況および取得終了に関するお知らせ
2026-08-27,41140,日触媒,リチウムイオン電池用電解質LiFSI(イオネル)新工場建設計画の一部変更のお知らせ
2026-08-27,41980,テンダ,人事異動に関するお知らせ
2026-08-27,434A0,Ｐ－ＬＯＯＰＬＡＣＥ,資金の借入に関するお知らせ
2026-08-27,43660,ダイトーケミックス,取締役会の実効性評価結果の概要について
2026-08-27,43740,Ｇ－ロボペイ,2026年12月期第２四半期 個人投資家決算質問会 質疑応答の要約
2026-08-27,44300,東海ソフト,中期経営計画（2027年５月期～2029年５月期）の策定に関するお知らせ
2026-08-27,44930,Ｇ－サイバーセキュリ,2026年12月期 第2四半期 Q&A掲載のお知らせ
2026-08-27,463A0,インテリックスＨＤ,株式取得（子会社化）に向けた基本合意書締結のお知らせ
2026-08-27,464A0,Ｇ－ＱＰＳＨＤ,譲渡制限付株式報酬としての新株式発行に関するお知らせ
2026-08-27,46620,フォーカスシステムズ,譲渡制限付株式報酬としての自己株式の処分の払込完了に関するお知らせ
2026-08-27,47070,キタック,名古屋証券取引所メイン市場への重複上場記念株主優待実施に関するお知らせ
2026-08-27,47280,トーセ,固定資産の譲渡及び特別利益の計上見込み並びに拠点集約・本社移転に関するお知らせ
2026-08-27,47630,Ｃ＆Ｒ社,（開示事項の経過）新株予約権（有償ストック・オプション）の一部譲渡に関するお知らせ
2026-08-27,48130,ＡＣＣＥＳＳ,内部管理体制の整備及び運用状況等に関するお知らせ
2026-08-27,48400,トライアイズ,株主・投資家の皆様からのお問い合わせについてのご回答（2026年8月）
2026-08-27,48840,Ｇ－クリングル,第三者割当により発行された第16回新株予約権（行使価額修正条項付）の行使完了及び月間行使状況に関するお知らせ
2026-08-27,48840,Ｇ－クリングル,第三者割当により発行された第16回新株予約権（行使価額修正条項付）の大量行使に関するお知らせ
2026-08-27,523A0,Ｇ－セイワＨＤ,株式会社栄進電機の株式取得及び当社グループへの参画（子会社化）に関するお知らせ
2026-08-27,52900,ベルテクス,「当社の主要子会社（ベルテクス株式会社）おける役員人事に関するお知らせ」の一部変更について
2026-08-27,52900,ベルテクス,「JPX 日経中小型株指数」構成銘柄選定に関するお知らせ
2026-08-27,55350,ミガロＨＤ,新株予約権（有償ストック・オプション）の発行に関するお知らせ
2026-08-27,56600,神鋼鋼線,当社株式の上場廃止のお知らせ
2026-08-27,57040,ＪＭＣ,2026年12月期 第２四半期（中間期）決算説明会資料
2026-08-27,57150,古河機金,自己株式の取得および自己株式立会外買付取引（ToSTNeT-3）による自己株式の買付けに関するお知らせ
2026-08-27,584A0,Ｇ－ＬｉＮＫＸ,資本金の額の減少に関するお知らせ
2026-08-27,585A4,Ｅ－ＪＡＭＰＦＭ,上場ETF（管理会社：JAMPファンド・マネジメント）に関する日々の開示事項
2026-08-27,58690,早稲田学習研究会,取締役に対する譲渡制限付株式としての自己株式の処分に関するお知らせ
2026-08-27,587A4,Ｅ－インベスコＱＱＱ,インベスコQQQトラスト シリーズ1 に関する日々の開示事項
2026-08-27,589A0,Ｇ－ネイス,（開示事項の経過）当社直営店舗における火災発生に関するお知らせ（第二報）
2026-08-27,598A0,Ｇ－チャットプラス,剰余金の配当に関するお知らせ
2026-08-27,60460,リンクバル,新規事業の開始に関するお知らせ
2026-08-27,60470,Ｇｕｎｏｓｙ,有償ストック・オプションの払込完了に関するお知らせ
2026-08-27,60740,ＪＳＳ,株式会社ティップネスとの事業譲渡契約及びFASTGYM24フランチャイズ加盟契約締結のお知らせ
2026-08-27,60880,シグマクシスＨＤ,業績連動型株式報酬制度の終了に伴う自己株式の無償取得及び消却に関するお知らせ
2026-08-27,60900,ＨＭＴ,自己株式の取得状況および取得終了に関するお知らせ
2026-08-27,61760,ブランジスタ,連結子会社の株式一部譲渡及び個別決算における特別利益の計上に関するお知らせ
2026-08-27,63420,太平製作所,当社の従業員に対する譲渡制限付株式としての自己株式処分に関するお知らせ
2026-08-27,63950,タダノ,2026年上期(1-6月) 決算説明会
2026-08-27,64190,マースグループＨＤ,譲渡制限付株式としての自己株式処分の払込完了及び一部失権に関するお知らせ
2026-08-27,64950,宮入バル,第三者割当による行使価額修正条項付株式会社宮入バルブ製作所第３回新株予約権（停止要請条項付）の大量行使に関するお知らせ
2026-08-27,65040,富士電機,連結子会社との合併契約締結に関するお知らせ
2026-08-27,65050,東洋電,役員等の人事に関するお知らせ
2026-08-27,65050,東洋電,執行役員の異動に関するお知らせ
2026-08-27,65220,Ｇ－アスタリスク,第三者割当による第10回新株予約権の行使完了に関するお知らせ
2026-08-27,65620,Ｇ－ジーニー,Ａ種優先株式の一部取得及び消却に関するお知らせ
2026-08-27,67060,電気興,資本コストや株価を意識した経営の実現に向けた対応について（アップデート)
2026-08-27,67370,ＥＩＺＯ,令和8年8月27日からの大雨における被害について
2026-08-27,67680,タムラ製,2027年3月期通期連結業績予想の修正に関するお知らせ
2026-08-27,70370,テノ．,ピジョンハーツ株式会社の株式取得（子会社化）に関するお知らせ
2026-08-27,70740,Ｇ－２４７ＨＤ,（開示事項の経過）親会社からの資金の借入に関するお知らせ
2026-08-27,70780,Ｇ－ＩＮＣ ＨＤ,譲渡制限付株式報酬としての新株式発行の払込完了に関するお知らせ
2026-08-27,70900,Ｇ－リグア,株式会社ストリートスマートとの資本業務提携契約の締結、第三者割当による新株式の発行及び第６回新株予約権の発行に関するお知らせ
2026-08-27,71380,Ｇ－ＴＯＲＩＣＯ,イーサリアム（ETH）の追加取得に関するお知らせ
2026-08-27,72120,エフテック,執行役員の異動及び委嘱事項の変更に関するお知らせ
2026-08-27,72120,エフテック,インド連結子会社の商号変更、事業目的の追加に関するお知らせ
2026-08-27,72990,フジオーゼ,役員の委嘱変更に関するお知らせ
2026-08-27,73200,Ｇ－Ｓｏｌｖｖｙ,2026年6月期決算発表後に投資家の皆様より寄せられたご質問及び回答内容公開のお知らせ
2026-08-27,74260,山大,株式併合、単元株式数の定めの廃止及び定款一部変更に関する臨時株主総会開催のお知らせ
2026-08-27,74260,山大,自己株式の消却に関するお知らせ
2026-08-27,74340,オータケ,役員人事に関するお知らせ
2026-08-27,74660,ＳＰＫ,株式の取得（子会社化）に関するお知らせ
2026-08-27,75130,コジマ,組織変更および人事異動に関するお知らせ
2026-08-27,75230,アールビバン,本店（本社）移転に関するお知らせ
2026-08-27,77430,シード,（数値データ追加）「2027年３月期の期末配当予想の修正（無配）及び株主優待制度の廃止に関するお知らせ」におけるXBRLデータ追加について
2026-08-27,79110,ＴＯＰＰＡＮ ＨＤ,株式分割、株式分割に伴う定款の一部変更、配当予想の修正及び株主優待制度の変更に関するお知らせ
2026-08-27,79110,ＴＯＰＰＡＮ ＨＤ,所在不明株主の株式買取りに関するお知らせ
2026-08-27,79510,ヤマハ,ヤマハ発動機株式会社株式の一部売却の結果及び投資有価証券売却益の計上に関するお知らせ
2026-08-27,79910,マミヤオーピー,親会社等の決算に関するお知らせ
2026-08-27,81270,ヤマトインター,特別利益（投資有価証券売却益）の計上見込みに関するお知らせ
2026-08-27,81310,ミツウロコＧＨＤ,自己株式の取得及び自己株式立会外買付取引（ToSTNeT－3）による自己株式の買付けに関するお知らせ
2026-08-27,81740,日瓦斯,従業員向け譲渡制限株式ユニット(RSU)付与制度にともなう自己株式の処分に関するお知らせ
2026-08-27,86160,東海東京,ストック・オプション（新株予約権）の発行に関するお知らせ
2026-08-27,87470,豊トラスティ証券,連結総資産の増加に関するお知らせ
2026-08-27,88480,レオパレス２１,2027年3月期第1四半期 決算説明会 当社説明・質疑応答
2026-08-27,88760,リログループ,有償ストック・オプション（新株予約権）の発行内容確定に関するお知らせ
2026-08-27,88810,日神グループＨＤ,非上場の親会社等の決算に関するお知らせ
2026-08-27,89080,毎日コムネット,支配株主等に関する事項について
2026-08-27,89270,明豊エンター,2026年７月期連結累計期間の販売および仕入実績に関するお知らせ
2026-08-27,89610,Ｒ－森トラスト,資金の借入れ（グリーンローン含む）に関するお知らせ
2026-08-27,89680,Ｒ－福岡,資産の譲渡に関するお知らせ（譲渡完了：天神ノースフロントビル）
2026-08-27,89720,Ｒ－ＫＤＸ不動産,国内不動産信託受益権の取得（KDXロジスティクス札幌清田（底地））及び譲渡（プリマハム近畿センター）に関するお知らせ
2026-08-27,89720,Ｒ－ＫＤＸ不動産,本日付公表のプレスリリースに関する補足説明資料「国内不動産信託受益権の取得及び譲渡に関するお知らせ」
2026-08-27,89720,Ｒ－ＫＤＸ不動産,資金の借入れに関するお知らせ（シリーズ0056）
2026-08-27,91420,ＪＲ九州,「令和 8 年熊本地震」の影響に関するお知らせ（開示事項の経過）
2026-08-27,91660,Ｇ－ＧＥＮＤＡ,譲渡制限付株式報酬としての新株式発行に関するお知らせ
2026-08-27,92060,ＳＦＪ,2026年7月度 旅客輸送実績・運航実績
2026-08-27,92060,ＳＦＪ,リースによる固定資産の賃借に関するお知らせ
2026-08-27,92700,Ｇ－バリュエンスＨＤ,取締役候補者選任のお知らせ
2026-08-27,92700,Ｇ－バリュエンスＨＤ,当社及び当社連結子会社の執行役員人事に関するお知らせ
2026-08-27,98120,テーオーＨＤ,上場維持基準への適合に向けた計画（改善期間入り）について
2026-08-27,98120,テーオーＨＤ,中期経営計画の策定に関するお知らせ
2026-08-27,98180,大丸エナ,配当予想の修正に関するお知らせ
2026-08-27,98320,オートバックス,特別損失の計上および法人税等調整額（益）の計上ならびに通期連結業績予想の修正に関するお知らせ
2026-08-27,98320,オートバックス,特定子会社の異動（株式譲渡）に関するお知らせ
2026-08-28,13264,Ｅ－ワールド,SPDRゴールド・シェアに関する日々の開示事項
2026-08-28,13294,Ｅ－ブラックロック,上場ETF（管理会社：ブラックロック・ジャパン）に関する日々の開示事項
2026-08-28,13494,Ｅ－ＳＳＧＡ－ＳＩＮ,アジア国債・公債ＥＴＦ（正式名称：ＡＢＦ汎アジア債券インデックス・ファンド）に関する日々の開示事項
2026-08-28,14010,Ｇ－エムビーエス,事業計画及び成長可能性に関する事項
2026-08-28,149A0,Ｇ－シンカ,弊社運営サービス紹介サイトへの不正アクセスに関するお知らせ
2026-08-28,15140,住石ＨＤ,自己株式の取得状況及び取得終了に関するお知らせ
2026-08-28,15574,Ｅ－ＳＳＧＡＴＣ,State Street SPDR S&P500 ETFに関する日々の開示事項
2026-08-28,16714,Ｅ－シンプレクス,上場ＥＴＦ(管理会社：シンプレクス・アセット・マネジメント)に関する日々の開示事項
2026-08-28,16724,Ｅ－ＷｉｓｄｏｍＴｒ,上場ETF（管理会社：WisdomTree、外国投資法人：MSL）に関する日々の開示事項
2026-08-28,16724,Ｅ－ＷｉｓｄｏｍＴｒ,上場ETF（管理会社：WisdomTree、外国投資法人：CSL）に関する日々の開示事項
2026-08-28,17640,工藤建設,グループ組織再編に伴う吸収分割契約締結に関するお知らせ
2026-08-28,189A0,Ｇ－Ｄ＆Ｍカンパニー,事業計画及び成長可能性に関する事項
2026-08-28,19480,弘電社,資本金及び資本準備金の額の減少に関するお知らせ
2026-08-28,19940,高橋ウォール,自己株式取得に係る事項の決定に関するお知らせ
2026-08-28,19940,高橋ウォール,HPC(R)製品に係る販売提携に関するお知らせ
2026-08-28,20704,Ｎ－三菱ＵＦＪ証ＨＤ,上場ETN（発行者：三菱UFJ証券ホールディングス株式会社）に関する日々の開示事項
2026-08-28,21540,オープンアップＧ,2026年7月度 国内技術社員在籍数・稼働率の月次開示に関するお知らせ
2026-08-28,21640,地域新聞社,MTM Capital株式会社による当社に対する買収提案の受領及び当社の見解について
2026-08-28,21680,パソナグループ,役員人事に関するお知らせ
2026-08-28,21800,サニーサイドアップ,株式併合、単元株式数の定めの廃止及び定款の一部変更に係る承認決議に関するお知らせ
2026-08-28,22290,カルビー,自己株式の消却に関するお知らせ
2026-08-28,23210,Ｇ－ソフトフロントＨ,（開示事項の変更）販売用「サーバー向けGPU（RTX PRO 6000 Blackwell Server Edition）」の取得に関するお知らせ
2026-08-28,23290,東北新社,自己株式の取得及び自己株式立会外買付取引（ToSTNeT-3）による自己株式の買付けに関するお知らせ
2026-08-28,23380,クオンタムＳ,第18回新株予約権（税制適格ストックオプション）の行使価額決定に関するお知らせ
2026-08-28,23450,ＨＯＤＬ１,臨時株主総会の議案の承認に関するお知らせ（付議議案 剰余金の処分の件）
2026-08-28,23710,カカクコム,（変更）「Kamgras １株式会社による当社株券等に対する公開買付けに関する賛同の意見表明及び応募推奨のお知らせ」の一部変更に関するお知らせ
2026-08-28,24880,ＪＴＰ,自己株式の取得状況および取得終了に関するお知らせ
2026-08-28,26780,アスクル,2027年5月期8月度月次業績のお知らせ
2026-08-28,26890,オルバヘルスケアＨＤ,（訂正・数値データ訂正）「2026 年６月期 決算短信〔日本基準〕（連結）」の一部訂正について
2026-08-28,272A0,グリーンクロスＨＤ,譲渡制限付株式報酬としての自己株式の処分の払込完了に関するお知らせ
2026-08-28,276A0,Ｇ－ククレブ,販売用不動産の売却完了に関するお知らせ
2026-08-28,27760,新都ＨＤ,「第三者割当による新株式及び第９回新株予約権の発行に関するお知らせ」の一部訂正について
2026-08-28,278A0,Ｇ－テラドローン,第25回新株予約権（行使価額固定型）の行使に関するお知らせ
2026-08-28,278A0,Ｇ－テラドローン,第21回新株予約権（行使価額修正条項付）の大量行使に関するお知らせ
2026-08-28,27980,Ｙ’ｓ,連結子会社の商号変更及び本店移転に関するお知らせ
2026-08-28,28140,佐藤食品,株式分割、配当予想の修正および株主優待制度の実質的拡充に関するお知らせ
2026-08-28,29040,一正蒲鉾,（訂正）「会社分割による持株会社体制への移行に伴う吸収分割契約締結及び定款変更（商号及び事業目的の一部変更）に関するお知らせ」の一部訂正について
2026-08-28,29790,Ｒ－ＳＯＳｉＬＡ物流,国内不動産信託受益権の取得に関するお知らせ
2026-08-28,30210,ＰＣＮＥＴ,（訂正）「役員体制に関するお知らせ」の一部訂正について
2026-08-28,30210,ＰＣＮＥＴ,第38回定時株主総会 質疑応答要旨
2026-08-28,30480,ビックカメラ,代表取締役の異動（追加）に関するお知らせ
2026-08-28,30760,あいＨＤ,定款の一部変更に関するお知らせ
2026-08-28,30930,トレファク,当社連結子会社における不正アクセスによる個人情報漏えいに関するお知らせ
2026-08-28,31740,ハピネス＆Ｄ,当座貸越契約に基づく資金の借入に関するお知らせ
2026-08-28,317A0,Ｐ－ＳＭＳＤＴｅｃｈ,支配株主等に関する事項について
2026-08-28,31850,Ｇ－夢展望,（開示事項の変更）資本金及び資本準備金の額の減少並びに剰余金の処分に係る効力発生日変更に関するお知らせ
2026-08-28,31920,白鳩,上場維持基準への適合に関するお知らせ
2026-08-28,32260,Ｒ－三井不アコモ,資金の借入れに関するお知らせ
2026-08-28,32830,Ｒ－プロロジ,国内不動産信託受益権の譲渡に関するお知らせ
2026-08-28,32830,Ｒ－プロロジ,自己投資口取得及び消却に係る事項の決定に関するお知らせ
2026-08-28,32830,Ｒ－プロロジ,2026年11月期及び2027年5月期における運用状況及び分配金の予想の修正に関するお知らせ
2026-08-28,33090,Ｒ－積水ハウスリート,資産運用会社における取締役の辞任及び担当業務の変更に関するお知らせ
2026-08-28,33210,ミタチ,取締役の異動及び役員体制に関するお知らせ
2026-08-28,33260,ランシステム,特別損失の計上に関するお知らせ
2026-08-28,33490,コスモス薬品,投資単位の引下げに関する考え方及び方針等について
2026-08-28,34180,Ｇ－バルニバービ,2026年７月期通期業績予想の修正に関するお知らせ
2026-08-28,34350,サンコーテクノ,海外連結子会社におけるランサムウェア被害の発生に関するお知らせ
2026-08-28,34710,Ｒ－三井不ロジパーク,資金の借入れ（グリーンローン）及び返済に関するお知らせ
2026-08-28,34810,Ｒ－三菱地所物流,資金の借入れに関するお知らせ
2026-08-28,34980,霞ヶ関キャピタル,（開示事項の経過）販売用不動産（米国第一号案件：マイアミ開発用地）の売却に関するお知らせ
2026-08-28,35010,ＳＵＭＩＮＯＥ,役員異動及び人事異動のお知らせ
2026-08-28,35010,ＳＵＭＩＮＯＥ,譲渡制限付株式報酬としての自己株式の処分に関するお知らせ
2026-08-28,353A0,エレコミ,支配株主等に関する事項について
2026-08-28,353A0,エレコミ,役員体制に関するお知らせ
2026-08-28,36450,Ｇ－メディカルネット,日本医療支援株式会社との資本業務提携及び第三者割当による自己株式処分に関するお知らせ
2026-08-28,37650,ガンホー,株式会社ソニー・ミュージックエンタテインメントとの資本業務提携、株式の売出し、 主要株主、主要株主である筆頭株主及びその他の関係会社の異動
2026-08-28,38100,サイバーステップＨＤ,財務報告に係る内部統制の開示すべき重要な不備に関するお知らせ
2026-08-28,38100,サイバーステップＨＤ,当社連結子会社とポッピンゲームズジャパン株式会社及び株式会社ロム・シェアリングとのIPを活用したゲーム事業の共同検討に係る基本合意締結に関するお知らせ
2026-08-28,38250,ＲＥＭＩＸ,（開示事項の経過）子会社の異動（株式譲渡）及び株主間契約締結に関するお知らせ
2026-08-28,38250,ＲＥＭＩＸ,業績予想の修正に関するお知らせ
2026-08-28,38250,ＲＥＭＩＸ,（開示事項の変更）株式会社光通信との業務提携に関するお知らせ
2026-08-28,38250,ＲＥＭＩＸ,中期経営計画の数値目標修正に関するお知らせ
2026-08-28,38250,ＲＥＭＩＸ,＜補足説明資料＞蓄電ソリューション事業の現状と中期経営計画目標の上方修正について
2026-08-28,38250,ＲＥＭＩＸ,＜補足説明資料＞蓄電ソリューション事業における今後の保有・販売計画と投資規模について
2026-08-28,38510,日本一Ｓ,業績予想の修正に関するお知らせ
2026-08-28,38920,岡山製紙,支配株主等に関する事項について
2026-08-28,39230,ラクス,（開示事項の経過）株式会社プラスアルファ・コンサルティングの株式追加取得（持分法適用関連会社化）の完了に関するお知らせ
2026-08-28,39320,アカツキ,臨時株主総会招集のための基準日設定に関するお知らせ
2026-08-28,398A0,Ｐ－リアルクオリティ,2026年12月期 中間決算短信〔日本基準〕（非連結）
2026-08-28,39930,ＰＫＳＨＡ,（訂正）「自己株式取得に係る事項の決定に関するお知らせ」の一部訂正について
2026-08-28,40040,レゾナックＨＤ,主要株主の異動に関するお知らせ
2026-08-28,40110,Ｇ－ヘッドウォーター,2026年12月期第2四半期決算説明資料
2026-08-28,402A0,Ｇ－アクセルスペース,業績連動型株式報酬制度のユニット付与に関するお知らせ
2026-08-28,402A0,Ｇ－アクセルスペース,事後交付型株式報酬制度のユニット付与に関するお知らせ
2026-08-28,40520,Ｇ－フィーチャ,資本準備金の額の減少及び剰余金の処分に関するお知らせ
2026-08-28,40540,Ｇ－日本情報Ｃ,譲渡制限付株式報酬制度の導入に関するお知らせ
2026-08-28,40570,Ｇ－インタファクトリ,事業計画及び成長可能性に関する説明資料
2026-08-28,40710,プラスアルファ,株式会社ラクスによる当社普通株式の取得完了並びに主要株主、主要株主である筆頭株主及びその他の関係会社の異動に関するお知らせ
2026-08-28,41000,戸田工,（開示事項の経過）持分法適用関連会社の異動（株式譲渡）完了に関するお知らせ
2026-08-28,41880,三菱ケミカルグループ,役員報酬ＢＩＰ信託の延長にかかる自己株式処分に関するお知らせ
2026-08-28,42420,タカギセイコー,富山県内で発生した大雨の影響に関するお知らせ
2026-08-28,43240,電通グループ,当社および当社グループ会社に関する一部報道について
2026-08-28,43740,Ｇ－ロボペイ,第三者割当による自己株式の処分の払込完了に関するお知らせ
2026-08-28,43740,Ｇ－ロボペイ,2026年7月度 月次リカーリング収益のお知らせ
2026-08-28,43750,Ｇ－セーフィー,当社による佐渡島商事株式会社の株式の取得（完全子会社化）に関するお知らせ
2026-08-28,44200,イーソル,本日の一部報道について
2026-08-28,44270,Ｇ－ＥｄｕＬａｂ,代表取締役の異動及び新経営体制に関するお知らせ
2026-08-28,44380,Ｇ－Ｗｅｌｂｙ,2026年12月期 第２四半期決算説明会資料（事業計画及び成長可能性に関する事項）
2026-08-28,44770,Ｇ－ＢＡＳＥ,SBIホールディングスとの資本業務提携契約の締結等に関する補足説明資料
2026-08-28,44770,Ｇ－ＢＡＳＥ,自己株式の取得中止及び取得状況に関するお知らせ
2026-08-28,44770,Ｇ－ＢＡＳＥ,SBINM合同会社による当社株式に対する公開買付けに関する賛同及び応募中立の意見表明及びSBIHD株式会社との資本業務提携契約の締結に関するお知らせ
2026-08-28,45060,住友ファーマ,当社個別財務諸表（日本基準）における退職給付信託返還益（特別利益）計上に関するお知らせ
2026-08-28,45120,わかもと,主要株主である筆頭株主の異動に関するお知らせ
2026-08-28,45640,Ｇ－ＯＴＳ,当社連結子会社における、国立大学法人東京大学および栄研化学株式会社との共同研究契約締結のお知らせ
2026-08-28,45680,第一三共,（開示事項の変更）第一三共ビジネスアソシエの吸収合併（簡易合併・略式合併）の効力発生日変更に関するお知らせ
2026-08-28,463A0,インテリックスＨＤ,支配株主等に関する事項について
2026-08-28,46570,環境管理,定款の一部変更に関するお知らせ
2026-08-28,46680,明光ネット,執行役員の選任及び担当業務の変更に関するお知らせ
2026-08-28,46890,ＬＩＮＥヤフー,(経過開示)連結子会社（LINE MAN CORPORATION PTE. LTD.）の株式取得の完了時期の変更に関するお知らせ
2026-08-28,47070,キタック,令和８年10月期第３四半期決算短信〔日本基準〕(連結)
2026-08-28,47770,ガーラ,親会社、その他の関係会社、主要株主及び主要株主である筆頭株主の異動に関するお知らせ
2026-08-28,47770,ガーラ,株式会社ガーラ（証券コード4777）株式の売出し及び公開買付けに準ずる行為として政令で定める買集め行為に関するお知らせ
2026-08-28,48120,電通総研,（追加）合同会社VICによる当社株式に対する公開買付けの開始予定に関する賛同の意見表明及び応募推奨に関するお知らせ
2026-08-28,48120,電通総研,2026年12月期の期末配当予想の修正（無配）に関するお知らせ
2026-08-28,48120,電通総研,合同会社VICによる当社株式に対する公開買付けの開始予定に関する賛同の意見表明及び応募推奨に関するお知らせ
2026-08-28,48120,電通総研,当社に関する一部報道について
2026-08-28,48290,日本エンタープライズ,支配株主等に関する事項について
2026-08-28,505A0,ギークリー,支配株主等に関する事項について
2026-08-28,505A0,ギークリー,監査等委員会設置会社への移行に伴う「内部統制システムに関する基本方針」の改定に関するお知らせ
2026-08-28,50790,ノバック,譲渡制限付株式報酬としての自己株式の処分の払込完了に関するお知らせ
2026-08-28,510A0,Ｐ－ハートアップ,支配株主等に関する事項について
2026-08-28,523A0,Ｇ－セイワＨＤ,事業計画及び成長可能性に関する事項
2026-08-28,52850,ヤマックス,業績予想の修正及び配当予想の据え置きに関するお知らせ
2026-08-28,52850,ヤマックス,令和８年熊本地震に伴う損害の発生について
2026-08-28,55280,Ｐ－フロンティアＨＳ,定款一部変更に関するお知らせ
2026-08-28,55280,Ｐ－フロンティアＨＳ,剰余金の配当に関するお知らせ
2026-08-28,55300,日本システムバンク,剰余金の配当に関するお知らせ
2026-08-28,55300,日本システムバンク,固定資産の譲渡および特別利益の計上に関するお知らせ
2026-08-28,554A0,Ｇ－バトンズ,2027年３月期 第１四半期決算説明資料
2026-08-28,55750,Ｇ－Ｇｌｏｂｅｅ,事業計画及び成長可能性に関する説明資料
2026-08-28,57150,古河機金,自己株式立会外買付取引（ToSTNeT-3）による自己株式の取得結果および取得終了に関するお知らせ
2026-08-28,581A0,Ｇ－ＧＯ,非上場の親会社等の決算に関するお知らせ
2026-08-28,58580,Ｇ－ＳＴＧ,株式会社折居技研の買収について
2026-08-28,58580,Ｇ－ＳＴＧ,株式会社折居技研の株式の取得（子会社化）に関するお知らせ
2026-08-28,585A4,Ｅ－ＪＡＭＰＦＭ,上場ETF（管理会社：JAMPファンド・マネジメント）に関する日々の開示事項
2026-08-28,58690,早稲田学習研究会,支配株主等に関する事項について
2026-08-28,587A4,Ｅ－インベスコＱＱＱ,インベスコQQQトラスト シリーズ1 に関する日々の開示事項
2026-08-28,58850,ジーデップアドバンス,支配株主等に関する事項について
2026-08-28,59090,コロナ,当社が利用するクラウドサービスへの不正アクセスによる個人情報漏えいの可能性に関するお知らせ（お詫び）
2026-08-28,594A0,Ｐ－ＰＲＯＨＤ,臨時株主総会の開催ならびに代表取締役の選定に関するお知らせ
2026-08-28,59670,ＴＯＮＥ,自己株式取得に係る事項の決定に関するお知らせ
2026-08-28,59670,ＴＯＮＥ,譲渡制限付株式報酬としての自己株式の処分に関するお知らせ
2026-08-28,59870,オーネックス,剰余金の配当に関するお知らせ
2026-08-28,59870,オーネックス,定款の一部変更に関するお知らせ
2026-08-28,60310,Ｇ－ＺＥＴＡ,東京証券取引所スタンダード市場への市場区分変更承認に関するお知らせ
2026-08-28,60330,Ｇ－エクストリーム,主要株主である筆頭株主の異動に関するお知らせ
2026-08-28,603A0,Ｇ－アイ・グリッド,財務上の特約が付された金銭消費貸借契約の締結について
2026-08-28,60440,三機サービス,株式交換契約に係る定時株主総会の承認可決に関するお知らせ
2026-08-28,607A0,Ｇ－エブリー,第三者割当増資の結果に関するお知らせ
2026-08-28,61180,アイダ,2027年３月期第１四半期決算短信〔日本基準〕(連結)
2026-08-28,615A0,Ｐ－インターパーク,（訂正）「流動性プロバイダー指定のお知らせ」の一部訂正について
2026-08-28,615A0,Ｐ－インターパーク,東京証券取引所TOKYO PRO Market及び札幌証券取引所Sapporo PRO Frontier Marketへの上場のお知らせ
2026-08-28,615A0,Ｐ－インターパーク,東京証券取引所TOKYO PRO Market及び札幌証券取引所Sapporo PRO Frontier Marketへの上場目的に関するお知らせ
2026-08-28,615A0,Ｐ－インターパーク,流動性プロバイダー指定のお知らせ
2026-08-28,615A0,Ｐ－インターパーク,東京証券取引所TOKYO PRO Market及び札幌証券取引所Sapporo PRO Frontier Marketへの上場に伴う当社決算情報等のお知らせ
2026-08-28,61910,エアトリ,自己株式の取得状況および取得終了に関するお知らせ
2026-08-28,61960,ストライクＧ,2026年９月期通期連結業績予想の修正に関するお知らせ
2026-08-28,62180,エンシュウ,タイ製造子会社の生産事業停止に関するお知らせ
2026-08-28,62270,ＡＩメカテック,（訂正）「取締役及び監査役の選任議案並びに監査役の異動に関するお知らせ」の一部訂正について
2026-08-28,62640,マルマエ,事業譲受に関するお知らせ
2026-08-28,63170,北川鉄,組織変更及び人事異動に関するお知らせ
2026-08-28,63490,小森,人事異動に関するお知らせ
2026-08-28,64320,竹内製作所,（開示事項の変更）固定資産の取得に関するお知らせ
2026-08-28,64320,竹内製作所,人事異動に関するお知らせ
2026-08-28,65350,アイモバイル,総務省「ふるさと納税のポータルサイト手数料の引下げについて（要請）」に対する当社回答に関するお知らせ
2026-08-28,65860,マキタ,従業員に対する譲渡制限付株式としての自己株式の処分に関するお知らせ
2026-08-28,66140,シキノハイテック,個人投資家様向け会社説明資料
2026-08-28,66150,ＵＭＣエレ,株式給付信託（BBT）の終了に伴う自己株式の無償取得及び消却に関するお知らせ
2026-08-28,66960,Ｇ－トラースＯＰ,STB（セットトップボックス）の受注に関するお知らせ
2026-08-28,67240,エプソン,役員の異動に関するお知らせ
2026-08-28,68570,アドバンテス,譲渡制限付株式報酬としての自己株式の処分の払込完了に関するお知らせ
2026-08-28,68570,アドバンテス,事後交付型譲渡制限付株式ユニット制度に基づく自己株式の処分の払込完了に関するお知らせ
2026-08-28,68620,ミナトＨＤ,シンジケートローン契約締結に関するお知らせ
2026-08-28,70500,Ｇ－フロンティアＩ,譲渡制限付株式報酬としての自己株式の処分に関するお知らせ
2026-08-28,70720,Ｇ－インテＭ,2026年９月期 第３四半期 決算質疑応答集
2026-08-28,70820,Ｇ－ジモティー,株式併合並びに単元株式数の定めの廃止及び定款の一部変更に係る承認決議に関するお知らせ
2026-08-28,72390,タチエス,（開示事項の経過）子会社の異動を伴う株式の取得及び特定子会社の異動に関するお知らせ
2026-08-28,72820,豊田合,株主優待制度の導入に関するお知らせ
2026-08-28,72870,日本精機,株式会社デンソーのヘッドアップディスプレイ事業の譲受に関するお知らせ
2026-08-28,73180,Ｇ－セレンディップ,（訂正） 「自己株式取得に係る事項の決定に関するお知らせ」の一部訂正について
2026-08-28,73270,第四北越ＦＧ,臨時株主総会招集のための基準日設定に関するお知らせ
2026-08-28,73750,Ｇ－リファインバスＧ,連結子会社における資金の借入に関するお知らせ
2026-08-28,74870,小津産業,支配株主等に関する事項について
2026-08-28,75040,高速,自己株式の取得状況および取得終了に関するお知らせ
2026-08-28,75320,パンパシフィックＨＤ,取締役候補の選任及び代表取締役の異動に関するお知らせ
2026-08-28,76040,梅の花グループ,譲渡制限付株式報酬としての自己株式の処分に係る払込完了に関するお知らせ
2026-08-28,77010,島津製,取締役等に対する株式報酬制度の継続にかかる追加拠出に関するお知らせ
2026-08-28,78390,ＳＨＯＥＩ,役員人事に関するお知らせ
2026-08-28,79210,ＴＡＫＡＲＡ＆ＣＯ,譲渡制限付株式報酬としての自己株式の処分に関するお知らせ
2026-08-28,79570,フジコピアン,2026年12月期（2Q）決算説明資料に関するお知らせ
2026-08-28,79910,マミヤオーピー,株式報酬型ストックオプション（新株予約権）の発行内容確定に関するお知らせ
2026-08-28,80010,伊藤忠,一部報道について
2026-08-28,80050,スクロール,自己株式の取得状況及び取得終了に関するお知らせ
2026-08-28,80110,三陽商,自己株式立会外買付取引（ToSTNeT-3）による自己株式の買付価格確定のお知らせ
2026-08-28,80110,三陽商,第2四半期（中間期）業績予想の修正に関するお知らせ
2026-08-28,80110,三陽商,自己株式の取得及び自己株式立会外買付取引（ToSTNeT-3）による自己株式の買付けに係る事項の決定に関するお知らせ
2026-08-28,80320,紙パル商,執行役員の異動に関するお知らせ
2026-08-28,81170,中央自動車工業,2027年３月期 第１四半期決算短信〔日本基準〕（連結）（公認会計士等による期中レビューの完了）
2026-08-28,81170,中央自動車工業,株式の売出しに関するお知らせ
2026-08-28,81170,中央自動車工業,自己株式取得に係る事項の決定に関するお知らせ
2026-08-28,81190,三栄コーポ,2027年3月期 株主優待の実施および株主優待制度の変更（拡充）に関するお知らせ
2026-08-28,81310,ミツウロコＧＨＤ,自己株式立会外買付取引（ToSTNeT－3）による自己株式の取得結果及び自己株式取得終了に関するお知らせ
2026-08-28,81740,日瓦斯,株式分割、株式分割に伴う定款の一部変更、株式分割に伴う自己株式取得に係る事項の一部変更および配当予想の修正に関するお知らせ
2026-08-28,82030,ＭｒＭａｘＨＤ,コミットメントライン契約の更新に関するお知らせ
2026-08-28,84730,ＳＢＩ,BASE株式会社株式（証券コード：4477）に対する公開買付けの開始及び同社との資本業務提携契約の締結に関するお知らせ
2026-08-28,87250,ＭＳ＆ＡＤ,三井住友海上による国内無担保普通社債の発行に係る条件決定について
2026-08-28,87830,ａｂｃ,ZoomART Foundationとの業務提携及び暗号資産の譲渡に関するお知らせ
2026-08-28,87830,ａｂｃ,暗号資産譲渡に伴う特別利益（暗号資産受贈益）及び営業外費用（暗号資産売却損）の計上に関するお知らせ
2026-08-28,87950,Ｔ＆ＤＨＤ,（訂正）「決算のお知らせ」および「決算補足資料」（2024年３月期第１四半期～2026年３月期）の一部訂正に関するお知らせ
2026-08-28,88870,シーラＨＤ,（開示事項の経過）販売用不動産の売却決済完了に関するお知らせ
2026-08-28,89210,Ｐ－シーズクリエイト,当座貸越契約（更新）の締結に関するお知らせ
2026-08-28,89520,Ｒ－ジャパン,資産運用会社における組織の変更および役員の異動に関するお知らせ
2026-08-28,89520,Ｒ－ジャパン,資金の借入に関するお知らせ
2026-08-28,90740,日石輸,株式分割および株式分割に伴う定款一部変更ならびに期末配当予想の修正に関するお知らせ
2026-08-28,92380,Ｇ－バリューＣ,当社及び当社元取締役に対する損害賠償請求訴訟の提起に関するお知らせ
2026-08-28,92450,Ｇ－リベロ,（開示事項の経過）上場維持基準への適合に向けた計画に基づく進捗状況について
2026-08-28,92640,ポエック,連結子会社からの配当金受領に関するお知らせ
2026-08-28,94040,日テレＨＤ,自己株式の取得状況及び取得終了に関するお知らせ
2026-08-28,94340,ソフトバンク,(開示事項の経過)連結子会社(LINE MAN CORPORATION PTE. LTD.)の株式取得の完了時期の変更に関するお知らせ
2026-08-28,95360,西部ガスＨＤ,自己株式の消却に関するお知らせ
2026-08-28,96030,Ｈ．Ｉ．Ｓ．,"当社連結子会社によるAmerican Ring Travel, Inc.の株式取得（子会社化）に関するお知らせ"
2026-08-28,96580,ビジ太田昭和,株主優待制度の変更に関するお知らせ
2026-08-28,97880,ナック,簡易株式交換による株式会社洋光の完全子会社化に関するお知らせ
2026-08-28,98820,イエローハット,イエローハットにおける不正アクセスによる個人情報漏えいの可能性に関するお詫びとお知らせ
2026-08-28,99840,ソフトバンクグループ,（開示事項の経過）連結子会社（LINE MAN CORPORATION PTE. LTD.）の株式取得の完了時期の変更に関するお知らせ
2026-08-28,99870,スズケン,（開示事項の経過）「令和８年熊本地震」の影響に関するお知らせ：（株）三和化学研究所熊本工場の復旧目途について
2026-08-28,99870,スズケン,自己株式取得に係る事項の決定に関するお知らせ
2026-08-31,13264,Ｅ－ワールド,SPDRゴールド・シェアに関する日々の開示事項
2026-08-31,13294,Ｅ－ブラックロック,上場ETF（管理会社：ブラックロック・ジャパン）に関する日々の開示事項
2026-08-31,13494,Ｅ－ＳＳＧＡ－ＳＩＮ,アジア国債・公債ＥＴＦ（正式名称：ＡＢＦ汎アジア債券インデックス・ファンド）に関する日々の開示事項
2026-08-31,137A0,Ｇ－Ｃｏｃｏｌｉｖｅ,事業計画及び成長可能性に関する事項
2026-08-31,14850,ＭＸＳ Ｊ積極投資,「ＭＡＸＩＳ ＪＡＰＡＮ 設備・人材積極投資企業２００上場投信」の 基準価額と市場価格の重要な乖離に関するお知らせ
2026-08-31,15574,Ｅ－ＳＳＧＡＴＣ,State Street SPDR S&P500 ETFに関する日々の開示事項
2026-08-31,16714,Ｅ－シンプレクス,上場ＥＴＦ(管理会社：シンプレクス・アセット・マネジメント)に関する日々の開示事項
2026-08-31,16724,Ｅ－ＷｉｓｄｏｍＴｒ,上場ETF（管理会社：WisdomTree、外国投資法人：MSL）に関する日々の開示事項
2026-08-31,16724,Ｅ－ＷｉｓｄｏｍＴｒ,上場ETF（管理会社：WisdomTree、外国投資法人：CSL）に関する日々の開示事項
2026-08-31,17180,美樹工業,株式分割及び定款の一部変更並びに配当予想の修正に関するお知らせ
2026-08-31,171A0,Ｐ－ゼロジャパン,定款の一部変更に関するお知らせ
2026-08-31,19110,住友林,劣後特約付シンジケートローンの契約締結に関するお知らせ
2026-08-31,198A0,Ｇ－ポストプライム,エンタメIP事業領域への参入、株式会社キューブの株式取得（子会社化）及び 同社への資金貸付けに関するお知らせ
2026-08-31,198A0,Ｇ－ポストプライム,事業計画及び成長可能性に関する事項
2026-08-31,205A0,Ｇ－ロゴスＨＤ,事業計画及び成長可能性に関する事項
2026-08-31,20704,Ｎ－三菱ＵＦＪ証ＨＤ,上場ETN（発行者：三菱UFJ証券ホールディングス株式会社）に関する日々の開示事項
2026-08-31,21460,ＵＴグループ,（開示事項の変更）主要株主及び主要株主である筆頭株主の異動の異動予定日の変更に関するお知らせ
2026-08-31,21530,イージェイＨＤ,（開示事項の経過）持分法適用関連会社株式の譲渡に伴う特別利益の計上に関するお知らせ
2026-08-31,21950,Ｇ－アミタＨＤ,第三者割当による新株式発行の払込完了に関するお知らせ
2026-08-31,22160,カンロ,自己株式の消却完了に関するお知らせ
2026-08-31,221A0,ＭＸＳ日経半導体株,ＭＡＸＩＳ日経半導体株上場投信 決算短信（2026年7月期）
2026-08-31,22660,六甲バター,配当方針の変更、配当予想の修正及び株主優待制度の変更に関するお知らせ
2026-08-31,22880,丸大食,雇用型執行役員等向け業績連動型株式報酬制度における株式取得に係る事項の決定に関するお知らせ
2026-08-31,22880,丸大食,雇用型執行役員等向け業績連動型株式報酬制度の導入に伴う自己株式の処分に関するお知らせ
2026-08-31,23290,東北新社,自己株式立会外買付取引による自己株式の取得結果及び自己株式取得終了、親会社以外の支配株主及び主要株主である筆頭株主の異動に関するお知らせ
2026-08-31,23340,Ｇ－イオレ,（開示事項の経過）「Neo Crypto Bank構想」における新規デジタルアセットHyperliquid（HYPE）追加取得のお知らせ
2026-08-31,23340,Ｇ－イオレ,（開示事項の変更）JAICデータダイナミクス株式会社が発行するA種優先株式の引受けに関するお知らせ
2026-08-31,24040,鉄人化ＨＤ,当社株式の監理銘柄（確認中）指定に関するお知らせ
2026-08-31,24370,シンワワイズ,支配株主等に関する事項について
2026-08-31,253A0,ＥＴＳグループ,非上場の親会社の決算に関するお知らせ
2026-08-31,25900,ＤｙＤｏ,2027年1月期8月度販売状況のお知らせ
2026-08-31,25970,ユニカフェ,2026年12月期 半期(中間期)決算説明資料
2026-08-31,25970,ユニカフェ,親会社等の決算に関するお知らせ
2026-08-31,26520,まんだらけ,2026年９月期売上高推移報告について
2026-08-31,26560,ベクターＨＤ,高性能サーバーレンタル事業の受注に関するお知らせ
2026-08-31,26870,ＣＶＳベイ,2027年２月期月次業績（速報）に関するお知らせ
2026-08-31,278A0,Ｇ－テラドローン,第21回新株予約権（行使価額修正条項付）の大量行使に関するお知らせ
2026-08-31,27960,ファーマライズＨＤ,第40期定時株主総会における議決権行使の集計結果に関するお知らせ
2026-08-31,28100,ハウス食Ｇ,当社に関する一部報道について
2026-08-31,29340,Ｇ－Ｊフロンティア,事業計画及び成長可能性に関する事項
2026-08-31,302A0,Ｇ－ビースタイルＨＤ,2027年３月期第１四半期 質疑応答集
2026-08-31,30310,ラクーンＨＤ,2027年４月期第１四半期決算短信〔日本基準〕(連結)
2026-08-31,30310,ラクーンＨＤ,2027年4月期第1四半期 決算説明資料
2026-08-31,30690,ＪＦＬＡＨＤ,非上場の親会社等の決算に関するお知らせ
2026-08-31,30770,ホリイフード,（開示事項の経過）連結子会社の固定資産譲渡に関するお知らせ
2026-08-31,30930,トレファク,（追加）2027年２月期第１四半期決算 質疑応答集 （2026/８/31更新）
2026-08-31,31090,シキボウ,完全子会社との吸収合併（簡易吸収合併・略式吸収合併）に関するお知らせ
2026-08-31,31090,シキボウ,連結子会社の解散に関するお知らせ
2026-08-31,31090,シキボウ,コミットメントライン契約に基づく借入の実施について
2026-08-31,31330,Ｇ－海帆,借入金の一部返済及び残額の返済期日延長に関するお知らせ
2026-08-31,31610,アゼアス,主要株主である筆頭株主の異動に関するお知らせ
2026-08-31,31720,ティーライフ,固定資産の取得に関する不動産売買契約締結のお知らせ
2026-08-31,32360,プロパスト,支配株主等に関する事項について
2026-08-31,32450,ディア・ライフ,収益不動産の取得に関するお知らせ
2026-08-31,32790,Ｒ－ＡＰＩ,資金の借入れに関するお知らせ
2026-08-31,33290,東和フード,2027年4月期 第１四半期決算短信（非連結・日本基準）
2026-08-31,33500,メタプラネット,第10回新株予約権の一部行使に関するお知らせ
2026-08-31,34390,三ツ知,資本コストや株価を意識した経営の実現に向けた対応について（アップデート）
2026-08-31,34450,ＲＳＴＥＣＨ,連結子会社(中国プライムウェーハ事業)の組織再編検討開始のお知らせ
2026-08-31,34630,Ｒ－いちごホテル,オペレーター変更およびこれに伴う賃借の開始のお知らせ
2026-08-31,34630,Ｒ－いちごホテル,特定関係法人の異動のお知らせ
2026-08-31,34690,デュアルタップ,販売用不動産（信託受益権）の売却のお知らせ（東京都千代田区）
2026-08-31,34880,Ｒ－セントラル,資産運用会社における代表取締役及び投資法人の執行役員の変更に関するお知らせ
2026-08-31,348A0,ＭＸＳ読売３３３日株,ＭＡＸＩＳ読売３３３日本株上場投信 決算短信（2026年7月期）
2026-08-31,34900,アズ企画設計,販売用不動産の売却及び借入金の返済に関するお知らせ
2026-08-31,35530,共和レザー,連結子会社の増資に伴う特定子会社への異動のお知らせ
2026-08-31,36450,Ｇ－メディカルネット,事業計画及び成長可能性に関する事項
2026-08-31,36470,アスリナ,株式譲渡による連結子会社の異動に関するお知らせ
2026-08-31,36670,ｅｎｉｓｈ,株主優待制度の詳細決定およびSBI VCトレード株式会社との連携に関するお知らせ
2026-08-31,36780,メディアドゥ,2027年2月期 1Q決算FAQ
2026-08-31,372A0,レント,(訂正)「譲渡制限付株式報酬としての自己株式の処分並びに主要株主及び主要株主である筆頭株主の異動に関するお知らせ」の一部訂正について
2026-08-31,374A0,Ｐ－樋口総合研究所,支配株主等に関する事項について
2026-08-31,37630,プロシップ,2027年3月期第1四半期決算説明資料
2026-08-31,377A0,エージェントＩＧＨＤ,当社連結子会社による固定資産（保険契約に係る顧客契約上の地位等）の取得に向けた基本合意書締結のお知らせ
2026-08-31,38100,サイバーステップＨＤ,第三者割当により調達した資金の使途の変更及び充当完了に関するお知らせ
2026-08-31,38430,フリービット,2027年４月期第１四半期決算短信の開示が四半期末後45日を超えることに関するお知らせ
2026-08-31,39280,マイネット,2026年12月期 第２四半期 決算説明会 エグゼクティブサマリー
2026-08-31,39280,マイネット,2026年12月期 第２四半期 決算説明会 書き起こし要約
2026-08-31,39290,Ｇ－ソーシャルワイヤ,本社移転および拠点統合（収益構造改革の進捗）に関するお知らせ
2026-08-31,402A0,Ｇ－アクセルスペース,事業計画及び成長可能性に関する事項
2026-08-31,40540,Ｇ－日本情報Ｃ,(訂正・数値データ訂正)「2026年６月期 決算短信〔日本基準〕（非連結）」の一部訂正について
2026-08-31,40760,Ｇ－シイエヌエス,事業計画及び成長可能性に関する事項
2026-08-31,40880,エア・ウォーター,（訂正）「2025年度 通期業績決算説明資料」の一部訂正についてのお知らせ
2026-08-31,41770,Ｇ－ｉ－ｐｌｕｇ,よくある質問と回答（2027年３月期第１四半期決算）
2026-08-31,423A0,ライオン事務器,（開示事項の経過）固定資産の譲渡および特別利益の計上に関するお知らせ
2026-08-31,42410,アテクト,その他の関係会社の決算に関するお知らせ
2026-08-31,42450,ダイキアクシス,コミットメントライン契約の締結に関するお知らせ
2026-08-31,42580,Ｇ－網屋,（開示事項の経過）サイバーソリューションズ株式会社との資本業務提携に関するお知らせ
2026-08-31,42900,ＰＩ,自己株式の取得状況及び取得終了に関するお知らせ
2026-08-31,43200,ＣＥＨＤ,（変更）「SK-03株式会社による株式会社ＣＥホールディングスの株式（証券コード4320）に対する公開買付けの開始に関するお知らせ」の変更に関するお知らせ
2026-08-31,43200,ＣＥＨＤ,（変更）「SK-03株式会社による当社株式に対する公開買付けに関する賛同及び応募中立の意見表明に関するお知らせ」の一部変更について
2026-08-31,43200,ＣＥＨＤ,（変更）「自己株式の公開買付けの開始予定に関するお知らせ」の一部変更について
2026-08-31,43200,ＣＥＨＤ,臨時株主総会招集のための基準日設定に関するお知らせ
2026-08-31,43240,電通グループ,電通グループ、電通総研を伊藤忠グループとの合弁会社化へ
2026-08-31,43690,トリケミカル,2027年1月期 第2四半期（中間期）決算短信〔日本基準〕（連結）
2026-08-31,43690,トリケミカル,第２四半期(中間期)業績予想と実績との差異及び通期業績予想の修正に関するお知らせ
2026-08-31,436A0,Ｇ－サイバーＳＯＬ,（開示事項の経過）株式会社網屋との資本業務提携に関するお知らせ
2026-08-31,436A0,Ｇ－サイバーＳＯＬ,2027年４月期 第１四半期決算短信〔ＩＦＲＳ〕(非連結)
2026-08-31,436A0,Ｇ－サイバーＳＯＬ,2027年4月期第1四半期決算説明資料
2026-08-31,43770,Ｇ－ワンキャリア,決算に関するよくある質問と回答
2026-08-31,44180,Ｇ－ＪＤＳＣ,事業計画及び成長可能性に関する説明資料
2026-08-31,44310,Ｇ－スマレジ,募集新株予約権（有償ストック・オプション）の発行内容確定に関するお知らせ
2026-08-31,44440,Ｇ－インフォネット,非上場の親会社等の決算に関するお知らせ
2026-08-31,45630,Ｇ－アンジェス,第三者割当第47回新株予約権(行使価額修正条項付)、第48回新株予約権及び第２回無担保転換社債型新株予約権付社債の払込完了に関するお知らせ
2026-08-31,45760,Ｇ－ＤＷＴＩ,「Bondlido」の米国販売提携並びに上市時期について
2026-08-31,45820,Ｇ－シンバイオ製薬,第三者割当により発行された第58回新株予約権及び第66回新株予約権（行使価額修正条項付）の月間行使状況に関するお知らせ
2026-08-31,45860,Ｇ－メドレック,Terrainとの米国における“Bondlido”販売提携と上市時期について
2026-08-31,458A0,Ｐ－プラン・ドゥ,（訂正）「2026年11月期 中間決算短信〔日本基準〕（非連結）」の一部訂正に関するお知らせ
2026-08-31,45920,Ｇ－サンバイオ,ミナリス社米国工場閉鎖に伴うアクーゴ(R)生産体制の国内統合に関するお知らせ
2026-08-31,45980,Ｇ－ＤＥＬＴＡ－Ｐ,DFP-17729の臨床第2／3相試験の第２相部分のデータ解析状況に関するお知らせ
2026-08-31,46160,川上塗料,株式分割、株式分割に伴う定款の一部変更および株主優待制度の変更（拡充）に関するお知らせ
2026-08-31,46660,パーク２４,2026年10月期 第３四半期決算短信〔日本基準〕（連結）
2026-08-31,46660,パーク２４,2026年10月期 第３四半期決算補足資料
2026-08-31,47600,アルファ,当社株式の監理銘柄（確認中）指定に関するお知らせ
2026-08-31,476A0,辻・本郷ＩＴコンサル,特別利益計上に関するお知らせ
2026-08-31,48120,電通総研,（訂正）「合同会社VICによる当社株式に対する公開買付けの開始予定に関する賛同の意見表明及び応募推奨に関するお知らせ」の一部訂正について
2026-08-31,48250,ＷＮＩウェザー,第41期業績連動報酬の算定方法等の決定に関するお知らせ
2026-08-31,48400,トライアイズ,販売用不動産の売却に関するお知らせ
2026-08-31,48400,トライアイズ,販売用不動産の売却に関するお知らせ
2026-08-31,48400,トライアイズ,販売用不動産の売却に関するお知らせ
2026-08-31,48400,トライアイズ,2026年12月期通期業績予想の修正に関するお知らせ
2026-08-31,48400,トライアイズ,2026年12月期通期個別業績予想の修正に関するお知らせ
2026-08-31,48880,Ｇ－ステラファーマ,株式及び新株予約権発行プログラム設定契約に基づく第３回第三者割当による新株式及び新株予約権の払込完了のお知らせ
2026-08-31,49230,ＣＯＴＡ,財務報告に係る内部統制の開示すべき重要な不備に関するお知らせ
2026-08-31,49230,ＣＯＴＡ,2026年３月期有価証券報告書の提出完了に関するお知らせ
2026-08-31,49920,北興化,従業員持株会向け譲渡制限付株式インセンティブとしての自己株式の処分の払込完了および一部失権に関するお知らせ
2026-08-31,511A0,Ｐ－ヴァンガードＳ,支配株主等に関する事項について
2026-08-31,52020,板硝子,第三者割当による新株式発行の払込完了について
2026-08-31,52160,倉元,重慶金景特殊ガラス有限公司との戦略的協力協議書（MOU）締結のお知らせ
2026-08-31,52160,倉元,ペロブスカイト太陽電池事業に関する当社子会社に対する合弁出資に関する株主間契約の締結及びそれに伴う連結子会社の異動（連結除外）の見込みに関するお知らせ
2026-08-31,523A0,Ｇ－セイワＨＤ,支配株主等に関する事項について
2026-08-31,52490,Ｐ－あさかわシス,非上場の親会社等の決算情報に関するお知らせ
2026-08-31,524A0,Ｐ－田村ビルズＧ,支配株主等に関する事項について
2026-08-31,52550,Ｇ－モンスターラボ,（開示事項の経過）連結子会社の異動（株式交換）及び持分法適用関連会社の異動の完了に関するお知らせ
2026-08-31,552A0,ＭＸ米株ＡＩインフラ,ＭＡＸＩＳ米国ＡＩインフラ株上場投信 決算短信（2026年7月期）
2026-08-31,55310,Ｐ－エヌバイテクノ,資金の借入れに関するお知らせ
2026-08-31,55320,Ｇ－リアルゲイト,（開示事項の経過）固定資産取得に伴う資金借入に関するお知らせ
2026-08-31,56980,エンビプロＨＤ,2026年６月期 決算説明会（書き起こし）
2026-08-31,58030,フジクラ,連結子会社の異動（株式譲渡）に関するお知らせ
2026-08-31,58050,ＳＷＣＣ,「株式分割」、株式分割に伴う「定款の一部変更」および「配当予想の修正」に関するお知らせ
2026-08-31,585A4,Ｅ－ＪＡＭＰＦＭ,上場ETF（管理会社：JAMPファンド・マネジメント）に関する日々の開示事項
2026-08-31,587A4,Ｅ－インベスコＱＱＱ,インベスコQQQトラスト シリーズ1 に関する日々の開示事項
2026-08-31,602A0,Ｐ－レックス,合同会社ユメカタリストの出資持分取得に関する 持分譲渡契約締結に関するお知らせ
2026-08-31,60810,Ｇ－アライドアーキ,（開示事項の経過）連結子会社に対する債権放棄に関するお知らせ
2026-08-31,60810,Ｇ－アライドアーキ,第22回新株予約権及び第23回新株予約権の取得及び消却並びに資金使途の変更に関するお知らせ
2026-08-31,61670,冨士ダイス,（訂正）「2027年３月期第１四半期 決算補足説明資料」の一部訂正について
2026-08-31,61670,冨士ダイス,2027年３月期第１四半期 決算補足説明資料
2026-08-31,63100,井関農,固定資産の譲渡および特別利益の計上に関するお知らせ
2026-08-31,64930,ＮＩＴＴＡＮ,営業所統廃合に関するお知らせ
2026-08-31,65080,明電舎,配当予想の修正に関するお知らせ
2026-08-31,65220,Ｇ－アスタリスク,2026年８月期通期連結業績予想の修正及び特別損失（投資有価証券評価損）の計上に関するお知らせ
2026-08-31,65350,アイモバイル,コミットメントライン契約締結に関するお知らせ
2026-08-31,65620,Ｇ－ジーニー,「内部統制システム整備の基本方針」一部改定に関するお知らせ
2026-08-31,65680,Ｇ－神戸天然物化学,2027年３月期第1四半期決算に関する質疑応答集
2026-08-31,65780,コレックＨＤ,系統用蓄電池事業への参入及び蓄電池設備の取得に関するお知らせ
2026-08-31,65940,ニデック,役員の異動に関するお知らせ
2026-08-31,66250,ＪＡＬＣＯ ＨＤ,高圧系統用蓄電所の取得及び需給調整市場取引開始案件の拡大に関するお知らせ
2026-08-31,67540,アンリツ,従業員持株会に対する譲渡制限付株式としての自己株式処分の払込完了及び一部失権に関するお知らせ
2026-08-31,67760,天昇電,親会社等の決算に関するお知らせ
2026-08-31,68100,マクセル,株式報酬制度における株式取得に係る事項の決定に関するお知らせ
2026-08-31,68100,マクセル,株式報酬制度に係る自己株式の処分に関するお知らせ
2026-08-31,68380,多摩川ＨＤ,当社子会社が取得する系統用蓄電所の引渡し完了・運転開始に関するお知らせ
2026-08-31,68740,協立電機,親会社等の決算に関するお知らせ
2026-08-31,68970,ツインバード,新 中期経営計画2026-2030の策定に関するお知らせ
2026-08-31,68970,ツインバード,株式会社ジャパネットホールディングスによる当社株式に対する 公開買付けの開始予定に関する反対の意見表明のお知らせ
2026-08-31,68970,ツインバード,ジャパネットによる 当社株式に対する公開買付けの開始予定への当社意見（補足資料）
2026-08-31,69250,ウシオ電,従業員持株会に対する譲渡制限付株式としての自己株式処分の払込完了及び一部失権に関するお知らせ
2026-08-31,69420,ソフィアＨＤ,非上場の親会社等の決算に関するお知らせ
2026-08-31,69600,フクダ電子,第三者委員会の委員の辞任と追加選任に関するお知らせ
2026-08-31,70310,Ｇ－インバウンド,株価コミットメント型募集新株予約権（有償ストック・オプション）の発行内容確定に関するお知らせ
2026-08-31,70310,Ｇ－インバウンド,税制適格ストック・オプション（新株予約権）の発行内容確定に関するお知らせ
2026-08-31,70840,Ｇ－ＳｍｉｌｅＨＤ,資本金の額の減少及び資本準備金の額の減少（その他資本剰余金への振替）に関するお知らせ
2026-08-31,71380,Ｇ－ＴＯＲＩＣＯ,イーサリアム（ETH）の追加取得に関するお知らせ
2026-08-31,71390,Ｐ－東京高圧,代表取締役の異動に関するお知らせ
2026-08-31,71670,めぶきＦＧ,子会社の設立に関するお知らせ
2026-08-31,71730,東京きらぼしＦＧ,従業員持株会向け譲渡制限付株式インセンティブとしての自己株式の処分の払込完了及び一部失権に関するお知らせ
2026-08-31,72010,日産自,日産自動車とHonda、次世代SDVの中核を構成するECUやソフトウェアの共通化に向けた共同開発契約締結のお知らせ
2026-08-31,72670,ホンダ,日産自動車株式会社との次世代SDVの中核を構成するECUやソフトウェアの共通化に向けた共同開発契約締結のお知らせ
2026-08-31,72730,イクヨ,（開示事項の変更）「連結子会社の第三者割当増資および特定子会社の異動に関するお知らせ」の一部変更について
2026-08-31,72960,ＦＣＣ,自己株式の消却完了に関するお知らせ
2026-08-31,73180,Ｇ－セレンディップ,第三者割当による自己株式の処分に関するお知らせ
2026-08-31,73640,Ｐ－琉球アスティーダ,2026年12月期 中間決算短信〔日本基準〕（非連結）
2026-08-31,73750,Ｇ－リファインバスＧ,（訂正）連結子会社における資金の借入に関するお知らせの一部訂正について
2026-08-31,74340,オータケ,2026年5月期有価証券報告書の提出期限延長申請に係る承認のお知らせ
2026-08-31,74340,オータケ,2026年5月期有価証券報告書の提出期限延長に係る承認申請書提出のお知らせ
2026-08-31,74620,ＣＡＰＩＴＡ,借入金の返済に関するお知らせ
2026-08-31,75270,システムソフト,子会社の異動を伴う会社更生手続中の会社とのスポンサー契約締結に関するお知らせ
2026-08-31,76300,壱番屋,当社に関する一部報道について
2026-08-31,78680,広済堂ＨＤ,自己株式の消却に関するお知らせ
2026-08-31,79880,ニフコ,自己株式立会外買付取引（ToSTNeT-3）による自己株式の買付けに関するお知らせ
2026-08-31,79880,ニフコ,自己株式取得に係る事項の決定に関するお知らせ （会社法第165条第２項の規定による定款の定めに基づく自己株式の取得）
2026-08-31,80010,伊藤忠,株式会社電通総研の株式（証券コード：4812）に対する公開買付けの開始予定に関するお知らせ
2026-08-31,80110,三陽商,自己株式立会外買付取引（ToSTNeT-3）による自己株式の取得結果及び自己株式の取得終了に関するお知らせ
2026-08-31,80180,三共生興,三共生興社員持株会向け譲渡制限付株式インセンティブとしての自己株式の処分の払込完了及び一部失権に関するお知らせ
2026-08-31,80370,カメイ,アグリ株式会社の営業終了に関するお知らせ
2026-08-31,80370,カメイ,Kamei Vietnam Joint Stock Companyの営業終了に関するお知らせ
2026-08-31,81320,シナネンＨＤ,自己株式の消却完了に関するお知らせ
2026-08-31,81510,東陽テクニカ,取締役、監査役の異動および執行役員任命に関するお知らせ
2026-08-31,81530,モスフード,自己株式の取得状況及び取得終了に関するお知らせ
2026-08-31,81570,都築電気,株主優待制度の優待内容に関するお知らせ
2026-08-31,82270,しまむら,特定子会社の異動に関するお知らせ
2026-08-31,82540,さいか屋,当社株式の監理銘柄（確認中）指定に関するお知らせ
2026-08-31,83980,筑邦銀,株式給付信託制度への追加拠出に伴う自己株式の処分に関するお知らせ
2026-08-31,85180,アジア投資,株主優待制度の導入に関するお知らせ
2026-08-31,87080,アイザワ証Ｇ,第23回無担保社債発行に関するお知らせ
2026-08-31,88870,シーラＨＤ,支配株主等に関する事項について
2026-08-31,88870,シーラＨＤ,（開示事項の経過）販売用不動産の売却決済完了に関するお知らせ
2026-08-31,88870,シーラＨＤ,（開示事項の経過）販売用不動産の売却決済完了に関するお知らせ
2026-08-31,88940,ＲＥＶＯＬＵＴＩＯＮ,社内調査委員会の調査報告書に関するお知らせ
2026-08-31,88940,ＲＥＶＯＬＵＴＩＯＮ,連結子会社の異動（株式譲渡及び連結除外）並びに連結子会社におけるクラウドファンディング事業からの撤退に関するお知らせ
2026-08-31,88940,ＲＥＶＯＬＵＴＩＯＮ,第10回新株予約権の資金使途及び支出予定時期の一部変更に関するお知らせ
2026-08-31,88940,ＲＥＶＯＬＵＴＩＯＮ,2026年10月期通期連結業績予想の修正（未定）及び中期経営計画の取り下げに関するお知らせ
2026-08-31,89190,カチタス,従業員に対する譲渡制限付株式としての自己株式の処分の払込完了に関するお知らせ
2026-08-31,89380,Ｇ－グロームＨＤ,連結子会社における特別損失（一部債権放棄）の計上 およびアライアンス先医療機関の施設数・病床数に関するお知らせ
2026-08-31,89520,Ｒ－ジャパン,資金の借入に関するお知らせ
2026-08-31,92270,Ｇ－マイクロ波化学,第三者割当による第８回新株予約権（行使価額修正条項付）の発行及びファシリティ契約の締結（行使許可条項付）に関するお知らせ
2026-08-31,92270,Ｇ－マイクロ波化学,第三者割当による第８回新株予約権の発行に関する補足説明資料
2026-08-31,92450,Ｇ－リベロ,よくある質問と回答(2026年８月)
2026-08-31,92480,人・夢・技術Ｇ,当社及び連結子会社における役員候補者の選任のお知らせ
2026-08-31,92480,人・夢・技術Ｇ,自己株式取得に係る事項の決定に関するお知らせ
2026-08-31,92670,ゲンキードラッグ,2027年6月期 8月度月次営業速報
2026-08-31,93220,川西倉庫,売出価格等の決定に関するお知らせ
2026-08-31,93340,Ｐ－アイビスＨＤ,2026年10月期 通期連結業績予想の修正に関するお知らせ
2026-08-31,94250,ＲｅＹｕｕＪａｐａｎ,（開示事項の経過）ネクスト・セキュリティ株式会社の株式取得完了のお知らせ
2026-08-31,94460,サカイＨＤ,非上場の親会社等の決算に関するお知らせ
2026-08-31,95310,東瓦斯,完全子会社（東京ガスエンジニアリングソリューションズ株式会社）との会社分割（簡易吸収分割・略式吸収分割）に関するお知らせ
2026-08-31,95570,Ｇ－エアクロ,公開買付けに準ずる行為として政令で定める買集め行為に関するお知らせ
2026-08-31,95570,Ｇ－エアクロ,事業計画及び成長可能性に関する事項
2026-08-31,95600,Ｇ－プログリット,当座貸越契約の増額に関するお知らせ
2026-08-31,96120,ラックランド,2026年12月期 第２四半期 決算説明会での配布資料の公表について
2026-08-31,96160,共立メンテ,2026年7月度 経営情報 Monthly Report
2026-08-31,97390,ＮＳＷ,主要株主の異動（予定）および公開買付けに準ずる行為として政令で定める買集め行為に関するお知らせ
2026-08-31,99060,藤井産業,代表取締役の異動および社長業務の代行に関するお知らせならびに持株会社体制移行に伴う役員体制の決定に関するお知らせ
2026-08-31,99340,因幡電産,藤倉商事株式会社の株式の取得（完全子会社化）に関するお知らせ
2026-08-31,99590,アシードＨＤ,株式の立会外分売実施に関するお知らせ
2026-08-31,99720,アルテック,福井県内で発生した豪雨の影響に関するお知らせ
2026-09-01,13264,Ｅ－ワールド,SPDRゴールド・シェアに関する日々の開示事項
2026-09-01,13294,Ｅ－ブラックロック,上場ETF（管理会社：ブラックロック・ジャパン）に関する日々の開示事項
2026-09-01,13494,Ｅ－ＳＳＧＡ－ＳＩＮ,アジア国債・公債ＥＴＦ（正式名称：ＡＢＦ汎アジア債券インデックス・ファンド）に関する日々の開示事項
2026-09-01,14200,サンヨーＨ,第３回新株予約権（行使価額修正条項付新株予約権）の月間行使状況に関するお知らせ
2026-09-01,146A0,コロンビア・ワークス,2026年12月期第２四半期決算概要(補足テキスト)
2026-09-01,146A0,コロンビア・ワークス,中期経営計画(～2030年)概要(補足テキスト)
2026-09-01,146A0,コロンビア・ワークス,想定されるご質問と当社見解(2026年８月)
2026-09-01,149A0,Ｇ－シンカ,（開示事項の経過）弊社運営サイトの再開に関するお知らせ
2026-09-01,15574,Ｅ－ＳＳＧＡＴＣ,State Street SPDR S&P500 ETFに関する日々の開示事項
2026-09-01,16714,Ｅ－シンプレクス,上場ＥＴＦ(管理会社：シンプレクス・アセット・マネジメント)に関する日々の開示事項
2026-09-01,16720,金ＥＴＦ,令和8年12月期 中間決算短信（令和8年1月1日～令和8年6月30日)
2026-09-01,16724,Ｅ－ＷｉｓｄｏｍＴｒ,上場ETF（管理会社：WisdomTree、外国投資法人：CSL）に関する日々の開示事項
2026-09-01,16724,Ｅ－ＷｉｓｄｏｍＴｒ,上場ETF（管理会社：WisdomTree、外国投資法人：MSL）に関する日々の開示事項
2026-09-01,16730,銀ＥＴＦ,令和8年12月期 中間決算短信（令和8年1月1日～令和8年6月30日)
2026-09-01,16740,プラチナＥＴＦ,令和8年12月期 中間決算短信（令和8年1月1日～令和8年6月30日)
2026-09-01,16750,パラジＥＴＦ,令和8年12月期 中間決算短信（令和8年1月1日～令和8年6月30日)
2026-09-01,16760,キンゾクＥＴＦ,令和8年12月期 中間決算短信（令和8年1月1日～令和8年6月30日)
2026-09-01,16840,商品ＥＴＦ,令和8年12月期 中間決算短信（令和8年1月1日～令和8年6月30日)
2026-09-01,16850,エナジーＥＴＦ,令和8年12月期 中間決算短信（令和8年1月1日～令和8年6月30日)
2026-09-01,16860,メタルＥＴＦ,令和8年12月期 中間決算短信（令和8年1月1日～令和8年6月30日)
2026-09-01,16870,アグリＥＴＦ,令和8年12月期 中間決算短信（令和8年1月1日～令和8年6月30日)
2026-09-01,16880,穀物ＥＴＦ,令和8年12月期 中間決算短信（令和8年1月1日～令和8年6月30日)
2026-09-01,16890,ガスＥＴＦ,令和8年12月期 中間決算短信（令和8年1月1日～令和8年6月30日)
2026-09-01,16900,原油ＥＴＦ,令和8年12月期 中間決算短信（令和8年1月1日～令和8年6月30日)
2026-09-01,16910,ガソリンＥＴＦ,令和8年12月期 中間決算短信（令和8年1月1日～令和8年6月30日)
2026-09-01,16920,アルミＥＴＦ,令和8年12月期 中間決算短信（令和8年1月1日～令和8年6月30日)
2026-09-01,16930,銅ＥＴＦ,令和8年12月期 中間決算短信（令和8年1月1日～令和8年6月30日)
2026-09-01,16940,ニッケルＥＴＦ,令和8年12月期 中間決算短信（令和8年1月1日～令和8年6月30日)
2026-09-01,16950,小麦ＥＴＦ,令和8年12月期 中間決算短信（令和8年1月1日～令和8年6月30日)
2026-09-01,16960,コーンＥＴＦ,令和8年12月期 中間決算短信（令和8年1月1日～令和8年6月30日)
2026-09-01,16970,大豆ＥＴＦ,令和8年12月期 中間決算短信（令和8年1月1日～令和8年6月30日)
2026-09-01,17160,第一カッター,自己株式の取得状況に関するお知らせ
2026-09-01,186A0,Ｇ－アストロスケール,日本連結子会社におけるIsar Aerospaceとの打上げ契約締結に関するお知らせ
2026-09-01,18990,福田組,自己株式の取得状況及び取得終了に関するお知らせ
2026-09-01,190A0,Ｇ－Ｃｈｏｒｄｉａ,第９回新株予約権（行使価額修正条項付）の月間行使状況に関するお知らせ
2026-09-01,19510,エクシオグループ,自己株式の取得状況に関するお知らせ
2026-09-01,19610,三機工,自己株式の取得状況に関するお知らせ
2026-09-01,19790,大気社,自己株式の取得状況に関するお知らせ
2026-09-01,20704,Ｎ－三菱ＵＦＪ証ＨＤ,上場ETN（発行者：三菱UFJ証券ホールディングス株式会社）に関する日々の開示事項
2026-09-01,208A0,構造計画ＨＤ,自己株式の取得状況に関するお知らせ
2026-09-01,212A0,フィットイージー,2026年10月期 ８月度 主要KPI（会員数及び店舗数）についてのお知らせ
2026-09-01,21640,地域新聞社,第11回新株予約権（行使価額修正条項付）の月間行使状況に関するお知らせ
2026-09-01,21700,ＬＩＮＫ＆Ｍ,自己株式の取得結果及び取得終了に関するお知らせ
2026-09-01,22820,日ハム,自己株式の取得状況に関するお知らせ
2026-09-01,23010,学情,自己株式の取得状況に関するお知らせ
2026-09-01,23380,クオンタムＳ,第三者割当による第13回新株予約権（行使価額修正条項付）の月間行使状況に関するお知らせ
2026-09-01,23380,クオンタムＳ,連結子会社における暗号資産（ETH及びBTC）の売却並びに売却益の計上に関するお知らせ
2026-09-01,23530,日駐,自己株式の取得状況に関するお知らせ
2026-09-01,23700,Ｇ－ＭＤＮＴ,第三者割当による第20回新株予約権（行使価額修正条項付）の月間行使状況に関するお知らせ
2026-09-01,24110,ゲンダイＡＧ,自己株式の取得状況に関するお知らせ
2026-09-01,24130,エムスリー,自己株式の取得状況に関するお知らせ (会社法第459条第1項の規定による定款の定めに基づく自己株式の取得)
2026-09-01,24770,手間いらず,自己株式の取得状況に関するお知らせ
2026-09-01,24990,日本和装,自己株式の取得状況に関するお知らせ
2026-09-01,25860,Ｇ－フルッタフルッタ,第三者割当による第14回新株予約権（行使価額修正条項付）の月間行使状況に関するお知らせ
2026-09-01,25930,伊藤園,2027年４月期 第１四半期決算短信〔日本基準〕（連結）
2026-09-01,25930,伊藤園,2027年4月期 第1四半期決算補足説明資料
2026-09-01,26120,かどや製油,一部報道について
2026-09-01,265A0,Ｇ－エイチエムコム,（開示事項の経過）コラボテクノ株式会社との技術PMI進捗および「AI-FDE高度化プロジェクト」開始に関するお知らせ
2026-09-01,26780,アスクル,譲渡制限付株式報酬としての自己株式の処分の払込完了に関するお知らせ
2026-09-01,27210,ＪＨＤ,第三者割当により発行された第10回新株予約権（行使価額修正条項付）の月間行使状況に関するお知らせ
2026-09-01,27260,パルグループＨＤ,（開示事項の経過）自己株式の取得状況及び取得終了に関するお知らせ
2026-09-01,27620,ＳＡＮＫＯ ＭＦ,第三者割当により発行された第３回無担保転換社債型新株予約権付社債及び第８回新株予約権の月間転換・行使状況に関するお知らせ
2026-09-01,278A0,Ｇ－テラドローン,行使価額修正条項付新株予約権の月間行使状況に関するお知らせ
2026-09-01,28090,キユーピー,自己株式の取得状況(途中経過)に関するお知らせ
2026-09-01,28150,アリアケ,自己株式の取得状況に関するお知らせ
2026-09-01,281A0,Ｇ－インフォメティス,第三者割当によるインフォメティス株式会社 第10回新株予約権（行使価額修正条項付）の月間行使状況に関するお知らせ
2026-09-01,286A0,Ｇ－ユカリア,自己株式の取得状況に関するお知らせ
2026-09-01,28750,東洋水産,自己株式の取得状況に関するお知らせ
2026-09-01,291A0,Ｇ－リスキル,自己株式の取得状況に関するお知らせ
2026-09-01,29270,ＡＦＣ－ＨＤ,連結子会社株式会社さいか屋における株式の監理銘柄（確認中）指定に関するお知らせ
2026-09-01,30230,ラサ商事,自己株式の取得状況に関するお知らせ
2026-09-01,30630,Ｇ－ｊＧｒｏｕｐ,第６回新株予約権（行使価額修正条項付）及び第７回新株予約権（行使価額修正条項付）の月間行使状況に関するお知らせ
2026-09-01,30640,ＭＲＯ,自己株式の取得状況および取得終了に関するお知らせ
2026-09-01,30660,ＪＢイレブン,第三者割当による第７回新株予約権及び第８回新株予約権 （行使価額修正型新株予約権への転換権付）の月間行使状況に関するお知らせ
2026-09-01,30700,Ｇ－ジェリービーンズ,（変更）「（開示事項の経過）特別目的会社（SPC）設立に関するお知らせ」の一部変更に関するお知らせ
2026-09-01,30990,ミツコシイセタン,自己株式の取得状況（途中経過）に関するお知らせ
2026-09-01,31010,東洋紡,エルサルバドル子会社の固定資産の譲渡および特別利益の計上に関するお知らせ
2026-09-01,31030,ユニチカ,当社株式の所属業種変更のお知らせ
2026-09-01,31040,富士紡ＨＤ,当社株式の所属業種変更のお知らせ
2026-09-01,31050,日清紡ＨＤ,投資有価証券の一部売却及び特別利益計上の見込みに関するお知らせ
2026-09-01,31070,ダイワボＨＤ,自己株式の取得状況に関するお知らせ
2026-09-01,31210,マーチャント,自己株式取得に係る事項の進捗状況に関するお知らせ
2026-09-01,31510,バイタルＫＳＫ,自己株式の取得状況に関するお知らせ
2026-09-01,31670,ＴＯＫＡＩ ＨＤ,自己株式の取得状況に関するお知らせ
2026-09-01,31740,ハピネス＆Ｄ,第三者割当により発行された第14回新株予約権（行使価額修正条項付）の月間行使状況に関するお知らせ
2026-09-01,31890,ＡＮＡＰ,第三者割当により発行された第９回新株予約権（行使価額修正条項付）の月間行使状況に関するお知らせ
2026-09-01,32210,ヨシックスＨＤ,自己株式の取得状況に関するお知らせ （会社法第165条第２項の規定による定款の定めに基づく自己株式の取得）
2026-09-01,32260,Ｒ－三井不アコモ,特定関係法人の異動に関するお知らせ
2026-09-01,32830,Ｒ－プロロジ,自己投資口の取得状況に関するお知らせ
2026-09-01,329A0,Ｐ－ジール,組織変更及び取締役の管掌変更に関するお知らせ
2026-09-01,33000,Ｇ－アンビションＤＸ,特別損失の計上並びに決算短信等の一部訂正について
2026-09-01,33000,Ｇ－アンビションＤＸ,（訂正）「2026年６月期通期連結業績予想と実績値との差異に関するお知らせ」の一部訂正に関するお知らせ
2026-09-01,33000,Ｇ－アンビションＤＸ,（訂正・数値データ訂正）「2026年６月期 決算短信〔日本基準〕(連結)」の一部訂正について
2026-09-01,33000,Ｇ－アンビションＤＸ,（訂正）「2026年６月期 決算説明資料」の一部訂正に関するお知らせ
2026-09-01,33290,東和フード,2026年8月度売上高速報（前期対比）
2026-09-01,33500,メタプラネット,自己株式の取得状況に関するお知らせ
2026-09-01,33500,メタプラネット,第三者割当により発行された第27回新株予約権（行使価額修正条項、mNAV条項、下限行使価額修正条項及び行使停止条項付）の月間行使状況に関するお知らせ
2026-09-01,33710,ソフトクリエＨＤ,自己株式の市場買付に関するお知らせ
2026-09-01,34430,川田ＴＥＣＨ,自己株式の取得状況及び取得終了に関するお知らせ
2026-09-01,34800,ジェイ・エス・ビー,当社株式の上場廃止のお知らせ
2026-09-01,34860,グローバルリンクＭ,自己株式の取得状況に関するお知らせ
2026-09-01,34890,フェイスネットワーク,自己株式の取得状況に関するお知らせ
2026-09-01,34900,アズ企画設計,第三者割当による第７回新株予約権及び第８回新株予約権（行使価額修正条項選択権付）並びに第９回新株予約権（行使価額固定型）の月間行使状況に関するお知らせ
2026-09-01,350A0,Ｇ－デジタルグリッド,よくあるご質問とご回答（2026年５～７月）
2026-09-01,35510,ダイニック,自己株式の取得状況（途中経過）に関するお知らせ
2026-09-01,35570,Ｇ－Ｕ＆Ｃ,2026年８月度 月次報告
2026-09-01,35690,セーレン,自己株式取得状況に関するお知らせ
2026-09-01,35800,小松マテーレ,自己株式の取得状況に関するお知らせ
2026-09-01,36410,パピレス,自己株式の取得状況に関するお知らせ
2026-09-01,36470,アスリナ,主要株主の異動に関するお知らせ
2026-09-01,36600,アイスタイル,自己株式の取得状況に関するお知らせ
2026-09-01,36640,Ｇ－ＷＩＺＥ,第三者割当により発行された第39回新株予約権（行使価額修正条項付）の月間行使状況に関するお知らせ
2026-09-01,36670,ｅｎｉｓｈ,第三者割当により発行された第22回新株予約権（行使価額修正条項付）の月間行使状況に関するお知らせ
2026-09-01,36720,オルトプラス,第三者割当により発行された第11回新株予約権（行使価額修正条項付）の月間行使状況に関するお知らせ
2026-09-01,37190,ＡＩストーム,特別調査委員会の調査報告書受領に関するお知らせ
2026-09-01,37190,ＡＩストーム,第三者割当により発行された行使価額修正条項付第10回新株予約権の月間行使状況に関するお知らせ
2026-09-01,37580,アエリア,自己株式の取得状況に関するお知らせ
2026-09-01,37620,テクマト,自己株式の取得状況に関するお知らせ
2026-09-01,37720,ウェルス,不動産STOの組成にともなう不動産信託受益権の譲渡ならびにAM契約に関するお知らせ（開示事項の経過）
2026-09-01,37730,Ｇ－ＡＭＩ,自己株式の取得状況に関するお知らせ
2026-09-01,37750,ガイアックス,自己株式の取得状況に関するお知らせ
2026-09-01,38230,ＷＨＹ ＨＯＷ ＤＯ,第三者割当による第16回新株予約権（行使価額修正条項付）の月間行使状況に関するお知らせ
2026-09-01,38350,ｅＢＡＳＥ,配当方針の変更および配当予想の修正（初の中間配当実施）に関するお知らせ
2026-09-01,38360,アバントグループ,取締役に対する株式報酬制度の一部変更に関するお知らせ
2026-09-01,38630,日本紙,保有株式の売却に関するお知らせ（経過報告2）
2026-09-01,39010,マークラインズ,自己株式の取得状況に関するお知らせ
2026-09-01,39230,ラクス,投資有価証券売却益（特別利益）の計上見込みに関するお知らせ
2026-09-01,39400,ノムラシステム,自己株式の取得状況に関するお知らせ
2026-09-01,39510,朝日印刷,自己株式の取得状況に関するお知らせ
2026-09-01,39670,Ｇ－エルテス,投資有価証券売却益（特別利益）の計上に関するお知らせ
2026-09-01,39700,イノベーション,第三者割当による第８回及び第９回新株予約権（行使価額修正条項付）の月間行使状況に関するお知らせ
2026-09-01,39790,Ｇ－うるる,自己株式の取得状況に関するお知らせ
2026-09-01,39880,ＳＹＳＨＤ,連結子会社間の合併完了に関するお知らせ
2026-09-01,39930,ＰＫＳＨＡ,自己株式の取得状況に関するお知らせ
2026-09-01,40460,大阪ソーダ,自己株式の取得状況に関するお知らせ
2026-09-01,40740,Ｇ－ラキール,自己株式の取得状況に関するお知らせ
2026-09-01,40780,堺化学,自己株式の取得状況に関するお知らせ（会社法第459条第1項の規定による定款の定めに基づく自己株式の取得）
2026-09-01,40950,日パーカライ,自己株式の取得状況に関するお知らせ （会社法第165条第２項の規定による定款の定めに基づく自己株式の取得）
2026-09-01,40990,四国化成ＨＤ,株式の売出しに関するお知らせ
2026-09-01,40990,四国化成ＨＤ,自己株式取得に係る事項の決定に関するお知らせ
2026-09-01,41090,ステラケミファ,自己株式の取得状況に関するお知らせ
2026-09-01,41180,カネカ,自己株式の取得状況に関するお知らせ
2026-09-01,41650,Ｇ－プレイド,自己株式の取得状況に関するお知らせ
2026-09-01,41740,アピリッツ,非上場の親会社等の決算に関するお知らせ
2026-09-01,417A0,ブルーゾーンＨＤ,自己株式の取得状況に関するお知らせ
2026-09-01,42120,積水樹脂,投資有価証券の一部売却および特別利益計上の見込みに関するお知らせ
2026-09-01,42200,リケンテクノス,自己株式の取得状況に関するお知らせ
2026-09-01,42200,リケンテクノス,執行役員の人事異動に関するお知らせ
2026-09-01,42220,児玉化,自己株式の取得状況に関するお知らせ
2026-09-01,42460,ＤＮＣ,自己株式の取得状況に関するお知らせ
2026-09-01,42460,ＤＮＣ,（訂正）「社員持株会向け譲渡制限付株式インセンティブとしての自己株式の処分に関するお知らせ」の一部訂正について
2026-09-01,42750,カーリット,自己株式の取得状況に関するお知らせ
2026-09-01,42870,ジャストプラ,自己株式の取得状況に関するお知らせ
2026-09-01,43230,日本システム技術,自己株式の取得状況に関するお知らせ
2026-09-01,43260,インテージＨＤ,自己株式の取得状況に関するお知らせ（会社法第165条第2項の規定による定款の定めに基づく自己株式の取得）
2026-09-01,43810,Ｇ－ビープラッツ,第６回新株予約権、第１回無担保転換社債型新株予約権付社債及び第７回新株予約権（行使価額修正条項付）の月間行使状況に関するお知らせ
2026-09-01,43810,Ｇ－ビープラッツ,主要株主の異動に関するお知らせ
2026-09-01,44030,日油,自己株式の取得状況に関するお知らせ
2026-09-01,44040,ミヨシ油脂,自己株式の取得状況に関するお知らせ
2026-09-01,44130,ボードルア,（訂正）「ＭＢＯの実施及び応募の推奨に関するお知らせ」の一部訂正に関するお知らせ
2026-09-01,44200,イーソル,ＭＢＯの実施及び応募の推奨に関するお知らせ
2026-09-01,44200,イーソル,株式会社BCJ-110によるイーソル株式会社（証券コード：4420）の普通株式に対する公開買付けの開始に関するお知らせ
2026-09-01,44200,イーソル,2026年12月期 通期業績予想の修正に関するお知らせ
2026-09-01,44200,イーソル,2026年12月期の期末配当予想の修正（無配）に関するお知らせ
2026-09-01,44320,ウイングアーク,自己株式の取得状況に関するお知らせ
2026-09-01,44450,Ｇ－リビンＴ,自己株式の取得状況に関するお知らせ
2026-09-01,44790,Ｇ－マクアケ,通期業績予想の修正に関するお知らせ
2026-09-01,45260,理研ビタミン,自己株式の取得状況に関するお知らせ
2026-09-01,45270,ロート薬,自己株式の取得状況に関するお知らせ
2026-09-01,45340,持田薬,自己株式の取得状況に関するお知らせ
2026-09-01,45400,ツムラ,養命酒製造株式会社の株式取得完了に関するお知らせ（開示事項の経過報告）
2026-09-01,45440,ＨＵグループＨＤ,自己株式の取得状況に関するお知らせ
2026-09-01,45630,Ｇ－アンジェス,行使価額修正条項付新株予約権の月間行使状況に関するお知らせ
2026-09-01,45630,Ｇ－アンジェス,第２回無担保社債（私募債）の償還完了に関するお知らせ
2026-09-01,45710,Ｇ－ＮＡＮＯ,第22回新株予約権（行使価額修正条項付）の月間行使状況に関するお知らせ
2026-09-01,45760,Ｇ－ＤＷＴＩ,第13回新株予約権（行使価額修正条項付）の月間行使状況に関するお知らせ
2026-09-01,45780,大塚ＨＤ,自己株式の取得状況に関するお知らせ
2026-09-01,45860,Ｇ－メドレック,第三者割当により発行された第35回新株予約権(行使価額修正条項付)の月間行使状況に関するお知らせ
2026-09-01,45980,Ｇ－ＤＥＬＴＡ－Ｐ,第三者割当により発行された第12回新株予約権（行使価額修正条項付）の月間行使状況に関するお知らせ
2026-09-01,45980,Ｇ－ＤＥＬＴＡ－Ｐ,第三者割当により発行された第12回新株予約権（行使価額修正条項付）の大量行使に関するお知らせ
2026-09-01,46260,太陽ＨＤ,投資有価証券の売却及び特別利益計上の見込みに関するお知らせ
2026-09-01,46350,東インキ,自己株式の取得状況に関するお知らせ
2026-09-01,46740,クレスコ,自己株式の取得状況に関するお知らせ（会社法第459条第1項の規定による当社定款の定めに基づく自己株式の取得）
2026-09-01,46840,オービック,自己株式の取得状況に関するお知らせ
2026-09-01,47090,ＩＤホールディングス,自己株式の取得状況に関するお知らせ（会社法第165条第２項の規定による定款の定めに基づく自己株式の取得）
2026-09-01,471A0,ＮＳグループ,自己株式の取得結果及び取得終了に関するお知らせ
2026-09-01,47500,ダイサン,2027年４月期 第１四半期決算短信〔日本基準〕（連結）
2026-09-01,47500,ダイサン,2027年４月期 第１四半期 決算補足説明資料
2026-09-01,48390,ＷＯＷＯＷ,株主優待制度の変更に関するお知らせ
2026-09-01,48400,トライアイズ,第17回新株予約権（行使価額修正条項付）の月間行使状況に関するお知らせ
2026-09-01,48450,スカラ,（開示事項の経過）株式会社テラの株式取得（子会社化)完了に関するお知らせ
2026-09-01,48480,フルキャストＨＤ,自己株式の取得状況（途中経過）に関するお知らせ
2026-09-01,48830,Ｇ－モダリス,第三者割当により発行された第19回新株予約権（行使価額修正条項付）の月間行使状況に関するお知らせ
2026-09-01,48840,Ｇ－クリングル,岐阜大学医学部とのHGFの特発性大腿骨頭壊死症への応用に関する研究課題がAMED事業に採択されました
2026-09-01,48910,Ｇ－ティムス,第10回新株予約権（行使価額修正条項付）の月間行使状況に関するお知らせ
2026-09-01,48940,Ｇ－クオリプス,リハートの保険収載に関するお知らせ
2026-09-01,49190,ミルボン,自己株式の取得状況に関するお知らせ
2026-09-01,50200,ＥＮＥＯＳ,自己株式の取得状況（途中経過）に関するお知らせ
2026-09-01,50260,Ｇ－トリプルアイズ,トリプルアイズ、上級執行役員1名・執行役員1名が就任 事業成長のスピードを高める新体制へ
2026-09-01,51080,ブリヂス,自己株式の取得状況及び取得終了並びに自己株式の消却に関するお知らせ
2026-09-01,51220,オカモト,自己株式取得状況（途中経過）に関するお知らせ
2026-09-01,51290,Ｇ－ＦＩＸＥＲ,2026年8月期 通期連結業績予想の修正に関するお知らせ
2026-09-01,51330,テリロジーＨＤ,自己株式の取得状況及び取得終了に関するお知らせ
2026-09-01,51840,ニチリン,自己株式取得状況に関するお知らせ
2026-09-01,51920,三星ベルト,自己株式の取得状況に関するお知らせ_
2026-09-01,51950,バンドー化,自己株式の取得状況に関するお知らせ
2026-09-01,52140,日電硝,自己株式の取得状況に関するお知らせ
2026-09-01,52160,倉元,第９回新株予約権（固定行使価額型）の行使状況に関するお知らせ
2026-09-01,524A0,Ｐ－田村ビルズＧ,（訂正）「支配株主等に関する事項について」の一部訂正について
2026-09-01,52730,三谷セキサン,自己株式の取得状況に関するお知らせ
2026-09-01,52800,ヨシコン,自己株式の市場買付けに関するお知らせ
2026-09-01,52900,ベルテクス,自己株式の取得状況に関するお知らせ
2026-09-01,53410,ＡＳＡＨＩ ＥＩＴＯ,第三者割当により発行された第12回新株予約権（行使価額修正条項付）の月間行使状況に関するお知らせ
2026-09-01,53800,新東,自己株式の取得状況に関するお知らせ
2026-09-01,54230,東製鉄,自己株式の取得状況に関するお知らせ
2026-09-01,54630,丸一鋼管,自己株式の取得状況に関するお知らせ
2026-09-01,546A0,ＭＩＲＡＩＮＩ,2027年３月期第1四半期 決算補足資料
2026-09-01,55890,オートサーバー,2026年12月期8月度 ASNET取引台数実績（速報値）
2026-09-01,55920,Ｇ－くすりの窓口,自己株式取得状況に関するお知らせ（2026年8月度）
2026-09-01,57260,大阪チタ,発行価格及び売出価格等の決定に関するお知らせ
2026-09-01,58310,しずおかＦＧ,自己株式の取得状況に関するお知らせ
2026-09-01,58510,リョービ,自己株の取得状況に関するお知らせ
2026-09-01,585A4,Ｅ－ＪＡＭＰＦＭ,上場ETF（管理会社：JAMPファンド・マネジメント）に関する日々の開示事項
2026-09-01,587A4,Ｅ－インベスコＱＱＱ,インベスコQQQトラスト シリーズ1 に関する日々の開示事項
2026-09-01,59010,洋缶ＨＤ,自己株式の取得状況に関するお知らせ（会社法第165条第2項の規定による定款の定めに基づく自己株式の取得）
2026-09-01,590A0,ギフティグループ,自己株式の取得状況（途中経過）に関するお知らせ
2026-09-01,59290,三和ＨＤ,自己株式の取得状況に関するお知らせ
2026-09-01,59330,アルインコ,自己株式の取得状況に関するお知らせ（会社法第459条第1項第1号の規定による定款の定めに基づく自己株式の取得）
2026-09-01,59430,ノーリツ,自己株式の取得状況（途中経過）に関するお知らせ
2026-09-01,60270,弁護士ドットコム,自己株式の取得状況に関するお知らせ（会社法第459条第１項の規定による定款の定めに基づく自己株式の取得）
2026-09-01,60300,Ｇ－アドベンチャー,資本準備金の額の減少に関するお知らせ
2026-09-01,60310,Ｇ－ＺＥＴＡ,自己株式の取得状況に関するお知らせ
2026-09-01,60590,ウチヤマＨＤ,2027年３月期対前年比較月次速報
2026-09-01,60590,ウチヤマＨＤ,第三者割当による第２回及び第３回新株予約権（行使価額修正型新株予約権への転換権付）の月間行使状況に関するお知らせ
2026-09-01,60710,ＩＢＪ,株式会社 IBJ（結婚相談所事業）2026年8月KPIについて
2026-09-01,60820,ライドオンＥＸＨＤ,自己株式の取得状況に関するお知らせ
2026-09-01,60980,リクルートＨＤ,自己株式の取得状況について
2026-09-01,61350,牧野フライス,自己株式の取得状況に関するお知らせ（会社法第165条第２項の規定による定款の定めに基づく自己株式の取得）
2026-09-01,61940,アトラエ,自己株式の取得状況に関するお知らせ
2026-09-01,61990,セラク,自己株式の取得状況に関するお知らせ
2026-09-01,62680,ナブテスコ,自己株式の取得状況に関するお知らせ
2026-09-01,62720,レオン自機,自己株式の取得状況に関するお知らせ
2026-09-01,62730,ＳＭＣ,自己株式の取得状況に関するお知らせ
2026-09-01,62820,オイレス工,自己株式の取得状況に関するお知らせ
2026-09-01,63010,コマツ,自己株式の取得状況に関するお知らせ
2026-09-01,63020,住友重,自己株式の取得状況に関するお知らせ（会社法第165条第2項の規定による定款の定めに基づく自己株式の取得）
2026-09-01,63160,丸山製,自己株式の取得状況に関するお知らせ
2026-09-01,63160,丸山製,取締役および執行役員人事に関するお知らせ
2026-09-01,63370,テセック,自己株式の取得状況に関するお知らせ（会社法第459条第1項の規定による定款の定めに基づく自己株式の取得）
2026-09-01,63390,新東工,自己株式の取得状況に関するお知らせ
2026-09-01,63510,鶴見製,自己株式の取得状況に関するお知らせ
2026-09-01,63690,トーヨーカネツ,自己株式の取得状況に関するお知らせ
2026-09-01,63700,栗田工,自己株式の取得状況に関するお知らせ
2026-09-01,63710,椿本チエイン,自己株式の取得状況に関するお知らせ
2026-09-01,63790,レイズネクスト,自己株式の取得状況に関するお知らせ
2026-09-01,63800,オリチエン工業,第１回新株予約権の月間権利行使状況に関するお知らせ
2026-09-01,64130,理想科学,自己株式の取得状況に関するお知らせ
2026-09-01,64190,マースグループＨＤ,自己株式の取得状況に関するお知らせ
2026-09-01,64540,マックス,自己株式の取得状況に関するお知らせ
2026-09-01,64570,グローリー,自己株式の取得状況に関するお知らせ
2026-09-01,64630,ＴＰＲ,自己株式の取得状況に関するお知らせ
2026-09-01,64800,日トムソン,自己株式の取得状況および取得終了に関するお知らせ
2026-09-01,64950,宮入バル,第三者割当による行使価額修正条項付株式会社宮入バルブ製作所第３回新株予約権（停止要請条項付）の月間行使状況に関するお知らせ
2026-09-01,65170,デンヨー,自己株式の取得状況に関するお知らせ
2026-09-01,65210,Ｇ－オキサイド,譲渡制限付株式報酬としての新株式の発行の払込完了に関するお知らせ
2026-09-01,65570,Ｇ－ＡＩＡＩ,（開示事項の経過）ハビー株式会社の株式取得完了のお知らせ
2026-09-01,65570,Ｇ－ＡＩＡＩ,IRTV interviews説明資料（2026年９月放送予定）
2026-09-01,65600,ＬＴＳ,自己株式の取得状況に関するお知らせ
2026-09-01,65740,Ｇ－コンヴァノ,有償ストック・オプション（新株予約権）の発行に関するお知らせ
2026-09-01,65920,マブチモーター,自己株式の取得状況に関するお知らせ
2026-09-01,66150,ＵＭＣエレ,スタンダード市場への市場区分の変更承認及びプライム市場の上場維持基準への適合に向けた計画の取り下げに関するお知らせ
2026-09-01,66440,大崎電,自己株式の取得状況および取得終了に関するお知らせ
2026-09-01,66560,ＩＮＳＰＥＣ,第三者割当による第19回新株予約権（行使価額修正条項付）の月間行使状況に関するお知らせ
2026-09-01,66760,ＢＵＦＦＡＬＯ,自己株式の取得状況に関するお知らせ
2026-09-01,66990,ダイヤＨＤ,第三者割当により発行された第８回新株予約権（行使価額修正条項付）の月間行使状況に関するお知らせ
2026-09-01,67210,ウインテスト,第三者割当による第13回新株予約権（行使価額修正条項付）の月間行使状況に関するお知らせ
2026-09-01,67370,ＥＩＺＯ,自己株式の取得状況に関するお知らせ
2026-09-01,67630,帝通工,自己株式の取得状況に関するお知らせ
2026-09-01,68060,ヒロセ電,自己株式の取得状況に関するお知らせ
2026-09-01,68450,アズビル,自己株式の取得状況に関するお知らせ
2026-09-01,68530,共和電,自己株式の取得状況に関するお知らせ
2026-09-01,68620,ミナトＨＤ,自己株式の取得状況に関するお知らせ（会社法第165条第２項の規定による定款の定めに基づく自己株式の取得）
2026-09-01,68660,日置電,自己株式の取得状況に関するお知らせ
2026-09-01,69290,日セラミック,自己株式の取得状況に関するお知らせ
2026-09-01,70220,サノヤスＨＤ,従業員持株会向け譲渡制限付株式インセンティブとしての自己株式の処分の払込完了及び一部失権に関するお知らせ
2026-09-01,70830,Ｇ－ＡＨＣグループ,自己株式の取得状況に関するお知らせ
2026-09-01,71380,Ｇ－ＴＯＲＩＣＯ,第三者割当により発行された第11回新株予約権（行使価額修正条項及び行使停止条項付）の月間行使状況に関するお知らせ
2026-09-01,72130,レシップＨＤ,自己株式の取得状況（途中経過）に関するお知らせ
2026-09-01,72450,大同メタル,自己株式の取得状況及び取得終了に関するお知らせ
2026-09-01,72550,桜井製作,自己株式の取得状況に関するお知らせ
2026-09-01,72700,ＳＵＢＡＲＵ,自己株式の取得状況に関するお知らせ
2026-09-01,72760,小糸製,自己株式の取得状況に関するお知らせ
2026-09-01,72780,エクセディ,自己株式の取得状況に関するお知らせ
2026-09-01,72790,ハイレックス,自己株式の取得状況に関するお知らせ
2026-09-01,73090,シマノ,自己株式の取得状況に関するお知らせ
2026-09-01,73180,Ｇ－セレンディップ,自己株式の取得状況に関するお知らせ
2026-09-01,73250,Ｇ－アイリック,剰余金の配当（期末配当）に関するお知らせ
2026-09-01,73250,Ｇ－アイリック,定款一部変更に関するお知らせ
2026-09-01,73510,Ｇ－グッドパッチ,自己株式の取得状況に関するお知らせ
2026-09-01,74190,ノジマ,ヤマトクレジットファイナンス株式会社の子会社化完了並びに商号変更及び代表取締役の異動に関するお知らせ
2026-09-01,74190,ノジマ,自己株式の取得状況に関するお知らせ
2026-09-01,74350,ナ・デックス,自己株式の取得状況に関するお知らせ
2026-09-01,74470,ナガイレーベ,「内部統制基本方針」の一部改定に関するお知らせ
2026-09-01,74800,スズデン,2027年3月期8月度売上高推移速報についてのお知らせ（個別）
2026-09-01,75200,エコス,自己株式の取得状況（途中経過）に関するお知らせ
2026-09-01,75640,ワークマン,2027年３月期 月次前年比速報に関するお知らせ
2026-09-01,75780,ニチリョク,第４回新株予約権（行使価額修正条項付）の月間行使状況に関するお知らせ
2026-09-01,75780,ニチリョク,代表取締役の職務兼務の変更及び取締役の辞任に関するお知らせ
2026-09-01,76060,Ｕアローズ,自己株式の取得結果および取得終了並びに消却株式数に関するお知らせ
2026-09-01,76430,ダイイチ,2026年９月期８月度の売上高前年比に関するお知らせ
2026-09-01,76740,Ｇ－ＮＡＴＴＹＨＤ,行使価額修正条項付第３回及び第４回新株予約権（停止指定条項付）の月間行使状況に関するお知らせ
2026-09-01,76830,ダブルエー,2027年１月期８月度単体月次概況（速報）のお知らせ
2026-09-01,76860,ひとまいる,第３回新株予約権（行使価額修正条項付）の月間行使状況に関するお知らせ
2026-09-01,77410,ＨＯＹＡ,自己株式の取得状況に関するお知らせ
2026-09-01,77760,Ｇ－セルシード,第25回新株予約権（行使価額修正条項付）の月間行使状況に関するお知らせ
2026-09-01,77940,Ｇ－イーディーピー,行使価額修正条項付新株予約権の月間行使状況に関するお知らせ
2026-09-01,78030,Ｇ－ブシロード,自己株式の取得状況に関するお知らせ
2026-09-01,78650,ピープル,2027年１月期第２四半期（中間期）決算短信〔日本基準〕(非連結)
2026-09-01,78650,ピープル,ピープル株式会社 2027年1月期７月度 月次業績ハイライト
2026-09-01,79110,ＴＯＰＰＡＮ ＨＤ,自己株式の取得状況に関するお知らせ
2026-09-01,79120,大日印,自己株式の取得状況に関するお知らせ
2026-09-01,79380,リーガル,自己株式の取得状況に関するお知らせ
2026-09-01,79460,光陽社,自己株式の取得状況に関するお知らせ
2026-09-01,79570,フジコピアン,第三者割当による第２回新株予約権（行使価額修正条項付）の月間行使状況に関するお知らせ
2026-09-01,79660,リンテック,売出価格等の決定に関するお知らせ
2026-09-01,79810,タカラスタン,自己株式の取得状況に関するお知らせ
2026-09-01,79880,ニフコ,自己株式立会外買付取引（ToSTNeT-3）による自己株式の取得結果に関するお知らせ
2026-09-01,80020,丸紅,自己株式の取得状況に関するお知らせ
2026-09-01,80310,三井物産,自己株式の取得状況（途中経過）
2026-09-01,80320,紙パル商,自己株式の取得状況に関するお知らせ
2026-09-01,80510,山善,自己株式の取得状況に関するお知らせ
2026-09-01,80530,住友商,自己株式の取得状況に関するお知らせ
2026-09-01,80590,第一実業,自己株式の取得状況および取得終了に関するお知らせに関するお知らせ
2026-09-01,80610,西華産,自己株式の取得結果及び取得終了に関するお知らせ
2026-09-01,80780,阪和興,自己株式の取得状況に関するお知らせ
2026-09-01,80930,極東貿易,自己株式の取得状況に関するお知らせ
2026-09-01,81010,ＧＳＩクレオス,自己株式の取得状況に関するお知らせ
2026-09-01,81630,ＳＲＳＨＤ,組織機構改革、および人事異動に関するお知らせ
2026-09-01,81740,日瓦斯,自己株式の取得状況（途中経過）に関するお知らせ
2026-09-01,82180,コメリ,自己株式の取得状況に関するお知らせ
2026-09-01,82370,松屋,2026年8月売上速報
2026-09-01,82420,Ｈ２Ｏリテイル,自己株式の取得状況に関するお知らせ （会社法第459条第1項の規定による定款の定めに基づく自己株式の取得）
2026-09-01,82470,大和,連結子会社の異動（株式譲渡）及び債権譲渡に関するお知らせ
2026-09-01,82520,丸井Ｇ,自己株式の取得状況（途中経過）に関するお知らせ
2026-09-01,83080,りそなＨＤ,自己株式の取得状況に関するお知らせ
2026-09-01,83440,山形銀,自己株式の取得状況および取得終了に関するお知らせ
2026-09-01,83770,ほくほく,自己株式の取得状況に関するお知らせ
2026-09-01,83810,山陰合銀,自己株式の取得状況および取得終了に関するお知らせ
2026-09-01,84110,みずほ,自己株式の取得状況に関するお知らせ
2026-09-01,85080,Ｊトラスト,自己株式の取得状況に関するお知らせ
2026-09-01,85110,日証金,貸借取引貸付金・貸付有価証券等の平均残高のお知らせ
2026-09-01,85620,福島銀,債権の取立不能又は取立遅延のおそれに関するお知らせ
2026-09-01,85930,三菱ＨＣキャピタル,執行役員の異動に関するお知らせ
2026-09-01,86170,光世証,自己株式の取得状況に関するお知らせ
2026-09-01,86280,松井証,2026年8月の月間売買実績・取引口座数等（速報値）のお知らせ
2026-09-01,87420,小林洋行,自己株式の取得状況に関するお知らせ
2026-09-01,87470,豊トラスティ証券,連結総資産の減少に関するお知らせ
2026-09-01,87830,ａｂｃ,暗号資産ディーリング事業の撤退に伴う保有暗号資産の売却完了に関するお知らせ
2026-09-01,87830,ａｂｃ,第20回新株予約権（行使価額修正条項付）の月間行使状況に関するお知らせ
2026-09-01,87890,フィンテック,自己株式の取得状況に関するお知らせ
2026-09-01,87950,Ｔ＆ＤＨＤ,自己株式の取得状況に関するお知らせ（会社法第459条第１項の規定による定款の定めに基づく自己株式の取得）
2026-09-01,88020,三菱地所,自己株式の取得状況に関するお知らせ
2026-09-01,88940,ＲＥＶＯＬＵＴＩＯＮ,社内調査委員会の調査報告書受領に関するお知らせ
2026-09-01,89120,エリアクエスト,自己株式の取得及び自己株式立会外買付取引（ToSTNeT-3）による自己株式の買付けに関するお知らせ
2026-09-01,89270,明豊エンター,2026年8月 月次仕入及び販売に関するお知らせ
2026-09-01,89520,Ｒ－ジャパン,コミットメントラインの契約期限の延長に関するお知らせ
2026-09-01,89640,Ｒ－三井不商業,資金の借入及び返済に関するお知らせ
2026-09-01,89670,Ｒ－ニホンロジ,自己の投資口の取得状況に関するお知らせ
2026-09-01,89750,Ｒ－いちごオフィス,自己投資口取得状況のお知らせ
2026-09-01,90070,小田急,自己株式の取得状況に関するお知らせ
2026-09-01,90360,東部ネット,自己株式の取得状況に関するお知らせ
2026-09-01,91070,川崎船,自己株式の取得状況に関するお知らせ
2026-09-01,92230,Ｇ－ＡＳＮＯＶＡ,株式会社ASNOVA Companiesの新規上場承認に関するお知らせ
2026-09-01,92290,サンウェルズ,希望退職者の募集に関するお知らせ
2026-09-01,92430,Ｐ－富士テクノＨＤ,公認会計士等の異動に関するお知らせ
2026-09-01,92720,Ｇ－ブティックス,自己株式の取得状況に関するお知らせ
2026-09-01,92740,ＫＰＰグループＨＤ,自己株式の取得状況に関するお知らせ
2026-09-01,93030,住友倉,自己株式の取得状況に関するお知らせ
2026-09-01,93100,トランスシティ,自己株式の取得状況に関するお知らせ
2026-09-01,93640,上組,自己株式の取得状況に関するお知らせ
2026-09-01,93990,ビート,第三者割当による行使価額修正条項付新株予約権の月間行使状況に関するお知らせ
2026-09-01,94010,ＴＢＳＨＤ,自己株式の取得状況に関するお知らせ
2026-09-01,94320,ＮＴＴ,自己株式の取得状況に関するお知らせ
2026-09-01,94350,光通信,自己株式の取得状況に関するお知らせ
2026-09-01,94360,沖縄セルラー,自己株式の取得状況に関するお知らせ
2026-09-01,95030,関西電力,美浜発電所３号機の定期検査工程について
2026-09-01,95070,四国電力,自己株式の取得状況に関するお知らせ（会社法第１６５条第２項の規定による定款の定めに基づく自己株式の取得）
2026-09-01,95080,九州電力,キューデンホールディングス株式会社の新規上場承認に関するお知らせ
2026-09-01,95560,Ｇ－ＩＮＴＬＯＯＰ,自己株式の取得状況に関するお知らせ
2026-09-01,95580,Ｇ－ジャパニアス,自己株式の取得状況に関するお知らせ
2026-09-01,95650,Ｇ－ＧＬＯＥ,取締役候補者の選任に関するお知らせ
2026-09-01,96210,建設技研,自己株式の取得状況に関するお知らせ
2026-09-01,96780,カナモト,自己株式の取得状況（途中経過）に関するお知らせ
2026-09-01,96820,ＤＴＳ,自己株式の取得状況に関するお知らせ
2026-09-01,96840,スクエニＨＤ,本日の一部報道について
2026-09-01,96990,ニシオＨＤ,自己株式の取得状況に関するお知らせ
2026-09-01,97350,セコム,自己株式の取得状況に関するお知らせ
2026-09-01,97590,ＮＳＤ,自己株式の取得状況に関するお知らせ
2026-09-01,97650,オオバ,自己株式の取得状況に関するお知らせ
2026-09-01,97800,ハリマビステム,自己株式の取得状況に関するお知らせ
2026-09-01,97990,旭情報,（開示事項の経過）株式会社スィンクの株式取得（子会社化）完了のお知らせ
2026-09-01,98240,泉州電業,自己株式取得状況に関するお知らせ
2026-09-01,98670,ソレキア,（訂正）「監査役の辞任に関するお知らせ」の一部訂正について
2026-09-01,98670,ソレキア,監査役の辞任に関するお知らせ
2026-09-01,98780,セキド,第三者割当により発行された第18回新株予約権（行使価額修正条項及び行使停止条項付）の月間行使状況に関するお知らせ
2026-09-01,98890,ＪＢＣＣ ＨＤ,自己株式の取得状況及び取得終了に関するお知らせ
2026-09-01,99360,王将フード,2026年8月 月次売上高（速報版）
2026-09-01,99590,アシードＨＤ,株式の立会外分売終了に関するお知らせ
2026-09-01,99620,ミスミＧ,自己株式の取得状況に関するお知らせ
